Copyright 1986-2022 Xilinx, Inc. All Rights Reserved. Copyright 2022-2024 Advanced Micro Devices, Inc. All Rights Reserved.
---------------------------------------------------------------------------------------------------------------------------------------------
| Tool Version : Vivado v.2024.2 (win64) Build 5239630 Fri Nov 08 22:35:27 MST 2024
| Date         : Thu May 14 02:19:30 2026
| Host         : DESKTOP-88SD8FS running 64-bit major release  (build 9200)
| Command      : report_control_sets -verbose -file top_level_control_sets_placed.rpt
| Design       : top_level
| Device       : xc7z020
---------------------------------------------------------------------------------------------------------------------------------------------

Control Set Information

Table of Contents
-----------------
1. Summary
2. Histogram
3. Flip-Flop Distribution
4. Detailed Control Set Information

1. Summary
----------

+----------------------------------------------------------+-------+
|                          Status                          | Count |
+----------------------------------------------------------+-------+
| Total control sets                                       |  1631 |
|    Minimum number of control sets                        |  1631 |
|    Addition due to synthesis replication                 |     0 |
|    Addition due to physical synthesis replication        |     0 |
| Unused register locations in slices containing registers |   561 |
+----------------------------------------------------------+-------+
* Control sets can be merged at opt_design using control_set_merge or merge_equivalent_drivers
** Run report_qor_suggestions for automated merging and remapping suggestions


2. Histogram
------------

+--------------------+-------+
|       Fanout       | Count |
+--------------------+-------+
| Total control sets |  1631 |
| >= 0 to < 4        |    14 |
| >= 4 to < 6        |    16 |
| >= 6 to < 8        |     3 |
| >= 8 to < 10       |  1031 |
| >= 10 to < 12      |     0 |
| >= 12 to < 14      |     5 |
| >= 14 to < 16      |   289 |
| >= 16              |   273 |
+--------------------+-------+
* Control sets can be remapped at either synth_design or opt_design


3. Flip-Flop Distribution
-------------------------

+--------------+-----------------------+------------------------+-----------------+--------------+
| Clock Enable | Synchronous Set/Reset | Asynchronous Set/Reset | Total Registers | Total Slices |
+--------------+-----------------------+------------------------+-----------------+--------------+
| No           | No                    | No                     |             405 |          112 |
| No           | No                    | Yes                    |              27 |            9 |
| No           | Yes                   | No                     |              91 |           51 |
| Yes          | No                    | No                     |             220 |           57 |
| Yes          | No                    | Yes                    |               0 |            0 |
| Yes          | Yes                   | No                     |           17200 |         6521 |
+--------------+-----------------------+------------------------+-----------------+--------------+


4. Detailed Control Set Information
-----------------------------------

+--------------------------------------------------------------------+--------------------------------------------------------------------------------------------------------------------------------------------------------------------------------------+-----------------------------------------------------------------------------------------------------------------------------------------+------------------+----------------+--------------+
|                            Clock Signal                            |                                                                                     Enable Signal                                                                                    |                                                             Set/Reset Signal                                                            | Slice Load Count | Bel Load Count | Bels / Slice |
+--------------------------------------------------------------------+--------------------------------------------------------------------------------------------------------------------------------------------------------------------------------------+-----------------------------------------------------------------------------------------------------------------------------------------+------------------+----------------+--------------+
|  design_1_wrapper_i/design_1_i/processing_system7_0/inst/FCLK_CLK0 |                                                                                                                                                                                      | design_1_wrapper_i/design_1_i/axi_smc/inst/s00_nodes/s00_r_node/inst/s_sc_areset_pipe                                                   |                1 |              1 |         1.00 |
|  design_1_wrapper_i/design_1_i/processing_system7_0/inst/FCLK_CLK0 |                                                                                                                                                                                      | design_1_wrapper_i/design_1_i/axi_smc/inst/s00_nodes/s00_w_node/inst/s_sc_areset_pipe                                                   |                1 |              1 |         1.00 |
|  design_1_wrapper_i/design_1_i/processing_system7_0/inst/FCLK_CLK0 |                                                                                                                                                                                      | design_1_wrapper_i/design_1_i/axi_smc/inst/s00_nodes/s00_ar_node/inst/s_sc_areset_pipe                                                  |                1 |              1 |         1.00 |
|  design_1_wrapper_i/design_1_i/processing_system7_0/inst/FCLK_CLK0 |                                                                                                                                                                                      | design_1_wrapper_i/design_1_i/axi_smc/inst/s00_nodes/s00_aw_node/inst/s_sc_areset_pipe                                                  |                1 |              1 |         1.00 |
|  design_1_wrapper_i/design_1_i/processing_system7_0/inst/FCLK_CLK0 |                                                                                                                                                                                      | design_1_wrapper_i/design_1_i/axi_smc/inst/s00_nodes/s00_b_node/inst/s_sc_areset_pipe                                                   |                1 |              1 |         1.00 |
|  design_1_wrapper_i/design_1_i/processing_system7_0/inst/FCLK_CLK0 |                                                                                                                                                                                      | design_1_wrapper_i/design_1_i/axi_smc/inst/s00_nodes/s00_w_node/inst/s_sc_xpm_cdc_async_rst_inst/reset_pol                              |                1 |              3 |         3.00 |
|  design_1_wrapper_i/design_1_i/processing_system7_0/inst/FCLK_CLK0 |                                                                                                                                                                                      | design_1_wrapper_i/design_1_i/axi_smc/inst/m00_exit_pipeline/m00_exit/inst/xpm_cdc_async_rst_inst/reset_pol                             |                1 |              3 |         3.00 |
|  design_1_wrapper_i/design_1_i/processing_system7_0/inst/FCLK_CLK0 |                                                                                                                                                                                      | design_1_wrapper_i/design_1_i/axi_smc/inst/s00_nodes/s00_r_node/inst/s_sc_xpm_cdc_async_rst_inst/reset_pol                              |                1 |              3 |         3.00 |
|  design_1_wrapper_i/design_1_i/processing_system7_0/inst/FCLK_CLK0 |                                                                                                                                                                                      | design_1_wrapper_i/design_1_i/axi_smc/inst/s00_entry_pipeline/s00_transaction_regulator/inst/xpm_cdc_async_rst_inst/reset_pol           |                1 |              3 |         3.00 |
|  design_1_wrapper_i/design_1_i/processing_system7_0/inst/FCLK_CLK0 |                                                                                                                                                                                      | design_1_wrapper_i/design_1_i/axi_smc/inst/s00_entry_pipeline/s00_mmu/inst/xpm_cdc_async_rst_inst/reset_pol                             |                1 |              3 |         3.00 |
|  design_1_wrapper_i/design_1_i/processing_system7_0/inst/FCLK_CLK0 |                                                                                                                                                                                      | design_1_wrapper_i/design_1_i/axi_smc/inst/s00_entry_pipeline/s00_si_converter/inst/xpm_cdc_async_rst_inst/reset_pol                    |                1 |              3 |         3.00 |
|  design_1_wrapper_i/design_1_i/processing_system7_0/inst/FCLK_CLK0 |                                                                                                                                                                                      | design_1_wrapper_i/design_1_i/axi_smc/inst/s00_nodes/s00_ar_node/inst/s_sc_xpm_cdc_async_rst_inst/reset_pol                             |                1 |              3 |         3.00 |
|  design_1_wrapper_i/design_1_i/processing_system7_0/inst/FCLK_CLK0 |                                                                                                                                                                                      | design_1_wrapper_i/design_1_i/axi_smc/inst/s00_nodes/s00_aw_node/inst/s_sc_xpm_cdc_async_rst_inst/reset_pol                             |                1 |              3 |         3.00 |
|  design_1_wrapper_i/design_1_i/processing_system7_0/inst/FCLK_CLK0 |                                                                                                                                                                                      | design_1_wrapper_i/design_1_i/axi_smc/inst/s00_nodes/s00_b_node/inst/s_sc_xpm_cdc_async_rst_inst/reset_pol                              |                1 |              3 |         3.00 |
|  design_1_wrapper_i/design_1_i/processing_system7_0/inst/FCLK_CLK0 |                                                                                                                                                                                      | design_1_wrapper_i/design_1_i/axi_smc/inst/clk_map/psr_aclk/U0/EXT_LPF/lpf_int                                                          |                1 |              4 |         4.00 |
|  design_1_wrapper_i/design_1_i/processing_system7_0/inst/FCLK_CLK0 | qkv_projector_i/CEA2                                                                                                                                                                 | design_1_wrapper_i/rst                                                                                                                  |                1 |              4 |         4.00 |
|  design_1_wrapper_i/design_1_i/processing_system7_0/inst/FCLK_CLK0 | load_col[3]_i_2_n_0                                                                                                                                                                  | design_1_wrapper_i/qkv_start_reg[0]                                                                                                     |                1 |              4 |         4.00 |
|  design_1_wrapper_i/design_1_i/processing_system7_0/inst/FCLK_CLK0 |                                                                                                                                                                                      | design_1_wrapper_i/design_1_i/rst_ps7_0_100M/U0/EXT_LPF/lpf_int                                                                         |                1 |              4 |         4.00 |
|  design_1_wrapper_i/design_1_i/processing_system7_0/inst/FCLK_CLK0 | attention_output_i/col_j[3]_i_1__0_n_0                                                                                                                                               | design_1_wrapper_i/rst                                                                                                                  |                1 |              4 |         4.00 |
|  design_1_wrapper_i/design_1_i/processing_system7_0/inst/FCLK_CLK0 | attention_output_i/E[0]                                                                                                                                                              | design_1_wrapper_i/rst                                                                                                                  |                1 |              4 |         4.00 |
|  design_1_wrapper_i/design_1_i/processing_system7_0/inst/FCLK_CLK0 | attention_output_i/row_i[3]_i_1__0_n_0                                                                                                                                               | design_1_wrapper_i/rst                                                                                                                  |                1 |              4 |         4.00 |
|  design_1_wrapper_i/design_1_i/processing_system7_0/inst/FCLK_CLK0 | load_row[3]_i_2_n_0                                                                                                                                                                  | design_1_wrapper_i/SR[0]                                                                                                                |                1 |              4 |         4.00 |
|  design_1_wrapper_i/design_1_i/processing_system7_0/inst/FCLK_CLK0 | weighted_pool_i/col_j[3]_i_1__1_n_0                                                                                                                                                  | design_1_wrapper_i/rst                                                                                                                  |                1 |              4 |         4.00 |
|  design_1_wrapper_i/design_1_i/processing_system7_0/inst/FCLK_CLK0 | feed_forward_i/comp_row                                                                                                                                                              | design_1_wrapper_i/rst                                                                                                                  |                2 |              5 |         2.50 |
|  design_1_wrapper_i/design_1_i/processing_system7_0/inst/FCLK_CLK0 | attention_score_i/row_i[4]_i_1_n_0                                                                                                                                                   | design_1_wrapper_i/rst                                                                                                                  |                2 |              5 |         2.50 |
|  design_1_wrapper_i/design_1_i/processing_system7_0/inst/FCLK_CLK0 | feed_forward_i/comp_col[4]_i_1_n_0                                                                                                                                                   | design_1_wrapper_i/rst                                                                                                                  |                2 |              5 |         2.50 |
|  design_1_wrapper_i/design_1_i/processing_system7_0/inst/FCLK_CLK0 | attention_output_i/elem_k[4]_i_1_n_0                                                                                                                                                 | design_1_wrapper_i/rst                                                                                                                  |                1 |              5 |         5.00 |
|  design_1_wrapper_i/design_1_i/processing_system7_0/inst/FCLK_CLK0 | weighted_pool_i/elem_k[4]_i_1__0_n_0                                                                                                                                                 | design_1_wrapper_i/rst                                                                                                                  |                1 |              5 |         5.00 |
|  design_1_wrapper_i/design_1_i/processing_system7_0/inst/FCLK_CLK0 | qkv_projector_i/comp_row[2]_i_1_n_0                                                                                                                                                  | design_1_wrapper_i/rst                                                                                                                  |                4 |              5 |         1.25 |
|  design_1_wrapper_i/design_1_i/processing_system7_0/inst/FCLK_CLK0 | feed_forward_i/CEC                                                                                                                                                                   | design_1_wrapper_i/rst                                                                                                                  |                2 |              5 |         2.50 |
|  design_1_wrapper_i/design_1_i/processing_system7_0/inst/FCLK_CLK0 | design_1_wrapper_i/design_1_i/axi_smc/inst/clk_map/psr_aclk/U0/SEQ/seq_cnt_en                                                                                                        | design_1_wrapper_i/design_1_i/axi_smc/inst/clk_map/psr_aclk/U0/SEQ/SEQ_COUNTER/clear                                                    |                1 |              6 |         6.00 |
|  design_1_wrapper_i/design_1_i/processing_system7_0/inst/FCLK_CLK0 |                                                                                                                                                                                      | design_1_wrapper_i/design_1_i/transformer_axi_0/U0/s00_axi_inst/slv_reg1[0]_i_1_n_0                                                     |                4 |              6 |         1.50 |
|  design_1_wrapper_i/design_1_i/processing_system7_0/inst/FCLK_CLK0 | design_1_wrapper_i/design_1_i/rst_ps7_0_100M/U0/SEQ/seq_cnt_en                                                                                                                       | design_1_wrapper_i/design_1_i/rst_ps7_0_100M/U0/SEQ/SEQ_COUNTER/clear                                                                   |                1 |              6 |         6.00 |
|  design_1_wrapper_i/design_1_i/processing_system7_0/inst/FCLK_CLK0 | design_1_wrapper_i/design_1_i/transformer_axi_0/U0/s00_axi_inst/attn_regs[32][31]_i_1_n_0                                                                                            | design_1_wrapper_i/design_1_i/transformer_axi_0/U0/s00_axi_inst/slv_reg1[0]_i_1_n_0                                                     |                2 |              8 |         4.00 |
|  design_1_wrapper_i/design_1_i/processing_system7_0/inst/FCLK_CLK0 | design_1_wrapper_i/design_1_i/transformer_axi_0/U0/s00_axi_inst/attn_regs[35]_276[15]                                                                                                | design_1_wrapper_i/design_1_i/transformer_axi_0/U0/s00_axi_inst/slv_reg1[0]_i_1_n_0                                                     |                2 |              8 |         4.00 |
|  design_1_wrapper_i/design_1_i/processing_system7_0/inst/FCLK_CLK0 | design_1_wrapper_i/design_1_i/transformer_axi_0/U0/s00_axi_inst/attn_regs[36]_275[7]                                                                                                 | design_1_wrapper_i/design_1_i/transformer_axi_0/U0/s00_axi_inst/slv_reg1[0]_i_1_n_0                                                     |                2 |              8 |         4.00 |
|  design_1_wrapper_i/design_1_i/processing_system7_0/inst/FCLK_CLK0 | design_1_wrapper_i/design_1_i/transformer_axi_0/U0/s00_axi_inst/attn_regs[36]_275[15]                                                                                                | design_1_wrapper_i/design_1_i/transformer_axi_0/U0/s00_axi_inst/slv_reg1[0]_i_1_n_0                                                     |                3 |              8 |         2.67 |
|  design_1_wrapper_i/design_1_i/processing_system7_0/inst/FCLK_CLK0 | design_1_wrapper_i/design_1_i/transformer_axi_0/U0/s00_axi_inst/attn_regs[37]_274[7]                                                                                                 | design_1_wrapper_i/design_1_i/transformer_axi_0/U0/s00_axi_inst/slv_reg1[0]_i_1_n_0                                                     |                5 |              8 |         1.60 |
|  design_1_wrapper_i/design_1_i/processing_system7_0/inst/FCLK_CLK0 | design_1_wrapper_i/design_1_i/transformer_axi_0/U0/s00_axi_inst/attn_regs[101]_216[7]                                                                                                | design_1_wrapper_i/design_1_i/transformer_axi_0/U0/s00_axi_inst/slv_reg1[0]_i_1_n_0                                                     |                3 |              8 |         2.67 |
|  design_1_wrapper_i/design_1_i/processing_system7_0/inst/FCLK_CLK0 | design_1_wrapper_i/design_1_i/transformer_axi_0/U0/s00_axi_inst/attn_regs[37]_274[23]                                                                                                | design_1_wrapper_i/design_1_i/transformer_axi_0/U0/s00_axi_inst/slv_reg1[0]_i_1_n_0                                                     |                3 |              8 |         2.67 |
|  design_1_wrapper_i/design_1_i/processing_system7_0/inst/FCLK_CLK0 | design_1_wrapper_i/design_1_i/axi_smc/inst/s00_entry_pipeline/s00_mmu/inst/gen_endpoint.decerr_slave_inst/gen_axi.gen_read.read_cnt[7]_i_1_n_0                                       | design_1_wrapper_i/design_1_i/axi_smc/inst/s00_entry_pipeline/s00_mmu/inst/areset                                                       |                3 |              8 |         2.67 |
|  design_1_wrapper_i/design_1_i/processing_system7_0/inst/FCLK_CLK0 | design_1_wrapper_i/design_1_i/transformer_axi_0/U0/s00_axi_inst/attn_regs[35]_276[31]                                                                                                | design_1_wrapper_i/design_1_i/transformer_axi_0/U0/s00_axi_inst/slv_reg1[0]_i_1_n_0                                                     |                3 |              8 |         2.67 |
|  design_1_wrapper_i/design_1_i/processing_system7_0/inst/FCLK_CLK0 | design_1_wrapper_i/design_1_i/transformer_axi_0/U0/s00_axi_inst/attn_regs[37]_274[31]                                                                                                | design_1_wrapper_i/design_1_i/transformer_axi_0/U0/s00_axi_inst/slv_reg1[0]_i_1_n_0                                                     |                4 |              8 |         2.00 |
|  design_1_wrapper_i/design_1_i/processing_system7_0/inst/FCLK_CLK0 | design_1_wrapper_i/design_1_i/transformer_axi_0/U0/s00_axi_inst/attn_regs[100]_217[31]                                                                                               | design_1_wrapper_i/design_1_i/transformer_axi_0/U0/s00_axi_inst/slv_reg1[0]_i_1_n_0                                                     |                1 |              8 |         8.00 |
|  design_1_wrapper_i/design_1_i/processing_system7_0/inst/FCLK_CLK0 | design_1_wrapper_i/design_1_i/transformer_axi_0/U0/s00_axi_inst/attn_regs[38]_273[7]                                                                                                 | design_1_wrapper_i/design_1_i/transformer_axi_0/U0/s00_axi_inst/slv_reg1[0]_i_1_n_0                                                     |                2 |              8 |         4.00 |
|  design_1_wrapper_i/design_1_i/processing_system7_0/inst/FCLK_CLK0 | design_1_wrapper_i/design_1_i/transformer_axi_0/U0/s00_axi_inst/attn_regs[103]_214[15]                                                                                               | design_1_wrapper_i/design_1_i/transformer_axi_0/U0/s00_axi_inst/slv_reg1[0]_i_1_n_0                                                     |                1 |              8 |         8.00 |
|  design_1_wrapper_i/design_1_i/processing_system7_0/inst/FCLK_CLK0 | design_1_wrapper_i/design_1_i/transformer_axi_0/U0/s00_axi_inst/attn_regs[103]_214[31]                                                                                               | design_1_wrapper_i/design_1_i/transformer_axi_0/U0/s00_axi_inst/slv_reg1[0]_i_1_n_0                                                     |                1 |              8 |         8.00 |
|  design_1_wrapper_i/design_1_i/processing_system7_0/inst/FCLK_CLK0 | design_1_wrapper_i/design_1_i/transformer_axi_0/U0/s00_axi_inst/attn_regs[101]_216[31]                                                                                               | design_1_wrapper_i/design_1_i/transformer_axi_0/U0/s00_axi_inst/slv_reg1[0]_i_1_n_0                                                     |                1 |              8 |         8.00 |
|  design_1_wrapper_i/design_1_i/processing_system7_0/inst/FCLK_CLK0 | design_1_wrapper_i/design_1_i/transformer_axi_0/U0/s00_axi_inst/attn_regs[102]_215[23]                                                                                               | design_1_wrapper_i/design_1_i/transformer_axi_0/U0/s00_axi_inst/slv_reg1[0]_i_1_n_0                                                     |                3 |              8 |         2.67 |
|  design_1_wrapper_i/design_1_i/processing_system7_0/inst/FCLK_CLK0 | design_1_wrapper_i/design_1_i/axi_smc/inst/s00_entry_pipeline/s00_si_converter/inst/gen_axilite_conv.axilite_conv_inst/r_beats[7]_i_1_n_0                                            | design_1_wrapper_i/design_1_i/axi_smc/inst/s00_entry_pipeline/s00_si_converter/inst/areset                                              |                2 |              8 |         4.00 |
|  design_1_wrapper_i/design_1_i/processing_system7_0/inst/FCLK_CLK0 | design_1_wrapper_i/design_1_i/transformer_axi_0/U0/s00_axi_inst/attn_regs[101]_216[23]                                                                                               | design_1_wrapper_i/design_1_i/transformer_axi_0/U0/s00_axi_inst/slv_reg1[0]_i_1_n_0                                                     |                2 |              8 |         4.00 |
|  design_1_wrapper_i/design_1_i/processing_system7_0/inst/FCLK_CLK0 | design_1_wrapper_i/design_1_i/transformer_axi_0/U0/s00_axi_inst/attn_regs[37]_274[15]                                                                                                | design_1_wrapper_i/design_1_i/transformer_axi_0/U0/s00_axi_inst/slv_reg1[0]_i_1_n_0                                                     |                6 |              8 |         1.33 |
|  design_1_wrapper_i/design_1_i/processing_system7_0/inst/FCLK_CLK0 | design_1_wrapper_i/design_1_i/transformer_axi_0/U0/s00_axi_inst/attn_regs[107]_210[23]                                                                                               | design_1_wrapper_i/design_1_i/transformer_axi_0/U0/s00_axi_inst/slv_reg1[0]_i_1_n_0                                                     |                3 |              8 |         2.67 |
|  design_1_wrapper_i/design_1_i/processing_system7_0/inst/FCLK_CLK0 | design_1_wrapper_i/design_1_i/transformer_axi_0/U0/s00_axi_inst/attn_regs[103]_214[23]                                                                                               | design_1_wrapper_i/design_1_i/transformer_axi_0/U0/s00_axi_inst/slv_reg1[0]_i_1_n_0                                                     |                2 |              8 |         4.00 |
|  design_1_wrapper_i/design_1_i/processing_system7_0/inst/FCLK_CLK0 | design_1_wrapper_i/design_1_i/transformer_axi_0/U0/s00_axi_inst/attn_regs[102]_215[31]                                                                                               | design_1_wrapper_i/design_1_i/transformer_axi_0/U0/s00_axi_inst/slv_reg1[0]_i_1_n_0                                                     |                1 |              8 |         8.00 |
|  design_1_wrapper_i/design_1_i/processing_system7_0/inst/FCLK_CLK0 | design_1_wrapper_i/design_1_i/transformer_axi_0/U0/s00_axi_inst/attn_regs[105]_212[7]                                                                                                | design_1_wrapper_i/design_1_i/transformer_axi_0/U0/s00_axi_inst/slv_reg1[0]_i_1_n_0                                                     |                1 |              8 |         8.00 |
|  design_1_wrapper_i/design_1_i/processing_system7_0/inst/FCLK_CLK0 | design_1_wrapper_i/design_1_i/transformer_axi_0/U0/s00_axi_inst/attn_regs[105]_212[15]                                                                                               | design_1_wrapper_i/design_1_i/transformer_axi_0/U0/s00_axi_inst/slv_reg1[0]_i_1_n_0                                                     |                1 |              8 |         8.00 |
|  design_1_wrapper_i/design_1_i/processing_system7_0/inst/FCLK_CLK0 | design_1_wrapper_i/design_1_i/transformer_axi_0/U0/s00_axi_inst/attn_regs[106]_211[7]                                                                                                | design_1_wrapper_i/design_1_i/transformer_axi_0/U0/s00_axi_inst/slv_reg1[0]_i_1_n_0                                                     |                1 |              8 |         8.00 |
|  design_1_wrapper_i/design_1_i/processing_system7_0/inst/FCLK_CLK0 | design_1_wrapper_i/design_1_i/transformer_axi_0/U0/s00_axi_inst/attn_regs[106]_211[23]                                                                                               | design_1_wrapper_i/design_1_i/transformer_axi_0/U0/s00_axi_inst/slv_reg1[0]_i_1_n_0                                                     |                2 |              8 |         4.00 |
|  design_1_wrapper_i/design_1_i/processing_system7_0/inst/FCLK_CLK0 | design_1_wrapper_i/design_1_i/transformer_axi_0/U0/s00_axi_inst/attn_regs[107]_210[7]                                                                                                | design_1_wrapper_i/design_1_i/transformer_axi_0/U0/s00_axi_inst/slv_reg1[0]_i_1_n_0                                                     |                2 |              8 |         4.00 |
|  design_1_wrapper_i/design_1_i/processing_system7_0/inst/FCLK_CLK0 | design_1_wrapper_i/design_1_i/transformer_axi_0/U0/s00_axi_inst/attn_regs[108]_209[7]                                                                                                | design_1_wrapper_i/design_1_i/transformer_axi_0/U0/s00_axi_inst/slv_reg1[0]_i_1_n_0                                                     |                3 |              8 |         2.67 |
|  design_1_wrapper_i/design_1_i/processing_system7_0/inst/FCLK_CLK0 | design_1_wrapper_i/design_1_i/transformer_axi_0/U0/s00_axi_inst/attn_regs[108]_209[15]                                                                                               | design_1_wrapper_i/design_1_i/transformer_axi_0/U0/s00_axi_inst/slv_reg1[0]_i_1_n_0                                                     |                7 |              8 |         1.14 |
|  design_1_wrapper_i/design_1_i/processing_system7_0/inst/FCLK_CLK0 | design_1_wrapper_i/design_1_i/transformer_axi_0/U0/s00_axi_inst/attn_regs[35]_276[23]                                                                                                | design_1_wrapper_i/design_1_i/transformer_axi_0/U0/s00_axi_inst/slv_reg1[0]_i_1_n_0                                                     |                2 |              8 |         4.00 |
|  design_1_wrapper_i/design_1_i/processing_system7_0/inst/FCLK_CLK0 | design_1_wrapper_i/design_1_i/transformer_axi_0/U0/s00_axi_inst/attn_regs[36]_275[31]                                                                                                | design_1_wrapper_i/design_1_i/transformer_axi_0/U0/s00_axi_inst/slv_reg1[0]_i_1_n_0                                                     |                2 |              8 |         4.00 |
|  design_1_wrapper_i/design_1_i/processing_system7_0/inst/FCLK_CLK0 | design_1_wrapper_i/design_1_i/transformer_axi_0/U0/s00_axi_inst/attn_regs[102]_215[7]                                                                                                | design_1_wrapper_i/design_1_i/transformer_axi_0/U0/s00_axi_inst/slv_reg1[0]_i_1_n_0                                                     |                1 |              8 |         8.00 |
|  design_1_wrapper_i/design_1_i/processing_system7_0/inst/FCLK_CLK0 | design_1_wrapper_i/design_1_i/transformer_axi_0/U0/s00_axi_inst/attn_regs[103]_214[7]                                                                                                | design_1_wrapper_i/design_1_i/transformer_axi_0/U0/s00_axi_inst/slv_reg1[0]_i_1_n_0                                                     |                3 |              8 |         2.67 |
|  design_1_wrapper_i/design_1_i/processing_system7_0/inst/FCLK_CLK0 | design_1_wrapper_i/design_1_i/transformer_axi_0/U0/s00_axi_inst/attn_regs[100]_217[23]                                                                                               | design_1_wrapper_i/design_1_i/transformer_axi_0/U0/s00_axi_inst/slv_reg1[0]_i_1_n_0                                                     |                2 |              8 |         4.00 |
|  design_1_wrapper_i/design_1_i/processing_system7_0/inst/FCLK_CLK0 | design_1_wrapper_i/design_1_i/transformer_axi_0/U0/s00_axi_inst/attn_regs[104]_213[7]                                                                                                | design_1_wrapper_i/design_1_i/transformer_axi_0/U0/s00_axi_inst/slv_reg1[0]_i_1_n_0                                                     |                3 |              8 |         2.67 |
|  design_1_wrapper_i/design_1_i/processing_system7_0/inst/FCLK_CLK0 | design_1_wrapper_i/design_1_i/transformer_axi_0/U0/s00_axi_inst/attn_regs[104]_213[15]                                                                                               | design_1_wrapper_i/design_1_i/transformer_axi_0/U0/s00_axi_inst/slv_reg1[0]_i_1_n_0                                                     |                2 |              8 |         4.00 |
|  design_1_wrapper_i/design_1_i/processing_system7_0/inst/FCLK_CLK0 | design_1_wrapper_i/design_1_i/transformer_axi_0/U0/s00_axi_inst/attn_regs[104]_213[31]                                                                                               | design_1_wrapper_i/design_1_i/transformer_axi_0/U0/s00_axi_inst/slv_reg1[0]_i_1_n_0                                                     |                2 |              8 |         4.00 |
|  design_1_wrapper_i/design_1_i/processing_system7_0/inst/FCLK_CLK0 | design_1_wrapper_i/design_1_i/transformer_axi_0/U0/s00_axi_inst/attn_regs[105]_212[23]                                                                                               | design_1_wrapper_i/design_1_i/transformer_axi_0/U0/s00_axi_inst/slv_reg1[0]_i_1_n_0                                                     |                3 |              8 |         2.67 |
|  design_1_wrapper_i/design_1_i/processing_system7_0/inst/FCLK_CLK0 | design_1_wrapper_i/design_1_i/transformer_axi_0/U0/s00_axi_inst/attn_regs[107]_210[15]                                                                                               | design_1_wrapper_i/design_1_i/transformer_axi_0/U0/s00_axi_inst/slv_reg1[0]_i_1_n_0                                                     |                2 |              8 |         4.00 |
|  design_1_wrapper_i/design_1_i/processing_system7_0/inst/FCLK_CLK0 | design_1_wrapper_i/design_1_i/transformer_axi_0/U0/s00_axi_inst/attn_regs[108]_209[31]                                                                                               | design_1_wrapper_i/design_1_i/transformer_axi_0/U0/s00_axi_inst/slv_reg1[0]_i_1_n_0                                                     |                3 |              8 |         2.67 |
|  design_1_wrapper_i/design_1_i/processing_system7_0/inst/FCLK_CLK0 | design_1_wrapper_i/design_1_i/transformer_axi_0/U0/s00_axi_inst/attn_regs[109]_208[15]                                                                                               | design_1_wrapper_i/design_1_i/transformer_axi_0/U0/s00_axi_inst/slv_reg1[0]_i_1_n_0                                                     |                2 |              8 |         4.00 |
|  design_1_wrapper_i/design_1_i/processing_system7_0/inst/FCLK_CLK0 | design_1_wrapper_i/design_1_i/transformer_axi_0/U0/s00_axi_inst/attn_regs[35]_276[7]                                                                                                 | design_1_wrapper_i/design_1_i/transformer_axi_0/U0/s00_axi_inst/slv_reg1[0]_i_1_n_0                                                     |                4 |              8 |         2.00 |
|  design_1_wrapper_i/design_1_i/processing_system7_0/inst/FCLK_CLK0 | design_1_wrapper_i/design_1_i/transformer_axi_0/U0/s00_axi_inst/attn_regs[106]_211[15]                                                                                               | design_1_wrapper_i/design_1_i/transformer_axi_0/U0/s00_axi_inst/slv_reg1[0]_i_1_n_0                                                     |                6 |              8 |         1.33 |
|  design_1_wrapper_i/design_1_i/processing_system7_0/inst/FCLK_CLK0 | design_1_wrapper_i/design_1_i/transformer_axi_0/U0/s00_axi_inst/attn_regs[108]_209[23]                                                                                               | design_1_wrapper_i/design_1_i/transformer_axi_0/U0/s00_axi_inst/slv_reg1[0]_i_1_n_0                                                     |                3 |              8 |         2.67 |
|  design_1_wrapper_i/design_1_i/processing_system7_0/inst/FCLK_CLK0 | design_1_wrapper_i/design_1_i/transformer_axi_0/U0/s00_axi_inst/attn_regs[104]_213[23]                                                                                               | design_1_wrapper_i/design_1_i/transformer_axi_0/U0/s00_axi_inst/slv_reg1[0]_i_1_n_0                                                     |                5 |              8 |         1.60 |
|  design_1_wrapper_i/design_1_i/processing_system7_0/inst/FCLK_CLK0 | design_1_wrapper_i/design_1_i/transformer_axi_0/U0/s00_axi_inst/attn_regs[109]_208[31]                                                                                               | design_1_wrapper_i/design_1_i/transformer_axi_0/U0/s00_axi_inst/slv_reg1[0]_i_1_n_0                                                     |                6 |              8 |         1.33 |
|  design_1_wrapper_i/design_1_i/processing_system7_0/inst/FCLK_CLK0 | design_1_wrapper_i/design_1_i/transformer_axi_0/U0/s00_axi_inst/attn_regs[36]_275[23]                                                                                                | design_1_wrapper_i/design_1_i/transformer_axi_0/U0/s00_axi_inst/slv_reg1[0]_i_1_n_0                                                     |                3 |              8 |         2.67 |
|  design_1_wrapper_i/design_1_i/processing_system7_0/inst/FCLK_CLK0 | design_1_wrapper_i/design_1_i/transformer_axi_0/U0/s00_axi_inst/attn_regs[106]_211[31]                                                                                               | design_1_wrapper_i/design_1_i/transformer_axi_0/U0/s00_axi_inst/slv_reg1[0]_i_1_n_0                                                     |                2 |              8 |         4.00 |
|  design_1_wrapper_i/design_1_i/processing_system7_0/inst/FCLK_CLK0 | design_1_wrapper_i/design_1_i/transformer_axi_0/U0/s00_axi_inst/attn_regs[109]_208[23]                                                                                               | design_1_wrapper_i/design_1_i/transformer_axi_0/U0/s00_axi_inst/slv_reg1[0]_i_1_n_0                                                     |                2 |              8 |         4.00 |
|  design_1_wrapper_i/design_1_i/processing_system7_0/inst/FCLK_CLK0 | design_1_wrapper_i/design_1_i/transformer_axi_0/U0/s00_axi_inst/attn_regs[109]_208[7]                                                                                                | design_1_wrapper_i/design_1_i/transformer_axi_0/U0/s00_axi_inst/slv_reg1[0]_i_1_n_0                                                     |                2 |              8 |         4.00 |
|  design_1_wrapper_i/design_1_i/processing_system7_0/inst/FCLK_CLK0 | design_1_wrapper_i/design_1_i/transformer_axi_0/U0/s00_axi_inst/attn_regs[107]_210[31]                                                                                               | design_1_wrapper_i/design_1_i/transformer_axi_0/U0/s00_axi_inst/slv_reg1[0]_i_1_n_0                                                     |                4 |              8 |         2.00 |
|  design_1_wrapper_i/design_1_i/processing_system7_0/inst/FCLK_CLK0 | design_1_wrapper_i/design_1_i/transformer_axi_0/U0/s00_axi_inst/attn_regs[102]_215[15]                                                                                               | design_1_wrapper_i/design_1_i/transformer_axi_0/U0/s00_axi_inst/slv_reg1[0]_i_1_n_0                                                     |                1 |              8 |         8.00 |
|  design_1_wrapper_i/design_1_i/processing_system7_0/inst/FCLK_CLK0 | design_1_wrapper_i/design_1_i/transformer_axi_0/U0/s00_axi_inst/attn_regs[101]_216[15]                                                                                               | design_1_wrapper_i/design_1_i/transformer_axi_0/U0/s00_axi_inst/slv_reg1[0]_i_1_n_0                                                     |                3 |              8 |         2.67 |
|  design_1_wrapper_i/design_1_i/processing_system7_0/inst/FCLK_CLK0 | design_1_wrapper_i/design_1_i/transformer_axi_0/U0/s00_axi_inst/attn_regs[105]_212[31]                                                                                               | design_1_wrapper_i/design_1_i/transformer_axi_0/U0/s00_axi_inst/slv_reg1[0]_i_1_n_0                                                     |                2 |              8 |         4.00 |
|  design_1_wrapper_i/design_1_i/processing_system7_0/inst/FCLK_CLK0 | design_1_wrapper_i/design_1_i/transformer_axi_0/U0/s00_axi_inst/attn_regs[39]_272[23]                                                                                                | design_1_wrapper_i/design_1_i/transformer_axi_0/U0/s00_axi_inst/slv_reg1[0]_i_1_n_0                                                     |                6 |              8 |         1.33 |
|  design_1_wrapper_i/design_1_i/processing_system7_0/inst/FCLK_CLK0 | design_1_wrapper_i/design_1_i/transformer_axi_0/U0/s00_axi_inst/attn_regs[41]_270[7]                                                                                                 | design_1_wrapper_i/design_1_i/transformer_axi_0/U0/s00_axi_inst/slv_reg1[0]_i_1_n_0                                                     |                2 |              8 |         4.00 |
|  design_1_wrapper_i/design_1_i/processing_system7_0/inst/FCLK_CLK0 | design_1_wrapper_i/design_1_i/transformer_axi_0/U0/s00_axi_inst/attn_regs[41]_270[31]                                                                                                | design_1_wrapper_i/design_1_i/transformer_axi_0/U0/s00_axi_inst/slv_reg1[0]_i_1_n_0                                                     |                2 |              8 |         4.00 |
|  design_1_wrapper_i/design_1_i/processing_system7_0/inst/FCLK_CLK0 | design_1_wrapper_i/design_1_i/transformer_axi_0/U0/s00_axi_inst/attn_regs[42]_269[23]                                                                                                | design_1_wrapper_i/design_1_i/transformer_axi_0/U0/s00_axi_inst/slv_reg1[0]_i_1_n_0                                                     |                1 |              8 |         8.00 |
|  design_1_wrapper_i/design_1_i/processing_system7_0/inst/FCLK_CLK0 | design_1_wrapper_i/design_1_i/transformer_axi_0/U0/s00_axi_inst/attn_regs[43]_268[7]                                                                                                 | design_1_wrapper_i/design_1_i/transformer_axi_0/U0/s00_axi_inst/slv_reg1[0]_i_1_n_0                                                     |                2 |              8 |         4.00 |
|  design_1_wrapper_i/design_1_i/processing_system7_0/inst/FCLK_CLK0 | design_1_wrapper_i/design_1_i/transformer_axi_0/U0/s00_axi_inst/attn_regs[44]_267[15]                                                                                                | design_1_wrapper_i/design_1_i/transformer_axi_0/U0/s00_axi_inst/slv_reg1[0]_i_1_n_0                                                     |                1 |              8 |         8.00 |
|  design_1_wrapper_i/design_1_i/processing_system7_0/inst/FCLK_CLK0 | design_1_wrapper_i/design_1_i/transformer_axi_0/U0/s00_axi_inst/attn_regs[38]_273[15]                                                                                                | design_1_wrapper_i/design_1_i/transformer_axi_0/U0/s00_axi_inst/slv_reg1[0]_i_1_n_0                                                     |                1 |              8 |         8.00 |
|  design_1_wrapper_i/design_1_i/processing_system7_0/inst/FCLK_CLK0 | design_1_wrapper_i/design_1_i/transformer_axi_0/U0/s00_axi_inst/attn_regs[38]_273[23]                                                                                                | design_1_wrapper_i/design_1_i/transformer_axi_0/U0/s00_axi_inst/slv_reg1[0]_i_1_n_0                                                     |                2 |              8 |         4.00 |
|  design_1_wrapper_i/design_1_i/processing_system7_0/inst/FCLK_CLK0 | design_1_wrapper_i/design_1_i/transformer_axi_0/U0/s00_axi_inst/attn_regs[44]_267[23]                                                                                                | design_1_wrapper_i/design_1_i/transformer_axi_0/U0/s00_axi_inst/slv_reg1[0]_i_1_n_0                                                     |                4 |              8 |         2.00 |
|  design_1_wrapper_i/design_1_i/processing_system7_0/inst/FCLK_CLK0 | design_1_wrapper_i/design_1_i/transformer_axi_0/U0/s00_axi_inst/attn_regs[38]_273[31]                                                                                                | design_1_wrapper_i/design_1_i/transformer_axi_0/U0/s00_axi_inst/slv_reg1[0]_i_1_n_0                                                     |                2 |              8 |         4.00 |
|  design_1_wrapper_i/design_1_i/processing_system7_0/inst/FCLK_CLK0 | design_1_wrapper_i/design_1_i/transformer_axi_0/U0/s00_axi_inst/attn_regs[44]_267[31]                                                                                                | design_1_wrapper_i/design_1_i/transformer_axi_0/U0/s00_axi_inst/slv_reg1[0]_i_1_n_0                                                     |                3 |              8 |         2.67 |
|  design_1_wrapper_i/design_1_i/processing_system7_0/inst/FCLK_CLK0 | design_1_wrapper_i/design_1_i/transformer_axi_0/U0/s00_axi_inst/attn_regs[40]_271[23]                                                                                                | design_1_wrapper_i/design_1_i/transformer_axi_0/U0/s00_axi_inst/slv_reg1[0]_i_1_n_0                                                     |                1 |              8 |         8.00 |
|  design_1_wrapper_i/design_1_i/processing_system7_0/inst/FCLK_CLK0 | design_1_wrapper_i/design_1_i/transformer_axi_0/U0/s00_axi_inst/attn_regs[42]_269[7]                                                                                                 | design_1_wrapper_i/design_1_i/transformer_axi_0/U0/s00_axi_inst/slv_reg1[0]_i_1_n_0                                                     |                3 |              8 |         2.67 |
|  design_1_wrapper_i/design_1_i/processing_system7_0/inst/FCLK_CLK0 | design_1_wrapper_i/design_1_i/transformer_axi_0/U0/s00_axi_inst/attn_regs[42]_269[31]                                                                                                | design_1_wrapper_i/design_1_i/transformer_axi_0/U0/s00_axi_inst/slv_reg1[0]_i_1_n_0                                                     |                2 |              8 |         4.00 |
|  design_1_wrapper_i/design_1_i/processing_system7_0/inst/FCLK_CLK0 | design_1_wrapper_i/design_1_i/transformer_axi_0/U0/s00_axi_inst/attn_regs[45]_266[15]                                                                                                | design_1_wrapper_i/design_1_i/transformer_axi_0/U0/s00_axi_inst/slv_reg1[0]_i_1_n_0                                                     |                4 |              8 |         2.00 |
|  design_1_wrapper_i/design_1_i/processing_system7_0/inst/FCLK_CLK0 | design_1_wrapper_i/design_1_i/transformer_axi_0/U0/s00_axi_inst/attn_regs[45]_266[23]                                                                                                | design_1_wrapper_i/design_1_i/transformer_axi_0/U0/s00_axi_inst/slv_reg1[0]_i_1_n_0                                                     |                4 |              8 |         2.00 |
|  design_1_wrapper_i/design_1_i/processing_system7_0/inst/FCLK_CLK0 | design_1_wrapper_i/design_1_i/transformer_axi_0/U0/s00_axi_inst/attn_regs[45]_266[31]                                                                                                | design_1_wrapper_i/design_1_i/transformer_axi_0/U0/s00_axi_inst/slv_reg1[0]_i_1_n_0                                                     |                4 |              8 |         2.00 |
|  design_1_wrapper_i/design_1_i/processing_system7_0/inst/FCLK_CLK0 | design_1_wrapper_i/design_1_i/transformer_axi_0/U0/s00_axi_inst/attn_regs[46]_265[7]                                                                                                 | design_1_wrapper_i/design_1_i/transformer_axi_0/U0/s00_axi_inst/slv_reg1[0]_i_1_n_0                                                     |                3 |              8 |         2.67 |
|  design_1_wrapper_i/design_1_i/processing_system7_0/inst/FCLK_CLK0 | design_1_wrapper_i/design_1_i/transformer_axi_0/U0/s00_axi_inst/attn_regs[46]_265[15]                                                                                                | design_1_wrapper_i/design_1_i/transformer_axi_0/U0/s00_axi_inst/slv_reg1[0]_i_1_n_0                                                     |                1 |              8 |         8.00 |
|  design_1_wrapper_i/design_1_i/processing_system7_0/inst/FCLK_CLK0 | design_1_wrapper_i/design_1_i/transformer_axi_0/U0/s00_axi_inst/attn_regs[44]_267[7]                                                                                                 | design_1_wrapper_i/design_1_i/transformer_axi_0/U0/s00_axi_inst/slv_reg1[0]_i_1_n_0                                                     |                5 |              8 |         1.60 |
|  design_1_wrapper_i/design_1_i/processing_system7_0/inst/FCLK_CLK0 | design_1_wrapper_i/design_1_i/transformer_axi_0/U0/s00_axi_inst/attn_regs[46]_265[23]                                                                                                | design_1_wrapper_i/design_1_i/transformer_axi_0/U0/s00_axi_inst/slv_reg1[0]_i_1_n_0                                                     |                1 |              8 |         8.00 |
|  design_1_wrapper_i/design_1_i/processing_system7_0/inst/FCLK_CLK0 | design_1_wrapper_i/design_1_i/transformer_axi_0/U0/s00_axi_inst/attn_regs[47]_264[15]                                                                                                | design_1_wrapper_i/design_1_i/transformer_axi_0/U0/s00_axi_inst/slv_reg1[0]_i_1_n_0                                                     |                3 |              8 |         2.67 |
|  design_1_wrapper_i/design_1_i/processing_system7_0/inst/FCLK_CLK0 | design_1_wrapper_i/design_1_i/transformer_axi_0/U0/s00_axi_inst/attn_regs[41]_270[15]                                                                                                | design_1_wrapper_i/design_1_i/transformer_axi_0/U0/s00_axi_inst/slv_reg1[0]_i_1_n_0                                                     |                1 |              8 |         8.00 |
|  design_1_wrapper_i/design_1_i/processing_system7_0/inst/FCLK_CLK0 | design_1_wrapper_i/design_1_i/transformer_axi_0/U0/s00_axi_inst/attn_regs[47]_264[23]                                                                                                | design_1_wrapper_i/design_1_i/transformer_axi_0/U0/s00_axi_inst/slv_reg1[0]_i_1_n_0                                                     |                1 |              8 |         8.00 |
|  design_1_wrapper_i/design_1_i/processing_system7_0/inst/FCLK_CLK0 | design_1_wrapper_i/design_1_i/transformer_axi_0/U0/s00_axi_inst/attn_regs[39]_272[15]                                                                                                | design_1_wrapper_i/design_1_i/transformer_axi_0/U0/s00_axi_inst/slv_reg1[0]_i_1_n_0                                                     |                2 |              8 |         4.00 |
|  design_1_wrapper_i/design_1_i/processing_system7_0/inst/FCLK_CLK0 | design_1_wrapper_i/design_1_i/transformer_axi_0/U0/s00_axi_inst/attn_regs[47]_264[31]                                                                                                | design_1_wrapper_i/design_1_i/transformer_axi_0/U0/s00_axi_inst/slv_reg1[0]_i_1_n_0                                                     |                1 |              8 |         8.00 |
|  design_1_wrapper_i/design_1_i/processing_system7_0/inst/FCLK_CLK0 | design_1_wrapper_i/design_1_i/transformer_axi_0/U0/s00_axi_inst/attn_regs[48]_263[7]                                                                                                 | design_1_wrapper_i/design_1_i/transformer_axi_0/U0/s00_axi_inst/slv_reg1[0]_i_1_n_0                                                     |                2 |              8 |         4.00 |
|  design_1_wrapper_i/design_1_i/processing_system7_0/inst/FCLK_CLK0 | design_1_wrapper_i/design_1_i/transformer_axi_0/U0/s00_axi_inst/attn_regs[48]_263[15]                                                                                                | design_1_wrapper_i/design_1_i/transformer_axi_0/U0/s00_axi_inst/slv_reg1[0]_i_1_n_0                                                     |                3 |              8 |         2.67 |
|  design_1_wrapper_i/design_1_i/processing_system7_0/inst/FCLK_CLK0 | design_1_wrapper_i/design_1_i/transformer_axi_0/U0/s00_axi_inst/attn_regs[48]_263[31]                                                                                                | design_1_wrapper_i/design_1_i/transformer_axi_0/U0/s00_axi_inst/slv_reg1[0]_i_1_n_0                                                     |                1 |              8 |         8.00 |
|  design_1_wrapper_i/design_1_i/processing_system7_0/inst/FCLK_CLK0 | design_1_wrapper_i/design_1_i/transformer_axi_0/U0/s00_axi_inst/attn_regs[40]_271[7]                                                                                                 | design_1_wrapper_i/design_1_i/transformer_axi_0/U0/s00_axi_inst/slv_reg1[0]_i_1_n_0                                                     |                1 |              8 |         8.00 |
|  design_1_wrapper_i/design_1_i/processing_system7_0/inst/FCLK_CLK0 | design_1_wrapper_i/design_1_i/transformer_axi_0/U0/s00_axi_inst/attn_regs[49]_262[7]                                                                                                 | design_1_wrapper_i/design_1_i/transformer_axi_0/U0/s00_axi_inst/slv_reg1[0]_i_1_n_0                                                     |                2 |              8 |         4.00 |
|  design_1_wrapper_i/design_1_i/processing_system7_0/inst/FCLK_CLK0 | design_1_wrapper_i/design_1_i/transformer_axi_0/U0/s00_axi_inst/attn_regs[49]_262[15]                                                                                                | design_1_wrapper_i/design_1_i/transformer_axi_0/U0/s00_axi_inst/slv_reg1[0]_i_1_n_0                                                     |                3 |              8 |         2.67 |
|  design_1_wrapper_i/design_1_i/processing_system7_0/inst/FCLK_CLK0 | design_1_wrapper_i/design_1_i/transformer_axi_0/U0/s00_axi_inst/attn_regs[39]_272[31]                                                                                                | design_1_wrapper_i/design_1_i/transformer_axi_0/U0/s00_axi_inst/slv_reg1[0]_i_1_n_0                                                     |                1 |              8 |         8.00 |
|  design_1_wrapper_i/design_1_i/processing_system7_0/inst/FCLK_CLK0 | design_1_wrapper_i/design_1_i/transformer_axi_0/U0/s00_axi_inst/attn_regs[43]_268[23]                                                                                                | design_1_wrapper_i/design_1_i/transformer_axi_0/U0/s00_axi_inst/slv_reg1[0]_i_1_n_0                                                     |                3 |              8 |         2.67 |
|  design_1_wrapper_i/design_1_i/processing_system7_0/inst/FCLK_CLK0 | design_1_wrapper_i/design_1_i/transformer_axi_0/U0/s00_axi_inst/attn_regs[45]_266[7]                                                                                                 | design_1_wrapper_i/design_1_i/transformer_axi_0/U0/s00_axi_inst/slv_reg1[0]_i_1_n_0                                                     |                4 |              8 |         2.00 |
|  design_1_wrapper_i/design_1_i/processing_system7_0/inst/FCLK_CLK0 | design_1_wrapper_i/design_1_i/transformer_axi_0/U0/s00_axi_inst/attn_regs[49]_262[23]                                                                                                | design_1_wrapper_i/design_1_i/transformer_axi_0/U0/s00_axi_inst/slv_reg1[0]_i_1_n_0                                                     |                4 |              8 |         2.00 |
|  design_1_wrapper_i/design_1_i/processing_system7_0/inst/FCLK_CLK0 | design_1_wrapper_i/design_1_i/transformer_axi_0/U0/s00_axi_inst/attn_regs[49]_262[31]                                                                                                | design_1_wrapper_i/design_1_i/transformer_axi_0/U0/s00_axi_inst/slv_reg1[0]_i_1_n_0                                                     |                1 |              8 |         8.00 |
|  design_1_wrapper_i/design_1_i/processing_system7_0/inst/FCLK_CLK0 | design_1_wrapper_i/design_1_i/transformer_axi_0/U0/s00_axi_inst/attn_regs[50]_261[7]                                                                                                 | design_1_wrapper_i/design_1_i/transformer_axi_0/U0/s00_axi_inst/slv_reg1[0]_i_1_n_0                                                     |                3 |              8 |         2.67 |
|  design_1_wrapper_i/design_1_i/processing_system7_0/inst/FCLK_CLK0 | design_1_wrapper_i/design_1_i/transformer_axi_0/U0/s00_axi_inst/attn_regs[41]_270[23]                                                                                                | design_1_wrapper_i/design_1_i/transformer_axi_0/U0/s00_axi_inst/slv_reg1[0]_i_1_n_0                                                     |                1 |              8 |         8.00 |
|  design_1_wrapper_i/design_1_i/processing_system7_0/inst/FCLK_CLK0 | design_1_wrapper_i/design_1_i/transformer_axi_0/U0/s00_axi_inst/attn_regs[43]_268[15]                                                                                                | design_1_wrapper_i/design_1_i/transformer_axi_0/U0/s00_axi_inst/slv_reg1[0]_i_1_n_0                                                     |                3 |              8 |         2.67 |
|  design_1_wrapper_i/design_1_i/processing_system7_0/inst/FCLK_CLK0 | design_1_wrapper_i/design_1_i/transformer_axi_0/U0/s00_axi_inst/attn_regs[50]_261[15]                                                                                                | design_1_wrapper_i/design_1_i/transformer_axi_0/U0/s00_axi_inst/slv_reg1[0]_i_1_n_0                                                     |                2 |              8 |         4.00 |
|  design_1_wrapper_i/design_1_i/processing_system7_0/inst/FCLK_CLK0 | design_1_wrapper_i/design_1_i/transformer_axi_0/U0/s00_axi_inst/attn_regs[43]_268[31]                                                                                                | design_1_wrapper_i/design_1_i/transformer_axi_0/U0/s00_axi_inst/slv_reg1[0]_i_1_n_0                                                     |                2 |              8 |         4.00 |
|  design_1_wrapper_i/design_1_i/processing_system7_0/inst/FCLK_CLK0 | design_1_wrapper_i/design_1_i/transformer_axi_0/U0/s00_axi_inst/attn_regs[47]_264[7]                                                                                                 | design_1_wrapper_i/design_1_i/transformer_axi_0/U0/s00_axi_inst/slv_reg1[0]_i_1_n_0                                                     |                2 |              8 |         4.00 |
|  design_1_wrapper_i/design_1_i/processing_system7_0/inst/FCLK_CLK0 | design_1_wrapper_i/design_1_i/transformer_axi_0/U0/s00_axi_inst/attn_regs[40]_271[31]                                                                                                | design_1_wrapper_i/design_1_i/transformer_axi_0/U0/s00_axi_inst/slv_reg1[0]_i_1_n_0                                                     |                2 |              8 |         4.00 |
|  design_1_wrapper_i/design_1_i/processing_system7_0/inst/FCLK_CLK0 | design_1_wrapper_i/design_1_i/transformer_axi_0/U0/s00_axi_inst/attn_regs[46]_265[31]                                                                                                | design_1_wrapper_i/design_1_i/transformer_axi_0/U0/s00_axi_inst/slv_reg1[0]_i_1_n_0                                                     |                2 |              8 |         4.00 |
|  design_1_wrapper_i/design_1_i/processing_system7_0/inst/FCLK_CLK0 | design_1_wrapper_i/design_1_i/transformer_axi_0/U0/s00_axi_inst/attn_regs[50]_261[23]                                                                                                | design_1_wrapper_i/design_1_i/transformer_axi_0/U0/s00_axi_inst/slv_reg1[0]_i_1_n_0                                                     |                2 |              8 |         4.00 |
|  design_1_wrapper_i/design_1_i/processing_system7_0/inst/FCLK_CLK0 | design_1_wrapper_i/design_1_i/transformer_axi_0/U0/s00_axi_inst/attn_regs[42]_269[15]                                                                                                | design_1_wrapper_i/design_1_i/transformer_axi_0/U0/s00_axi_inst/slv_reg1[0]_i_1_n_0                                                     |                3 |              8 |         2.67 |
|  design_1_wrapper_i/design_1_i/processing_system7_0/inst/FCLK_CLK0 | design_1_wrapper_i/design_1_i/transformer_axi_0/U0/s00_axi_inst/attn_regs[48]_263[23]                                                                                                | design_1_wrapper_i/design_1_i/transformer_axi_0/U0/s00_axi_inst/slv_reg1[0]_i_1_n_0                                                     |                2 |              8 |         4.00 |
|  design_1_wrapper_i/design_1_i/processing_system7_0/inst/FCLK_CLK0 | design_1_wrapper_i/design_1_i/transformer_axi_0/U0/s00_axi_inst/attn_regs[50]_261[31]                                                                                                | design_1_wrapper_i/design_1_i/transformer_axi_0/U0/s00_axi_inst/slv_reg1[0]_i_1_n_0                                                     |                2 |              8 |         4.00 |
|  design_1_wrapper_i/design_1_i/processing_system7_0/inst/FCLK_CLK0 | design_1_wrapper_i/design_1_i/transformer_axi_0/U0/s00_axi_inst/attn_regs[39]_272[7]                                                                                                 | design_1_wrapper_i/design_1_i/transformer_axi_0/U0/s00_axi_inst/slv_reg1[0]_i_1_n_0                                                     |                2 |              8 |         4.00 |
|  design_1_wrapper_i/design_1_i/processing_system7_0/inst/FCLK_CLK0 | design_1_wrapper_i/design_1_i/transformer_axi_0/U0/s00_axi_inst/attn_regs[40]_271[15]                                                                                                | design_1_wrapper_i/design_1_i/transformer_axi_0/U0/s00_axi_inst/slv_reg1[0]_i_1_n_0                                                     |                2 |              8 |         4.00 |
|  design_1_wrapper_i/design_1_i/processing_system7_0/inst/FCLK_CLK0 | design_1_wrapper_i/design_1_i/transformer_axi_0/U0/s00_axi_inst/attn_regs[56]_255[31]                                                                                                | design_1_wrapper_i/design_1_i/transformer_axi_0/U0/s00_axi_inst/slv_reg1[0]_i_1_n_0                                                     |                3 |              8 |         2.67 |
|  design_1_wrapper_i/design_1_i/processing_system7_0/inst/FCLK_CLK0 | design_1_wrapper_i/design_1_i/transformer_axi_0/U0/s00_axi_inst/attn_regs[55]_256[7]                                                                                                 | design_1_wrapper_i/design_1_i/transformer_axi_0/U0/s00_axi_inst/slv_reg1[0]_i_1_n_0                                                     |                2 |              8 |         4.00 |
|  design_1_wrapper_i/design_1_i/processing_system7_0/inst/FCLK_CLK0 | design_1_wrapper_i/design_1_i/transformer_axi_0/U0/s00_axi_inst/attn_regs[60]_251[31]                                                                                                | design_1_wrapper_i/design_1_i/transformer_axi_0/U0/s00_axi_inst/slv_reg1[0]_i_1_n_0                                                     |                4 |              8 |         2.00 |
|  design_1_wrapper_i/design_1_i/processing_system7_0/inst/FCLK_CLK0 | design_1_wrapper_i/design_1_i/transformer_axi_0/U0/s00_axi_inst/attn_regs[53]_258[23]                                                                                                | design_1_wrapper_i/design_1_i/transformer_axi_0/U0/s00_axi_inst/slv_reg1[0]_i_1_n_0                                                     |                4 |              8 |         2.00 |
|  design_1_wrapper_i/design_1_i/processing_system7_0/inst/FCLK_CLK0 | design_1_wrapper_i/design_1_i/transformer_axi_0/U0/s00_axi_inst/attn_regs[59]_252[7]                                                                                                 | design_1_wrapper_i/design_1_i/transformer_axi_0/U0/s00_axi_inst/slv_reg1[0]_i_1_n_0                                                     |                4 |              8 |         2.00 |
|  design_1_wrapper_i/design_1_i/processing_system7_0/inst/FCLK_CLK0 | design_1_wrapper_i/design_1_i/transformer_axi_0/U0/s00_axi_inst/attn_regs[62]_249[15]                                                                                                | design_1_wrapper_i/design_1_i/transformer_axi_0/U0/s00_axi_inst/slv_reg1[0]_i_1_n_0                                                     |                1 |              8 |         8.00 |
|  design_1_wrapper_i/design_1_i/processing_system7_0/inst/FCLK_CLK0 | design_1_wrapper_i/design_1_i/transformer_axi_0/U0/s00_axi_inst/attn_regs[63]_248[23]                                                                                                | design_1_wrapper_i/design_1_i/transformer_axi_0/U0/s00_axi_inst/slv_reg1[0]_i_1_n_0                                                     |                2 |              8 |         4.00 |
|  design_1_wrapper_i/design_1_i/processing_system7_0/inst/FCLK_CLK0 | design_1_wrapper_i/design_1_i/transformer_axi_0/U0/s00_axi_inst/attn_regs[61]_250[15]                                                                                                | design_1_wrapper_i/design_1_i/transformer_axi_0/U0/s00_axi_inst/slv_reg1[0]_i_1_n_0                                                     |                3 |              8 |         2.67 |
|  design_1_wrapper_i/design_1_i/processing_system7_0/inst/FCLK_CLK0 | design_1_wrapper_i/design_1_i/transformer_axi_0/U0/s00_axi_inst/attn_regs[55]_256[23]                                                                                                | design_1_wrapper_i/design_1_i/transformer_axi_0/U0/s00_axi_inst/slv_reg1[0]_i_1_n_0                                                     |                5 |              8 |         1.60 |
|  design_1_wrapper_i/design_1_i/processing_system7_0/inst/FCLK_CLK0 | design_1_wrapper_i/design_1_i/transformer_axi_0/U0/s00_axi_inst/attn_regs[54]_257[15]                                                                                                | design_1_wrapper_i/design_1_i/transformer_axi_0/U0/s00_axi_inst/slv_reg1[0]_i_1_n_0                                                     |                2 |              8 |         4.00 |
|  design_1_wrapper_i/design_1_i/processing_system7_0/inst/FCLK_CLK0 | design_1_wrapper_i/design_1_i/transformer_axi_0/U0/s00_axi_inst/attn_regs[54]_257[31]                                                                                                | design_1_wrapper_i/design_1_i/transformer_axi_0/U0/s00_axi_inst/slv_reg1[0]_i_1_n_0                                                     |                2 |              8 |         4.00 |
|  design_1_wrapper_i/design_1_i/processing_system7_0/inst/FCLK_CLK0 | design_1_wrapper_i/design_1_i/transformer_axi_0/U0/s00_axi_inst/attn_regs[59]_252[15]                                                                                                | design_1_wrapper_i/design_1_i/transformer_axi_0/U0/s00_axi_inst/slv_reg1[0]_i_1_n_0                                                     |                1 |              8 |         8.00 |
|  design_1_wrapper_i/design_1_i/processing_system7_0/inst/FCLK_CLK0 | design_1_wrapper_i/design_1_i/transformer_axi_0/U0/s00_axi_inst/attn_regs[55]_256[15]                                                                                                | design_1_wrapper_i/design_1_i/transformer_axi_0/U0/s00_axi_inst/slv_reg1[0]_i_1_n_0                                                     |                2 |              8 |         4.00 |
|  design_1_wrapper_i/design_1_i/processing_system7_0/inst/FCLK_CLK0 | design_1_wrapper_i/design_1_i/transformer_axi_0/U0/s00_axi_inst/attn_regs[58]_253[7]                                                                                                 | design_1_wrapper_i/design_1_i/transformer_axi_0/U0/s00_axi_inst/slv_reg1[0]_i_1_n_0                                                     |                2 |              8 |         4.00 |
|  design_1_wrapper_i/design_1_i/processing_system7_0/inst/FCLK_CLK0 | design_1_wrapper_i/design_1_i/transformer_axi_0/U0/s00_axi_inst/attn_regs[57]_254[7]                                                                                                 | design_1_wrapper_i/design_1_i/transformer_axi_0/U0/s00_axi_inst/slv_reg1[0]_i_1_n_0                                                     |                6 |              8 |         1.33 |
|  design_1_wrapper_i/design_1_i/processing_system7_0/inst/FCLK_CLK0 | design_1_wrapper_i/design_1_i/transformer_axi_0/U0/s00_axi_inst/attn_regs[51]_260[15]                                                                                                | design_1_wrapper_i/design_1_i/transformer_axi_0/U0/s00_axi_inst/slv_reg1[0]_i_1_n_0                                                     |                2 |              8 |         4.00 |
|  design_1_wrapper_i/design_1_i/processing_system7_0/inst/FCLK_CLK0 | design_1_wrapper_i/design_1_i/transformer_axi_0/U0/s00_axi_inst/attn_regs[52]_259[7]                                                                                                 | design_1_wrapper_i/design_1_i/transformer_axi_0/U0/s00_axi_inst/slv_reg1[0]_i_1_n_0                                                     |                1 |              8 |         8.00 |
|  design_1_wrapper_i/design_1_i/processing_system7_0/inst/FCLK_CLK0 | design_1_wrapper_i/design_1_i/transformer_axi_0/U0/s00_axi_inst/attn_regs[52]_259[15]                                                                                                | design_1_wrapper_i/design_1_i/transformer_axi_0/U0/s00_axi_inst/slv_reg1[0]_i_1_n_0                                                     |                4 |              8 |         2.00 |
|  design_1_wrapper_i/design_1_i/processing_system7_0/inst/FCLK_CLK0 | design_1_wrapper_i/design_1_i/transformer_axi_0/U0/s00_axi_inst/attn_regs[52]_259[31]                                                                                                | design_1_wrapper_i/design_1_i/transformer_axi_0/U0/s00_axi_inst/slv_reg1[0]_i_1_n_0                                                     |                3 |              8 |         2.67 |
|  design_1_wrapper_i/design_1_i/processing_system7_0/inst/FCLK_CLK0 | design_1_wrapper_i/design_1_i/transformer_axi_0/U0/s00_axi_inst/attn_regs[53]_258[15]                                                                                                | design_1_wrapper_i/design_1_i/transformer_axi_0/U0/s00_axi_inst/slv_reg1[0]_i_1_n_0                                                     |                2 |              8 |         4.00 |
|  design_1_wrapper_i/design_1_i/processing_system7_0/inst/FCLK_CLK0 | design_1_wrapper_i/design_1_i/transformer_axi_0/U0/s00_axi_inst/attn_regs[53]_258[31]                                                                                                | design_1_wrapper_i/design_1_i/transformer_axi_0/U0/s00_axi_inst/slv_reg1[0]_i_1_n_0                                                     |                1 |              8 |         8.00 |
|  design_1_wrapper_i/design_1_i/processing_system7_0/inst/FCLK_CLK0 | design_1_wrapper_i/design_1_i/transformer_axi_0/U0/s00_axi_inst/attn_regs[54]_257[23]                                                                                                | design_1_wrapper_i/design_1_i/transformer_axi_0/U0/s00_axi_inst/slv_reg1[0]_i_1_n_0                                                     |                3 |              8 |         2.67 |
|  design_1_wrapper_i/design_1_i/processing_system7_0/inst/FCLK_CLK0 | design_1_wrapper_i/design_1_i/transformer_axi_0/U0/s00_axi_inst/attn_regs[56]_255[23]                                                                                                | design_1_wrapper_i/design_1_i/transformer_axi_0/U0/s00_axi_inst/slv_reg1[0]_i_1_n_0                                                     |                6 |              8 |         1.33 |
|  design_1_wrapper_i/design_1_i/processing_system7_0/inst/FCLK_CLK0 | design_1_wrapper_i/design_1_i/transformer_axi_0/U0/s00_axi_inst/attn_regs[52]_259[23]                                                                                                | design_1_wrapper_i/design_1_i/transformer_axi_0/U0/s00_axi_inst/slv_reg1[0]_i_1_n_0                                                     |                1 |              8 |         8.00 |
|  design_1_wrapper_i/design_1_i/processing_system7_0/inst/FCLK_CLK0 | design_1_wrapper_i/design_1_i/transformer_axi_0/U0/s00_axi_inst/attn_regs[54]_257[7]                                                                                                 | design_1_wrapper_i/design_1_i/transformer_axi_0/U0/s00_axi_inst/slv_reg1[0]_i_1_n_0                                                     |                1 |              8 |         8.00 |
|  design_1_wrapper_i/design_1_i/processing_system7_0/inst/FCLK_CLK0 | design_1_wrapper_i/design_1_i/transformer_axi_0/U0/s00_axi_inst/attn_regs[53]_258[7]                                                                                                 | design_1_wrapper_i/design_1_i/transformer_axi_0/U0/s00_axi_inst/slv_reg1[0]_i_1_n_0                                                     |                1 |              8 |         8.00 |
|  design_1_wrapper_i/design_1_i/processing_system7_0/inst/FCLK_CLK0 | design_1_wrapper_i/design_1_i/transformer_axi_0/U0/s00_axi_inst/attn_regs[60]_251[15]                                                                                                | design_1_wrapper_i/design_1_i/transformer_axi_0/U0/s00_axi_inst/slv_reg1[0]_i_1_n_0                                                     |                6 |              8 |         1.33 |
|  design_1_wrapper_i/design_1_i/processing_system7_0/inst/FCLK_CLK0 | design_1_wrapper_i/design_1_i/transformer_axi_0/U0/s00_axi_inst/attn_regs[61]_250[7]                                                                                                 | design_1_wrapper_i/design_1_i/transformer_axi_0/U0/s00_axi_inst/slv_reg1[0]_i_1_n_0                                                     |                4 |              8 |         2.00 |
|  design_1_wrapper_i/design_1_i/processing_system7_0/inst/FCLK_CLK0 | design_1_wrapper_i/design_1_i/transformer_axi_0/U0/s00_axi_inst/attn_regs[59]_252[31]                                                                                                | design_1_wrapper_i/design_1_i/transformer_axi_0/U0/s00_axi_inst/slv_reg1[0]_i_1_n_0                                                     |                4 |              8 |         2.00 |
|  design_1_wrapper_i/design_1_i/processing_system7_0/inst/FCLK_CLK0 | design_1_wrapper_i/design_1_i/transformer_axi_0/U0/s00_axi_inst/attn_regs[57]_254[31]                                                                                                | design_1_wrapper_i/design_1_i/transformer_axi_0/U0/s00_axi_inst/slv_reg1[0]_i_1_n_0                                                     |                1 |              8 |         8.00 |
|  design_1_wrapper_i/design_1_i/processing_system7_0/inst/FCLK_CLK0 | design_1_wrapper_i/design_1_i/transformer_axi_0/U0/s00_axi_inst/attn_regs[61]_250[31]                                                                                                | design_1_wrapper_i/design_1_i/transformer_axi_0/U0/s00_axi_inst/slv_reg1[0]_i_1_n_0                                                     |                5 |              8 |         1.60 |
|  design_1_wrapper_i/design_1_i/processing_system7_0/inst/FCLK_CLK0 | design_1_wrapper_i/design_1_i/transformer_axi_0/U0/s00_axi_inst/attn_regs[57]_254[15]                                                                                                | design_1_wrapper_i/design_1_i/transformer_axi_0/U0/s00_axi_inst/slv_reg1[0]_i_1_n_0                                                     |                2 |              8 |         4.00 |
|  design_1_wrapper_i/design_1_i/processing_system7_0/inst/FCLK_CLK0 | design_1_wrapper_i/design_1_i/transformer_axi_0/U0/s00_axi_inst/attn_regs[58]_253[23]                                                                                                | design_1_wrapper_i/design_1_i/transformer_axi_0/U0/s00_axi_inst/slv_reg1[0]_i_1_n_0                                                     |                5 |              8 |         1.60 |
|  design_1_wrapper_i/design_1_i/processing_system7_0/inst/FCLK_CLK0 | design_1_wrapper_i/design_1_i/transformer_axi_0/U0/s00_axi_inst/attn_regs[62]_249[23]                                                                                                | design_1_wrapper_i/design_1_i/transformer_axi_0/U0/s00_axi_inst/slv_reg1[0]_i_1_n_0                                                     |                3 |              8 |         2.67 |
|  design_1_wrapper_i/design_1_i/processing_system7_0/inst/FCLK_CLK0 | design_1_wrapper_i/design_1_i/transformer_axi_0/U0/s00_axi_inst/attn_regs[58]_253[15]                                                                                                | design_1_wrapper_i/design_1_i/transformer_axi_0/U0/s00_axi_inst/slv_reg1[0]_i_1_n_0                                                     |                2 |              8 |         4.00 |
|  design_1_wrapper_i/design_1_i/processing_system7_0/inst/FCLK_CLK0 | design_1_wrapper_i/design_1_i/transformer_axi_0/U0/s00_axi_inst/attn_regs[51]_260[23]                                                                                                | design_1_wrapper_i/design_1_i/transformer_axi_0/U0/s00_axi_inst/slv_reg1[0]_i_1_n_0                                                     |                1 |              8 |         8.00 |
|  design_1_wrapper_i/design_1_i/processing_system7_0/inst/FCLK_CLK0 | design_1_wrapper_i/design_1_i/transformer_axi_0/U0/s00_axi_inst/attn_regs[60]_251[7]                                                                                                 | design_1_wrapper_i/design_1_i/transformer_axi_0/U0/s00_axi_inst/slv_reg1[0]_i_1_n_0                                                     |                6 |              8 |         1.33 |
|  design_1_wrapper_i/design_1_i/processing_system7_0/inst/FCLK_CLK0 | design_1_wrapper_i/design_1_i/transformer_axi_0/U0/s00_axi_inst/attn_regs[58]_253[31]                                                                                                | design_1_wrapper_i/design_1_i/transformer_axi_0/U0/s00_axi_inst/slv_reg1[0]_i_1_n_0                                                     |                3 |              8 |         2.67 |
|  design_1_wrapper_i/design_1_i/processing_system7_0/inst/FCLK_CLK0 | design_1_wrapper_i/design_1_i/transformer_axi_0/U0/s00_axi_inst/attn_regs[62]_249[31]                                                                                                | design_1_wrapper_i/design_1_i/transformer_axi_0/U0/s00_axi_inst/slv_reg1[0]_i_1_n_0                                                     |                1 |              8 |         8.00 |
|  design_1_wrapper_i/design_1_i/processing_system7_0/inst/FCLK_CLK0 | design_1_wrapper_i/design_1_i/transformer_axi_0/U0/s00_axi_inst/attn_regs[51]_260[31]                                                                                                | design_1_wrapper_i/design_1_i/transformer_axi_0/U0/s00_axi_inst/slv_reg1[0]_i_1_n_0                                                     |                3 |              8 |         2.67 |
|  design_1_wrapper_i/design_1_i/processing_system7_0/inst/FCLK_CLK0 | design_1_wrapper_i/design_1_i/transformer_axi_0/U0/s00_axi_inst/attn_regs[56]_255[7]                                                                                                 | design_1_wrapper_i/design_1_i/transformer_axi_0/U0/s00_axi_inst/slv_reg1[0]_i_1_n_0                                                     |                2 |              8 |         4.00 |
|  design_1_wrapper_i/design_1_i/processing_system7_0/inst/FCLK_CLK0 | design_1_wrapper_i/design_1_i/transformer_axi_0/U0/s00_axi_inst/attn_regs[57]_254[23]                                                                                                | design_1_wrapper_i/design_1_i/transformer_axi_0/U0/s00_axi_inst/slv_reg1[0]_i_1_n_0                                                     |                2 |              8 |         4.00 |
|  design_1_wrapper_i/design_1_i/processing_system7_0/inst/FCLK_CLK0 | design_1_wrapper_i/design_1_i/transformer_axi_0/U0/s00_axi_inst/attn_regs[55]_256[31]                                                                                                | design_1_wrapper_i/design_1_i/transformer_axi_0/U0/s00_axi_inst/slv_reg1[0]_i_1_n_0                                                     |                3 |              8 |         2.67 |
|  design_1_wrapper_i/design_1_i/processing_system7_0/inst/FCLK_CLK0 | design_1_wrapper_i/design_1_i/transformer_axi_0/U0/s00_axi_inst/attn_regs[59]_252[23]                                                                                                | design_1_wrapper_i/design_1_i/transformer_axi_0/U0/s00_axi_inst/slv_reg1[0]_i_1_n_0                                                     |                3 |              8 |         2.67 |
|  design_1_wrapper_i/design_1_i/processing_system7_0/inst/FCLK_CLK0 | design_1_wrapper_i/design_1_i/transformer_axi_0/U0/s00_axi_inst/attn_regs[62]_249[7]                                                                                                 | design_1_wrapper_i/design_1_i/transformer_axi_0/U0/s00_axi_inst/slv_reg1[0]_i_1_n_0                                                     |                2 |              8 |         4.00 |
|  design_1_wrapper_i/design_1_i/processing_system7_0/inst/FCLK_CLK0 | design_1_wrapper_i/design_1_i/transformer_axi_0/U0/s00_axi_inst/attn_regs[63]_248[7]                                                                                                 | design_1_wrapper_i/design_1_i/transformer_axi_0/U0/s00_axi_inst/slv_reg1[0]_i_1_n_0                                                     |                1 |              8 |         8.00 |
|  design_1_wrapper_i/design_1_i/processing_system7_0/inst/FCLK_CLK0 | design_1_wrapper_i/design_1_i/transformer_axi_0/U0/s00_axi_inst/attn_regs[63]_248[15]                                                                                                | design_1_wrapper_i/design_1_i/transformer_axi_0/U0/s00_axi_inst/slv_reg1[0]_i_1_n_0                                                     |                1 |              8 |         8.00 |
|  design_1_wrapper_i/design_1_i/processing_system7_0/inst/FCLK_CLK0 | design_1_wrapper_i/design_1_i/transformer_axi_0/U0/s00_axi_inst/attn_regs[51]_260[7]                                                                                                 | design_1_wrapper_i/design_1_i/transformer_axi_0/U0/s00_axi_inst/slv_reg1[0]_i_1_n_0                                                     |                2 |              8 |         4.00 |
|  design_1_wrapper_i/design_1_i/processing_system7_0/inst/FCLK_CLK0 | design_1_wrapper_i/design_1_i/transformer_axi_0/U0/s00_axi_inst/attn_regs[60]_251[23]                                                                                                | design_1_wrapper_i/design_1_i/transformer_axi_0/U0/s00_axi_inst/slv_reg1[0]_i_1_n_0                                                     |                2 |              8 |         4.00 |
|  design_1_wrapper_i/design_1_i/processing_system7_0/inst/FCLK_CLK0 | design_1_wrapper_i/design_1_i/transformer_axi_0/U0/s00_axi_inst/attn_regs[61]_250[23]                                                                                                | design_1_wrapper_i/design_1_i/transformer_axi_0/U0/s00_axi_inst/slv_reg1[0]_i_1_n_0                                                     |                2 |              8 |         4.00 |
|  design_1_wrapper_i/design_1_i/processing_system7_0/inst/FCLK_CLK0 | design_1_wrapper_i/design_1_i/transformer_axi_0/U0/s00_axi_inst/attn_regs[56]_255[15]                                                                                                | design_1_wrapper_i/design_1_i/transformer_axi_0/U0/s00_axi_inst/slv_reg1[0]_i_1_n_0                                                     |                4 |              8 |         2.00 |
|  design_1_wrapper_i/design_1_i/processing_system7_0/inst/FCLK_CLK0 | design_1_wrapper_i/design_1_i/transformer_axi_0/U0/s00_axi_inst/attn_regs[75]_236[31]                                                                                                | design_1_wrapper_i/design_1_i/transformer_axi_0/U0/s00_axi_inst/slv_reg1[0]_i_1_n_0                                                     |                2 |              8 |         4.00 |
|  design_1_wrapper_i/design_1_i/processing_system7_0/inst/FCLK_CLK0 | design_1_wrapper_i/design_1_i/transformer_axi_0/U0/s00_axi_inst/attn_regs[70]_241[7]                                                                                                 | design_1_wrapper_i/design_1_i/transformer_axi_0/U0/s00_axi_inst/slv_reg1[0]_i_1_n_0                                                     |                1 |              8 |         8.00 |
|  design_1_wrapper_i/design_1_i/processing_system7_0/inst/FCLK_CLK0 | design_1_wrapper_i/design_1_i/transformer_axi_0/U0/s00_axi_inst/attn_regs[76]_235[15]                                                                                                | design_1_wrapper_i/design_1_i/transformer_axi_0/U0/s00_axi_inst/slv_reg1[0]_i_1_n_0                                                     |                5 |              8 |         1.60 |
|  design_1_wrapper_i/design_1_i/processing_system7_0/inst/FCLK_CLK0 | design_1_wrapper_i/design_1_i/transformer_axi_0/U0/s00_axi_inst/attn_regs[68]_243[23]                                                                                                | design_1_wrapper_i/design_1_i/transformer_axi_0/U0/s00_axi_inst/slv_reg1[0]_i_1_n_0                                                     |                2 |              8 |         4.00 |
|  design_1_wrapper_i/design_1_i/processing_system7_0/inst/FCLK_CLK0 | design_1_wrapper_i/design_1_i/transformer_axi_0/U0/s00_axi_inst/attn_regs[70]_241[15]                                                                                                | design_1_wrapper_i/design_1_i/transformer_axi_0/U0/s00_axi_inst/slv_reg1[0]_i_1_n_0                                                     |                2 |              8 |         4.00 |
|  design_1_wrapper_i/design_1_i/processing_system7_0/inst/FCLK_CLK0 | design_1_wrapper_i/design_1_i/transformer_axi_0/U0/s00_axi_inst/attn_regs[69]_242[15]                                                                                                | design_1_wrapper_i/design_1_i/transformer_axi_0/U0/s00_axi_inst/slv_reg1[0]_i_1_n_0                                                     |                5 |              8 |         1.60 |
|  design_1_wrapper_i/design_1_i/processing_system7_0/inst/FCLK_CLK0 | design_1_wrapper_i/design_1_i/transformer_axi_0/U0/s00_axi_inst/attn_regs[69]_242[23]                                                                                                | design_1_wrapper_i/design_1_i/transformer_axi_0/U0/s00_axi_inst/slv_reg1[0]_i_1_n_0                                                     |                2 |              8 |         4.00 |
|  design_1_wrapper_i/design_1_i/processing_system7_0/inst/FCLK_CLK0 | design_1_wrapper_i/design_1_i/transformer_axi_0/U0/s00_axi_inst/attn_regs[71]_240[7]                                                                                                 | design_1_wrapper_i/design_1_i/transformer_axi_0/U0/s00_axi_inst/slv_reg1[0]_i_1_n_0                                                     |                1 |              8 |         8.00 |
|  design_1_wrapper_i/design_1_i/processing_system7_0/inst/FCLK_CLK0 | design_1_wrapper_i/design_1_i/transformer_axi_0/U0/s00_axi_inst/attn_regs[63]_248[31]                                                                                                | design_1_wrapper_i/design_1_i/transformer_axi_0/U0/s00_axi_inst/slv_reg1[0]_i_1_n_0                                                     |                1 |              8 |         8.00 |
|  design_1_wrapper_i/design_1_i/processing_system7_0/inst/FCLK_CLK0 | design_1_wrapper_i/design_1_i/transformer_axi_0/U0/s00_axi_inst/attn_regs[71]_240[23]                                                                                                | design_1_wrapper_i/design_1_i/transformer_axi_0/U0/s00_axi_inst/slv_reg1[0]_i_1_n_0                                                     |                3 |              8 |         2.67 |
|  design_1_wrapper_i/design_1_i/processing_system7_0/inst/FCLK_CLK0 | design_1_wrapper_i/design_1_i/transformer_axi_0/U0/s00_axi_inst/attn_regs[71]_240[31]                                                                                                | design_1_wrapper_i/design_1_i/transformer_axi_0/U0/s00_axi_inst/slv_reg1[0]_i_1_n_0                                                     |                2 |              8 |         4.00 |
|  design_1_wrapper_i/design_1_i/processing_system7_0/inst/FCLK_CLK0 | design_1_wrapper_i/design_1_i/transformer_axi_0/U0/s00_axi_inst/attn_regs[66]_245[15]                                                                                                | design_1_wrapper_i/design_1_i/transformer_axi_0/U0/s00_axi_inst/slv_reg1[0]_i_1_n_0                                                     |                2 |              8 |         4.00 |
|  design_1_wrapper_i/design_1_i/processing_system7_0/inst/FCLK_CLK0 | design_1_wrapper_i/design_1_i/transformer_axi_0/U0/s00_axi_inst/attn_regs[68]_243[7]                                                                                                 | design_1_wrapper_i/design_1_i/transformer_axi_0/U0/s00_axi_inst/slv_reg1[0]_i_1_n_0                                                     |                1 |              8 |         8.00 |
|  design_1_wrapper_i/design_1_i/processing_system7_0/inst/FCLK_CLK0 | design_1_wrapper_i/design_1_i/transformer_axi_0/U0/s00_axi_inst/attn_regs[71]_240[15]                                                                                                | design_1_wrapper_i/design_1_i/transformer_axi_0/U0/s00_axi_inst/slv_reg1[0]_i_1_n_0                                                     |                3 |              8 |         2.67 |
|  design_1_wrapper_i/design_1_i/processing_system7_0/inst/FCLK_CLK0 | design_1_wrapper_i/design_1_i/transformer_axi_0/U0/s00_axi_inst/attn_regs[72]_239[7]                                                                                                 | design_1_wrapper_i/design_1_i/transformer_axi_0/U0/s00_axi_inst/slv_reg1[0]_i_1_n_0                                                     |                5 |              8 |         1.60 |
|  design_1_wrapper_i/design_1_i/processing_system7_0/inst/FCLK_CLK0 | design_1_wrapper_i/design_1_i/transformer_axi_0/U0/s00_axi_inst/attn_regs[72]_239[23]                                                                                                | design_1_wrapper_i/design_1_i/transformer_axi_0/U0/s00_axi_inst/slv_reg1[0]_i_1_n_0                                                     |                1 |              8 |         8.00 |
|  design_1_wrapper_i/design_1_i/processing_system7_0/inst/FCLK_CLK0 | design_1_wrapper_i/design_1_i/transformer_axi_0/U0/s00_axi_inst/attn_regs[74]_237[7]                                                                                                 | design_1_wrapper_i/design_1_i/transformer_axi_0/U0/s00_axi_inst/slv_reg1[0]_i_1_n_0                                                     |                2 |              8 |         4.00 |
|  design_1_wrapper_i/design_1_i/processing_system7_0/inst/FCLK_CLK0 | design_1_wrapper_i/design_1_i/transformer_axi_0/U0/s00_axi_inst/attn_regs[64]_247[31]                                                                                                | design_1_wrapper_i/design_1_i/transformer_axi_0/U0/s00_axi_inst/slv_reg1[0]_i_1_n_0                                                     |                1 |              8 |         8.00 |
|  design_1_wrapper_i/design_1_i/processing_system7_0/inst/FCLK_CLK0 | design_1_wrapper_i/design_1_i/transformer_axi_0/U0/s00_axi_inst/attn_regs[66]_245[7]                                                                                                 | design_1_wrapper_i/design_1_i/transformer_axi_0/U0/s00_axi_inst/slv_reg1[0]_i_1_n_0                                                     |                4 |              8 |         2.00 |
|  design_1_wrapper_i/design_1_i/processing_system7_0/inst/FCLK_CLK0 | design_1_wrapper_i/design_1_i/transformer_axi_0/U0/s00_axi_inst/attn_regs[72]_239[15]                                                                                                | design_1_wrapper_i/design_1_i/transformer_axi_0/U0/s00_axi_inst/slv_reg1[0]_i_1_n_0                                                     |                1 |              8 |         8.00 |
|  design_1_wrapper_i/design_1_i/processing_system7_0/inst/FCLK_CLK0 | design_1_wrapper_i/design_1_i/transformer_axi_0/U0/s00_axi_inst/attn_regs[64]_247[23]                                                                                                | design_1_wrapper_i/design_1_i/transformer_axi_0/U0/s00_axi_inst/slv_reg1[0]_i_1_n_0                                                     |                3 |              8 |         2.67 |
|  design_1_wrapper_i/design_1_i/processing_system7_0/inst/FCLK_CLK0 | design_1_wrapper_i/design_1_i/transformer_axi_0/U0/s00_axi_inst/attn_regs[67]_244[7]                                                                                                 | design_1_wrapper_i/design_1_i/transformer_axi_0/U0/s00_axi_inst/slv_reg1[0]_i_1_n_0                                                     |                2 |              8 |         4.00 |
|  design_1_wrapper_i/design_1_i/processing_system7_0/inst/FCLK_CLK0 | design_1_wrapper_i/design_1_i/transformer_axi_0/U0/s00_axi_inst/attn_regs[65]_246[7]                                                                                                 | design_1_wrapper_i/design_1_i/transformer_axi_0/U0/s00_axi_inst/slv_reg1[0]_i_1_n_0                                                     |                3 |              8 |         2.67 |
|  design_1_wrapper_i/design_1_i/processing_system7_0/inst/FCLK_CLK0 | design_1_wrapper_i/design_1_i/transformer_axi_0/U0/s00_axi_inst/attn_regs[65]_246[15]                                                                                                | design_1_wrapper_i/design_1_i/transformer_axi_0/U0/s00_axi_inst/slv_reg1[0]_i_1_n_0                                                     |                2 |              8 |         4.00 |
|  design_1_wrapper_i/design_1_i/processing_system7_0/inst/FCLK_CLK0 | design_1_wrapper_i/design_1_i/transformer_axi_0/U0/s00_axi_inst/attn_regs[68]_243[31]                                                                                                | design_1_wrapper_i/design_1_i/transformer_axi_0/U0/s00_axi_inst/slv_reg1[0]_i_1_n_0                                                     |                1 |              8 |         8.00 |
|  design_1_wrapper_i/design_1_i/processing_system7_0/inst/FCLK_CLK0 | design_1_wrapper_i/design_1_i/transformer_axi_0/U0/s00_axi_inst/xmat_regs[45][7]_i_1_n_0                                                                                             | design_1_wrapper_i/design_1_i/transformer_axi_0/U0/s00_axi_inst/slv_reg1[0]_i_1_n_0                                                     |                3 |              8 |         2.67 |
|  design_1_wrapper_i/design_1_i/processing_system7_0/inst/FCLK_CLK0 | design_1_wrapper_i/design_1_i/transformer_axi_0/U0/s00_axi_inst/attn_regs[73]_238[31]                                                                                                | design_1_wrapper_i/design_1_i/transformer_axi_0/U0/s00_axi_inst/slv_reg1[0]_i_1_n_0                                                     |                5 |              8 |         1.60 |
|  design_1_wrapper_i/design_1_i/processing_system7_0/inst/FCLK_CLK0 | design_1_wrapper_i/design_1_i/transformer_axi_0/U0/s00_axi_inst/attn_regs[76]_235[7]                                                                                                 | design_1_wrapper_i/design_1_i/transformer_axi_0/U0/s00_axi_inst/slv_reg1[0]_i_1_n_0                                                     |                7 |              8 |         1.14 |
|  design_1_wrapper_i/design_1_i/processing_system7_0/inst/FCLK_CLK0 | design_1_wrapper_i/design_1_i/transformer_axi_0/U0/s00_axi_inst/attn_regs[64]_247[7]                                                                                                 | design_1_wrapper_i/design_1_i/transformer_axi_0/U0/s00_axi_inst/slv_reg1[0]_i_1_n_0                                                     |                3 |              8 |         2.67 |
|  design_1_wrapper_i/design_1_i/processing_system7_0/inst/FCLK_CLK0 | design_1_wrapper_i/design_1_i/transformer_axi_0/U0/s00_axi_inst/attn_regs[66]_245[23]                                                                                                | design_1_wrapper_i/design_1_i/transformer_axi_0/U0/s00_axi_inst/slv_reg1[0]_i_1_n_0                                                     |                2 |              8 |         4.00 |
|  design_1_wrapper_i/design_1_i/processing_system7_0/inst/FCLK_CLK0 | design_1_wrapper_i/design_1_i/transformer_axi_0/U0/s00_axi_inst/attn_regs[67]_244[31]                                                                                                | design_1_wrapper_i/design_1_i/transformer_axi_0/U0/s00_axi_inst/slv_reg1[0]_i_1_n_0                                                     |                5 |              8 |         1.60 |
|  design_1_wrapper_i/design_1_i/processing_system7_0/inst/FCLK_CLK0 | design_1_wrapper_i/design_1_i/transformer_axi_0/U0/s00_axi_inst/attn_regs[69]_242[7]                                                                                                 | design_1_wrapper_i/design_1_i/transformer_axi_0/U0/s00_axi_inst/slv_reg1[0]_i_1_n_0                                                     |                2 |              8 |         4.00 |
|  design_1_wrapper_i/design_1_i/processing_system7_0/inst/FCLK_CLK0 | design_1_wrapper_i/design_1_i/transformer_axi_0/U0/s00_axi_inst/attn_regs[72]_239[31]                                                                                                | design_1_wrapper_i/design_1_i/transformer_axi_0/U0/s00_axi_inst/slv_reg1[0]_i_1_n_0                                                     |                4 |              8 |         2.00 |
|  design_1_wrapper_i/design_1_i/processing_system7_0/inst/FCLK_CLK0 | design_1_wrapper_i/design_1_i/transformer_axi_0/U0/s00_axi_inst/attn_regs[74]_237[23]                                                                                                | design_1_wrapper_i/design_1_i/transformer_axi_0/U0/s00_axi_inst/slv_reg1[0]_i_1_n_0                                                     |                5 |              8 |         1.60 |
|  design_1_wrapper_i/design_1_i/processing_system7_0/inst/FCLK_CLK0 | design_1_wrapper_i/design_1_i/transformer_axi_0/U0/s00_axi_inst/attn_regs[75]_236[15]                                                                                                | design_1_wrapper_i/design_1_i/transformer_axi_0/U0/s00_axi_inst/slv_reg1[0]_i_1_n_0                                                     |                2 |              8 |         4.00 |
|  design_1_wrapper_i/design_1_i/processing_system7_0/inst/FCLK_CLK0 | design_1_wrapper_i/design_1_i/transformer_axi_0/U0/s00_axi_inst/attn_regs[64]_247[15]                                                                                                | design_1_wrapper_i/design_1_i/transformer_axi_0/U0/s00_axi_inst/slv_reg1[0]_i_1_n_0                                                     |                1 |              8 |         8.00 |
|  design_1_wrapper_i/design_1_i/processing_system7_0/inst/FCLK_CLK0 | design_1_wrapper_i/design_1_i/transformer_axi_0/U0/s00_axi_inst/attn_regs[66]_245[31]                                                                                                | design_1_wrapper_i/design_1_i/transformer_axi_0/U0/s00_axi_inst/slv_reg1[0]_i_1_n_0                                                     |                1 |              8 |         8.00 |
|  design_1_wrapper_i/design_1_i/processing_system7_0/inst/FCLK_CLK0 | design_1_wrapper_i/design_1_i/transformer_axi_0/U0/s00_axi_inst/attn_regs[70]_241[31]                                                                                                | design_1_wrapper_i/design_1_i/transformer_axi_0/U0/s00_axi_inst/slv_reg1[0]_i_1_n_0                                                     |                2 |              8 |         4.00 |
|  design_1_wrapper_i/design_1_i/processing_system7_0/inst/FCLK_CLK0 | design_1_wrapper_i/design_1_i/transformer_axi_0/U0/s00_axi_inst/attn_regs[69]_242[31]                                                                                                | design_1_wrapper_i/design_1_i/transformer_axi_0/U0/s00_axi_inst/slv_reg1[0]_i_1_n_0                                                     |                3 |              8 |         2.67 |
|  design_1_wrapper_i/design_1_i/processing_system7_0/inst/FCLK_CLK0 | design_1_wrapper_i/design_1_i/transformer_axi_0/U0/s00_axi_inst/attn_regs[67]_244[23]                                                                                                | design_1_wrapper_i/design_1_i/transformer_axi_0/U0/s00_axi_inst/slv_reg1[0]_i_1_n_0                                                     |                2 |              8 |         4.00 |
|  design_1_wrapper_i/design_1_i/processing_system7_0/inst/FCLK_CLK0 | design_1_wrapper_i/design_1_i/transformer_axi_0/U0/s00_axi_inst/attn_regs[68]_243[15]                                                                                                | design_1_wrapper_i/design_1_i/transformer_axi_0/U0/s00_axi_inst/slv_reg1[0]_i_1_n_0                                                     |                4 |              8 |         2.00 |
|  design_1_wrapper_i/design_1_i/processing_system7_0/inst/FCLK_CLK0 | design_1_wrapper_i/design_1_i/transformer_axi_0/U0/s00_axi_inst/attn_regs[70]_241[23]                                                                                                | design_1_wrapper_i/design_1_i/transformer_axi_0/U0/s00_axi_inst/slv_reg1[0]_i_1_n_0                                                     |                2 |              8 |         4.00 |
|  design_1_wrapper_i/design_1_i/processing_system7_0/inst/FCLK_CLK0 | design_1_wrapper_i/design_1_i/transformer_axi_0/U0/s00_axi_inst/attn_regs[67]_244[15]                                                                                                | design_1_wrapper_i/design_1_i/transformer_axi_0/U0/s00_axi_inst/slv_reg1[0]_i_1_n_0                                                     |                3 |              8 |         2.67 |
|  design_1_wrapper_i/design_1_i/processing_system7_0/inst/FCLK_CLK0 | design_1_wrapper_i/design_1_i/transformer_axi_0/U0/s00_axi_inst/attn_regs[73]_238[7]                                                                                                 | design_1_wrapper_i/design_1_i/transformer_axi_0/U0/s00_axi_inst/slv_reg1[0]_i_1_n_0                                                     |                1 |              8 |         8.00 |
|  design_1_wrapper_i/design_1_i/processing_system7_0/inst/FCLK_CLK0 | design_1_wrapper_i/design_1_i/transformer_axi_0/U0/s00_axi_inst/attn_regs[73]_238[23]                                                                                                | design_1_wrapper_i/design_1_i/transformer_axi_0/U0/s00_axi_inst/slv_reg1[0]_i_1_n_0                                                     |                5 |              8 |         1.60 |
|  design_1_wrapper_i/design_1_i/processing_system7_0/inst/FCLK_CLK0 | design_1_wrapper_i/design_1_i/transformer_axi_0/U0/s00_axi_inst/attn_regs[65]_246[31]                                                                                                | design_1_wrapper_i/design_1_i/transformer_axi_0/U0/s00_axi_inst/slv_reg1[0]_i_1_n_0                                                     |                3 |              8 |         2.67 |
|  design_1_wrapper_i/design_1_i/processing_system7_0/inst/FCLK_CLK0 | design_1_wrapper_i/design_1_i/transformer_axi_0/U0/s00_axi_inst/attn_regs[74]_237[15]                                                                                                | design_1_wrapper_i/design_1_i/transformer_axi_0/U0/s00_axi_inst/slv_reg1[0]_i_1_n_0                                                     |                3 |              8 |         2.67 |
|  design_1_wrapper_i/design_1_i/processing_system7_0/inst/FCLK_CLK0 | design_1_wrapper_i/design_1_i/transformer_axi_0/U0/s00_axi_inst/attn_regs[74]_237[31]                                                                                                | design_1_wrapper_i/design_1_i/transformer_axi_0/U0/s00_axi_inst/slv_reg1[0]_i_1_n_0                                                     |                3 |              8 |         2.67 |
|  design_1_wrapper_i/design_1_i/processing_system7_0/inst/FCLK_CLK0 | design_1_wrapper_i/design_1_i/transformer_axi_0/U0/s00_axi_inst/attn_regs[75]_236[7]                                                                                                 | design_1_wrapper_i/design_1_i/transformer_axi_0/U0/s00_axi_inst/slv_reg1[0]_i_1_n_0                                                     |                5 |              8 |         1.60 |
|  design_1_wrapper_i/design_1_i/processing_system7_0/inst/FCLK_CLK0 | design_1_wrapper_i/design_1_i/transformer_axi_0/U0/s00_axi_inst/attn_regs[73]_238[15]                                                                                                | design_1_wrapper_i/design_1_i/transformer_axi_0/U0/s00_axi_inst/slv_reg1[0]_i_1_n_0                                                     |                2 |              8 |         4.00 |
|  design_1_wrapper_i/design_1_i/processing_system7_0/inst/FCLK_CLK0 | design_1_wrapper_i/design_1_i/transformer_axi_0/U0/s00_axi_inst/attn_regs[75]_236[23]                                                                                                | design_1_wrapper_i/design_1_i/transformer_axi_0/U0/s00_axi_inst/slv_reg1[0]_i_1_n_0                                                     |                6 |              8 |         1.33 |
|  design_1_wrapper_i/design_1_i/processing_system7_0/inst/FCLK_CLK0 | design_1_wrapper_i/design_1_i/transformer_axi_0/U0/s00_axi_inst/attn_regs[76]_235[23]                                                                                                | design_1_wrapper_i/design_1_i/transformer_axi_0/U0/s00_axi_inst/slv_reg1[0]_i_1_n_0                                                     |                6 |              8 |         1.33 |
|  design_1_wrapper_i/design_1_i/processing_system7_0/inst/FCLK_CLK0 | design_1_wrapper_i/design_1_i/transformer_axi_0/U0/s00_axi_inst/attn_regs[86]_231[31]                                                                                                | design_1_wrapper_i/design_1_i/transformer_axi_0/U0/s00_axi_inst/slv_reg1[0]_i_1_n_0                                                     |                3 |              8 |         2.67 |
|  design_1_wrapper_i/design_1_i/processing_system7_0/inst/FCLK_CLK0 | design_1_wrapper_i/design_1_i/transformer_axi_0/U0/s00_axi_inst/attn_regs[86]_231[23]                                                                                                | design_1_wrapper_i/design_1_i/transformer_axi_0/U0/s00_axi_inst/slv_reg1[0]_i_1_n_0                                                     |                1 |              8 |         8.00 |
|  design_1_wrapper_i/design_1_i/processing_system7_0/inst/FCLK_CLK0 | design_1_wrapper_i/design_1_i/transformer_axi_0/U0/s00_axi_inst/attn_regs[89]_228[7]                                                                                                 | design_1_wrapper_i/design_1_i/transformer_axi_0/U0/s00_axi_inst/slv_reg1[0]_i_1_n_0                                                     |                3 |              8 |         2.67 |
|  design_1_wrapper_i/design_1_i/processing_system7_0/inst/FCLK_CLK0 | design_1_wrapper_i/design_1_i/transformer_axi_0/U0/s00_axi_inst/attn_regs[93]_224[23]                                                                                                | design_1_wrapper_i/design_1_i/transformer_axi_0/U0/s00_axi_inst/slv_reg1[0]_i_1_n_0                                                     |                6 |              8 |         1.33 |
|  design_1_wrapper_i/design_1_i/processing_system7_0/inst/FCLK_CLK0 | design_1_wrapper_i/design_1_i/transformer_axi_0/U0/s00_axi_inst/attn_regs[93]_224[31]                                                                                                | design_1_wrapper_i/design_1_i/transformer_axi_0/U0/s00_axi_inst/slv_reg1[0]_i_1_n_0                                                     |                2 |              8 |         4.00 |
|  design_1_wrapper_i/design_1_i/processing_system7_0/inst/FCLK_CLK0 | design_1_wrapper_i/design_1_i/transformer_axi_0/U0/s00_axi_inst/attn_regs[94]_223[7]                                                                                                 | design_1_wrapper_i/design_1_i/transformer_axi_0/U0/s00_axi_inst/slv_reg1[0]_i_1_n_0                                                     |                6 |              8 |         1.33 |
|  design_1_wrapper_i/design_1_i/processing_system7_0/inst/FCLK_CLK0 | design_1_wrapper_i/design_1_i/transformer_axi_0/U0/s00_axi_inst/attn_regs[89]_228[15]                                                                                                | design_1_wrapper_i/design_1_i/transformer_axi_0/U0/s00_axi_inst/slv_reg1[0]_i_1_n_0                                                     |                2 |              8 |         4.00 |
|  design_1_wrapper_i/design_1_i/processing_system7_0/inst/FCLK_CLK0 | design_1_wrapper_i/design_1_i/transformer_axi_0/U0/s00_axi_inst/attn_regs[88]_229[23]                                                                                                | design_1_wrapper_i/design_1_i/transformer_axi_0/U0/s00_axi_inst/slv_reg1[0]_i_1_n_0                                                     |                2 |              8 |         4.00 |
|  design_1_wrapper_i/design_1_i/processing_system7_0/inst/FCLK_CLK0 | design_1_wrapper_i/design_1_i/transformer_axi_0/U0/s00_axi_inst/attn_regs[92]_225[31]                                                                                                | design_1_wrapper_i/design_1_i/transformer_axi_0/U0/s00_axi_inst/slv_reg1[0]_i_1_n_0                                                     |                5 |              8 |         1.60 |
|  design_1_wrapper_i/design_1_i/processing_system7_0/inst/FCLK_CLK0 | design_1_wrapper_i/design_1_i/transformer_axi_0/U0/s00_axi_inst/attn_regs[84]_233[15]                                                                                                | design_1_wrapper_i/design_1_i/transformer_axi_0/U0/s00_axi_inst/slv_reg1[0]_i_1_n_0                                                     |                2 |              8 |         4.00 |
|  design_1_wrapper_i/design_1_i/processing_system7_0/inst/FCLK_CLK0 | design_1_wrapper_i/design_1_i/transformer_axi_0/U0/s00_axi_inst/attn_regs[90]_227[31]                                                                                                | design_1_wrapper_i/design_1_i/transformer_axi_0/U0/s00_axi_inst/slv_reg1[0]_i_1_n_0                                                     |                6 |              8 |         1.33 |
|  design_1_wrapper_i/design_1_i/processing_system7_0/inst/FCLK_CLK0 | design_1_wrapper_i/design_1_i/transformer_axi_0/U0/s00_axi_inst/attn_regs[91]_226[23]                                                                                                | design_1_wrapper_i/design_1_i/transformer_axi_0/U0/s00_axi_inst/slv_reg1[0]_i_1_n_0                                                     |                4 |              8 |         2.00 |
|  design_1_wrapper_i/design_1_i/processing_system7_0/inst/FCLK_CLK0 | design_1_wrapper_i/design_1_i/transformer_axi_0/U0/s00_axi_inst/attn_regs[77]_234[15]                                                                                                | design_1_wrapper_i/design_1_i/transformer_axi_0/U0/s00_axi_inst/slv_reg1[0]_i_1_n_0                                                     |                4 |              8 |         2.00 |
|  design_1_wrapper_i/design_1_i/processing_system7_0/inst/FCLK_CLK0 | design_1_wrapper_i/design_1_i/transformer_axi_0/U0/s00_axi_inst/attn_regs[77]_234[31]                                                                                                | design_1_wrapper_i/design_1_i/transformer_axi_0/U0/s00_axi_inst/slv_reg1[0]_i_1_n_0                                                     |                3 |              8 |         2.67 |
|  design_1_wrapper_i/design_1_i/processing_system7_0/inst/FCLK_CLK0 | design_1_wrapper_i/design_1_i/transformer_axi_0/U0/s00_axi_inst/attn_regs[93]_224[7]                                                                                                 | design_1_wrapper_i/design_1_i/transformer_axi_0/U0/s00_axi_inst/slv_reg1[0]_i_1_n_0                                                     |                5 |              8 |         1.60 |
|  design_1_wrapper_i/design_1_i/processing_system7_0/inst/FCLK_CLK0 | design_1_wrapper_i/design_1_i/transformer_axi_0/U0/s00_axi_inst/attn_regs[84]_233[31]                                                                                                | design_1_wrapper_i/design_1_i/transformer_axi_0/U0/s00_axi_inst/slv_reg1[0]_i_1_n_0                                                     |                2 |              8 |         4.00 |
|  design_1_wrapper_i/design_1_i/processing_system7_0/inst/FCLK_CLK0 | design_1_wrapper_i/design_1_i/transformer_axi_0/U0/s00_axi_inst/attn_regs[85]_232[23]                                                                                                | design_1_wrapper_i/design_1_i/transformer_axi_0/U0/s00_axi_inst/slv_reg1[0]_i_1_n_0                                                     |                1 |              8 |         8.00 |
|  design_1_wrapper_i/design_1_i/processing_system7_0/inst/FCLK_CLK0 | design_1_wrapper_i/design_1_i/transformer_axi_0/U0/s00_axi_inst/attn_regs[84]_233[7]                                                                                                 | design_1_wrapper_i/design_1_i/transformer_axi_0/U0/s00_axi_inst/slv_reg1[0]_i_1_n_0                                                     |                1 |              8 |         8.00 |
|  design_1_wrapper_i/design_1_i/processing_system7_0/inst/FCLK_CLK0 | design_1_wrapper_i/design_1_i/transformer_axi_0/U0/s00_axi_inst/attn_regs[87]_230[7]                                                                                                 | design_1_wrapper_i/design_1_i/transformer_axi_0/U0/s00_axi_inst/slv_reg1[0]_i_1_n_0                                                     |                2 |              8 |         4.00 |
|  design_1_wrapper_i/design_1_i/processing_system7_0/inst/FCLK_CLK0 | design_1_wrapper_i/design_1_i/transformer_axi_0/U0/s00_axi_inst/attn_regs[91]_226[31]                                                                                                | design_1_wrapper_i/design_1_i/transformer_axi_0/U0/s00_axi_inst/slv_reg1[0]_i_1_n_0                                                     |                4 |              8 |         2.00 |
|  design_1_wrapper_i/design_1_i/processing_system7_0/inst/FCLK_CLK0 | design_1_wrapper_i/design_1_i/transformer_axi_0/U0/s00_axi_inst/attn_regs[77]_234[23]                                                                                                | design_1_wrapper_i/design_1_i/transformer_axi_0/U0/s00_axi_inst/slv_reg1[0]_i_1_n_0                                                     |                4 |              8 |         2.00 |
|  design_1_wrapper_i/design_1_i/processing_system7_0/inst/FCLK_CLK0 | design_1_wrapper_i/design_1_i/transformer_axi_0/U0/s00_axi_inst/attn_regs[77]_234[7]                                                                                                 | design_1_wrapper_i/design_1_i/transformer_axi_0/U0/s00_axi_inst/slv_reg1[0]_i_1_n_0                                                     |                3 |              8 |         2.67 |
|  design_1_wrapper_i/design_1_i/processing_system7_0/inst/FCLK_CLK0 | design_1_wrapper_i/design_1_i/transformer_axi_0/U0/s00_axi_inst/attn_regs[88]_229[7]                                                                                                 | design_1_wrapper_i/design_1_i/transformer_axi_0/U0/s00_axi_inst/slv_reg1[0]_i_1_n_0                                                     |                3 |              8 |         2.67 |
|  design_1_wrapper_i/design_1_i/processing_system7_0/inst/FCLK_CLK0 | design_1_wrapper_i/design_1_i/transformer_axi_0/U0/s00_axi_inst/attn_regs[92]_225[7]                                                                                                 | design_1_wrapper_i/design_1_i/transformer_axi_0/U0/s00_axi_inst/slv_reg1[0]_i_1_n_0                                                     |                4 |              8 |         2.00 |
|  design_1_wrapper_i/design_1_i/processing_system7_0/inst/FCLK_CLK0 | design_1_wrapper_i/design_1_i/transformer_axi_0/U0/s00_axi_inst/attn_regs[92]_225[23]                                                                                                | design_1_wrapper_i/design_1_i/transformer_axi_0/U0/s00_axi_inst/slv_reg1[0]_i_1_n_0                                                     |                8 |              8 |         1.00 |
|  design_1_wrapper_i/design_1_i/processing_system7_0/inst/FCLK_CLK0 | design_1_wrapper_i/design_1_i/transformer_axi_0/U0/s00_axi_inst/attn_regs[94]_223[15]                                                                                                | design_1_wrapper_i/design_1_i/transformer_axi_0/U0/s00_axi_inst/slv_reg1[0]_i_1_n_0                                                     |                1 |              8 |         8.00 |
|  design_1_wrapper_i/design_1_i/processing_system7_0/inst/FCLK_CLK0 | design_1_wrapper_i/design_1_i/transformer_axi_0/U0/s00_axi_inst/attn_regs[94]_223[23]                                                                                                | design_1_wrapper_i/design_1_i/transformer_axi_0/U0/s00_axi_inst/slv_reg1[0]_i_1_n_0                                                     |                5 |              8 |         1.60 |
|  design_1_wrapper_i/design_1_i/processing_system7_0/inst/FCLK_CLK0 | design_1_wrapper_i/design_1_i/transformer_axi_0/U0/s00_axi_inst/attn_regs[87]_230[23]                                                                                                | design_1_wrapper_i/design_1_i/transformer_axi_0/U0/s00_axi_inst/slv_reg1[0]_i_1_n_0                                                     |                2 |              8 |         4.00 |
|  design_1_wrapper_i/design_1_i/processing_system7_0/inst/FCLK_CLK0 | design_1_wrapper_i/design_1_i/transformer_axi_0/U0/s00_axi_inst/attn_regs[94]_223[31]                                                                                                | design_1_wrapper_i/design_1_i/transformer_axi_0/U0/s00_axi_inst/slv_reg1[0]_i_1_n_0                                                     |                5 |              8 |         1.60 |
|  design_1_wrapper_i/design_1_i/processing_system7_0/inst/FCLK_CLK0 | design_1_wrapper_i/design_1_i/transformer_axi_0/U0/s00_axi_inst/attn_regs[95]_222[7]                                                                                                 | design_1_wrapper_i/design_1_i/transformer_axi_0/U0/s00_axi_inst/slv_reg1[0]_i_1_n_0                                                     |                4 |              8 |         2.00 |
|  design_1_wrapper_i/design_1_i/processing_system7_0/inst/FCLK_CLK0 | design_1_wrapper_i/design_1_i/transformer_axi_0/U0/s00_axi_inst/attn_regs[95]_222[15]                                                                                                | design_1_wrapper_i/design_1_i/transformer_axi_0/U0/s00_axi_inst/slv_reg1[0]_i_1_n_0                                                     |                1 |              8 |         8.00 |
|  design_1_wrapper_i/design_1_i/processing_system7_0/inst/FCLK_CLK0 | design_1_wrapper_i/design_1_i/transformer_axi_0/U0/s00_axi_inst/attn_regs[76]_235[31]                                                                                                | design_1_wrapper_i/design_1_i/transformer_axi_0/U0/s00_axi_inst/slv_reg1[0]_i_1_n_0                                                     |                4 |              8 |         2.00 |
|  design_1_wrapper_i/design_1_i/processing_system7_0/inst/FCLK_CLK0 | design_1_wrapper_i/design_1_i/transformer_axi_0/U0/s00_axi_inst/attn_regs[86]_231[15]                                                                                                | design_1_wrapper_i/design_1_i/transformer_axi_0/U0/s00_axi_inst/slv_reg1[0]_i_1_n_0                                                     |                3 |              8 |         2.67 |
|  design_1_wrapper_i/design_1_i/processing_system7_0/inst/FCLK_CLK0 | design_1_wrapper_i/design_1_i/transformer_axi_0/U0/s00_axi_inst/attn_regs[86]_231[7]                                                                                                 | design_1_wrapper_i/design_1_i/transformer_axi_0/U0/s00_axi_inst/slv_reg1[0]_i_1_n_0                                                     |                3 |              8 |         2.67 |
|  design_1_wrapper_i/design_1_i/processing_system7_0/inst/FCLK_CLK0 | design_1_wrapper_i/design_1_i/transformer_axi_0/U0/s00_axi_inst/attn_regs[85]_232[15]                                                                                                | design_1_wrapper_i/design_1_i/transformer_axi_0/U0/s00_axi_inst/slv_reg1[0]_i_1_n_0                                                     |                3 |              8 |         2.67 |
|  design_1_wrapper_i/design_1_i/processing_system7_0/inst/FCLK_CLK0 | design_1_wrapper_i/design_1_i/transformer_axi_0/U0/s00_axi_inst/attn_regs[88]_229[31]                                                                                                | design_1_wrapper_i/design_1_i/transformer_axi_0/U0/s00_axi_inst/slv_reg1[0]_i_1_n_0                                                     |                2 |              8 |         4.00 |
|  design_1_wrapper_i/design_1_i/processing_system7_0/inst/FCLK_CLK0 | design_1_wrapper_i/design_1_i/transformer_axi_0/U0/s00_axi_inst/attn_regs[90]_227[15]                                                                                                | design_1_wrapper_i/design_1_i/transformer_axi_0/U0/s00_axi_inst/slv_reg1[0]_i_1_n_0                                                     |                1 |              8 |         8.00 |
|  design_1_wrapper_i/design_1_i/processing_system7_0/inst/FCLK_CLK0 | design_1_wrapper_i/design_1_i/transformer_axi_0/U0/s00_axi_inst/attn_regs[89]_228[23]                                                                                                | design_1_wrapper_i/design_1_i/transformer_axi_0/U0/s00_axi_inst/slv_reg1[0]_i_1_n_0                                                     |                1 |              8 |         8.00 |
|  design_1_wrapper_i/design_1_i/processing_system7_0/inst/FCLK_CLK0 | design_1_wrapper_i/design_1_i/transformer_axi_0/U0/s00_axi_inst/attn_regs[85]_232[31]                                                                                                | design_1_wrapper_i/design_1_i/transformer_axi_0/U0/s00_axi_inst/slv_reg1[0]_i_1_n_0                                                     |                4 |              8 |         2.00 |
|  design_1_wrapper_i/design_1_i/processing_system7_0/inst/FCLK_CLK0 | design_1_wrapper_i/design_1_i/transformer_axi_0/U0/s00_axi_inst/attn_regs[84]_233[23]                                                                                                | design_1_wrapper_i/design_1_i/transformer_axi_0/U0/s00_axi_inst/slv_reg1[0]_i_1_n_0                                                     |                4 |              8 |         2.00 |
|  design_1_wrapper_i/design_1_i/processing_system7_0/inst/FCLK_CLK0 | design_1_wrapper_i/design_1_i/transformer_axi_0/U0/s00_axi_inst/attn_regs[90]_227[23]                                                                                                | design_1_wrapper_i/design_1_i/transformer_axi_0/U0/s00_axi_inst/slv_reg1[0]_i_1_n_0                                                     |                3 |              8 |         2.67 |
|  design_1_wrapper_i/design_1_i/processing_system7_0/inst/FCLK_CLK0 | design_1_wrapper_i/design_1_i/transformer_axi_0/U0/s00_axi_inst/attn_regs[88]_229[15]                                                                                                | design_1_wrapper_i/design_1_i/transformer_axi_0/U0/s00_axi_inst/slv_reg1[0]_i_1_n_0                                                     |                1 |              8 |         8.00 |
|  design_1_wrapper_i/design_1_i/processing_system7_0/inst/FCLK_CLK0 | design_1_wrapper_i/design_1_i/transformer_axi_0/U0/s00_axi_inst/attn_regs[91]_226[7]                                                                                                 | design_1_wrapper_i/design_1_i/transformer_axi_0/U0/s00_axi_inst/slv_reg1[0]_i_1_n_0                                                     |                3 |              8 |         2.67 |
|  design_1_wrapper_i/design_1_i/processing_system7_0/inst/FCLK_CLK0 | design_1_wrapper_i/design_1_i/transformer_axi_0/U0/s00_axi_inst/attn_regs[90]_227[7]                                                                                                 | design_1_wrapper_i/design_1_i/transformer_axi_0/U0/s00_axi_inst/slv_reg1[0]_i_1_n_0                                                     |                1 |              8 |         8.00 |
|  design_1_wrapper_i/design_1_i/processing_system7_0/inst/FCLK_CLK0 | design_1_wrapper_i/design_1_i/transformer_axi_0/U0/s00_axi_inst/attn_regs[87]_230[31]                                                                                                | design_1_wrapper_i/design_1_i/transformer_axi_0/U0/s00_axi_inst/slv_reg1[0]_i_1_n_0                                                     |                3 |              8 |         2.67 |
|  design_1_wrapper_i/design_1_i/processing_system7_0/inst/FCLK_CLK0 | design_1_wrapper_i/design_1_i/transformer_axi_0/U0/s00_axi_inst/attn_regs[85]_232[7]                                                                                                 | design_1_wrapper_i/design_1_i/transformer_axi_0/U0/s00_axi_inst/slv_reg1[0]_i_1_n_0                                                     |                1 |              8 |         8.00 |
|  design_1_wrapper_i/design_1_i/processing_system7_0/inst/FCLK_CLK0 | design_1_wrapper_i/design_1_i/transformer_axi_0/U0/s00_axi_inst/attn_regs[87]_230[15]                                                                                                | design_1_wrapper_i/design_1_i/transformer_axi_0/U0/s00_axi_inst/slv_reg1[0]_i_1_n_0                                                     |                3 |              8 |         2.67 |
|  design_1_wrapper_i/design_1_i/processing_system7_0/inst/FCLK_CLK0 | design_1_wrapper_i/design_1_i/transformer_axi_0/U0/s00_axi_inst/attn_regs[89]_228[31]                                                                                                | design_1_wrapper_i/design_1_i/transformer_axi_0/U0/s00_axi_inst/slv_reg1[0]_i_1_n_0                                                     |                2 |              8 |         4.00 |
|  design_1_wrapper_i/design_1_i/processing_system7_0/inst/FCLK_CLK0 | design_1_wrapper_i/design_1_i/transformer_axi_0/U0/s00_axi_inst/attn_regs[91]_226[15]                                                                                                | design_1_wrapper_i/design_1_i/transformer_axi_0/U0/s00_axi_inst/slv_reg1[0]_i_1_n_0                                                     |                1 |              8 |         8.00 |
|  design_1_wrapper_i/design_1_i/processing_system7_0/inst/FCLK_CLK0 | design_1_wrapper_i/design_1_i/transformer_axi_0/U0/s00_axi_inst/attn_regs[92]_225[15]                                                                                                | design_1_wrapper_i/design_1_i/transformer_axi_0/U0/s00_axi_inst/slv_reg1[0]_i_1_n_0                                                     |                5 |              8 |         1.60 |
|  design_1_wrapper_i/design_1_i/processing_system7_0/inst/FCLK_CLK0 | design_1_wrapper_i/design_1_i/transformer_axi_0/U0/s00_axi_inst/attn_regs[93]_224[15]                                                                                                | design_1_wrapper_i/design_1_i/transformer_axi_0/U0/s00_axi_inst/slv_reg1[0]_i_1_n_0                                                     |                5 |              8 |         1.60 |
|  design_1_wrapper_i/design_1_i/processing_system7_0/inst/FCLK_CLK0 | design_1_wrapper_i/design_1_i/transformer_axi_0/U0/s00_axi_inst/attn_regs[98]_219[23]                                                                                                | design_1_wrapper_i/design_1_i/transformer_axi_0/U0/s00_axi_inst/slv_reg1[0]_i_1_n_0                                                     |                4 |              8 |         2.00 |
|  design_1_wrapper_i/design_1_i/processing_system7_0/inst/FCLK_CLK0 | design_1_wrapper_i/design_1_i/transformer_axi_0/U0/s00_axi_inst/attn_regs[96]_221[15]                                                                                                | design_1_wrapper_i/design_1_i/transformer_axi_0/U0/s00_axi_inst/slv_reg1[0]_i_1_n_0                                                     |                4 |              8 |         2.00 |
|  design_1_wrapper_i/design_1_i/processing_system7_0/inst/FCLK_CLK0 | design_1_wrapper_i/design_1_i/transformer_axi_0/U0/s00_axi_inst/attn_regs[98]_219[7]                                                                                                 | design_1_wrapper_i/design_1_i/transformer_axi_0/U0/s00_axi_inst/slv_reg1[0]_i_1_n_0                                                     |                5 |              8 |         1.60 |
|  design_1_wrapper_i/design_1_i/processing_system7_0/inst/FCLK_CLK0 | design_1_wrapper_i/design_1_i/transformer_axi_0/U0/s00_axi_inst/attn_regs[95]_222[31]                                                                                                | design_1_wrapper_i/design_1_i/transformer_axi_0/U0/s00_axi_inst/slv_reg1[0]_i_1_n_0                                                     |                7 |              8 |         1.14 |
|  design_1_wrapper_i/design_1_i/processing_system7_0/inst/FCLK_CLK0 | design_1_wrapper_i/design_1_i/transformer_axi_0/U0/s00_axi_inst/attn_regs[99]_218[15]                                                                                                | design_1_wrapper_i/design_1_i/transformer_axi_0/U0/s00_axi_inst/slv_reg1[0]_i_1_n_0                                                     |                6 |              8 |         1.33 |
|  design_1_wrapper_i/design_1_i/processing_system7_0/inst/FCLK_CLK0 | design_1_wrapper_i/design_1_i/transformer_axi_0/U0/s00_axi_inst/attn_regs[98]_219[31]                                                                                                | design_1_wrapper_i/design_1_i/transformer_axi_0/U0/s00_axi_inst/slv_reg1[0]_i_1_n_0                                                     |                4 |              8 |         2.00 |
|  design_1_wrapper_i/design_1_i/processing_system7_0/inst/FCLK_CLK0 | design_1_wrapper_i/design_1_i/transformer_axi_0/U0/s00_axi_inst/attn_regs[97]_220[31]                                                                                                | design_1_wrapper_i/design_1_i/transformer_axi_0/U0/s00_axi_inst/slv_reg1[0]_i_1_n_0                                                     |                3 |              8 |         2.67 |
|  design_1_wrapper_i/design_1_i/processing_system7_0/inst/FCLK_CLK0 | design_1_wrapper_i/design_1_i/transformer_axi_0/U0/s00_axi_inst/attn_regs[97]_220[7]                                                                                                 | design_1_wrapper_i/design_1_i/transformer_axi_0/U0/s00_axi_inst/slv_reg1[0]_i_1_n_0                                                     |                1 |              8 |         8.00 |
|  design_1_wrapper_i/design_1_i/processing_system7_0/inst/FCLK_CLK0 | design_1_wrapper_i/design_1_i/transformer_axi_0/U0/s00_axi_inst/attn_regs[99]_218[23]                                                                                                | design_1_wrapper_i/design_1_i/transformer_axi_0/U0/s00_axi_inst/slv_reg1[0]_i_1_n_0                                                     |                4 |              8 |         2.00 |
|  design_1_wrapper_i/design_1_i/processing_system7_0/inst/FCLK_CLK0 | design_1_wrapper_i/design_1_i/transformer_axi_0/U0/s00_axi_inst/attn_regs[95]_222[23]                                                                                                | design_1_wrapper_i/design_1_i/transformer_axi_0/U0/s00_axi_inst/slv_reg1[0]_i_1_n_0                                                     |                4 |              8 |         2.00 |
|  design_1_wrapper_i/design_1_i/processing_system7_0/inst/FCLK_CLK0 | design_1_wrapper_i/design_1_i/transformer_axi_0/U0/s00_axi_inst/attn_regs[96]_221[7]                                                                                                 | design_1_wrapper_i/design_1_i/transformer_axi_0/U0/s00_axi_inst/slv_reg1[0]_i_1_n_0                                                     |                1 |              8 |         8.00 |
|  design_1_wrapper_i/design_1_i/processing_system7_0/inst/FCLK_CLK0 | design_1_wrapper_i/design_1_i/transformer_axi_0/U0/s00_axi_inst/attn_regs[97]_220[15]                                                                                                | design_1_wrapper_i/design_1_i/transformer_axi_0/U0/s00_axi_inst/slv_reg1[0]_i_1_n_0                                                     |                1 |              8 |         8.00 |
|  design_1_wrapper_i/design_1_i/processing_system7_0/inst/FCLK_CLK0 | design_1_wrapper_i/design_1_i/transformer_axi_0/U0/s00_axi_inst/attn_regs[96]_221[31]                                                                                                | design_1_wrapper_i/design_1_i/transformer_axi_0/U0/s00_axi_inst/slv_reg1[0]_i_1_n_0                                                     |                1 |              8 |         8.00 |
|  design_1_wrapper_i/design_1_i/processing_system7_0/inst/FCLK_CLK0 | design_1_wrapper_i/design_1_i/transformer_axi_0/U0/s00_axi_inst/attn_regs[99]_218[7]                                                                                                 | design_1_wrapper_i/design_1_i/transformer_axi_0/U0/s00_axi_inst/slv_reg1[0]_i_1_n_0                                                     |                6 |              8 |         1.33 |
|  design_1_wrapper_i/design_1_i/processing_system7_0/inst/FCLK_CLK0 | design_1_wrapper_i/design_1_i/transformer_axi_0/U0/s00_axi_inst/attn_regs[99]_218[31]                                                                                                | design_1_wrapper_i/design_1_i/transformer_axi_0/U0/s00_axi_inst/slv_reg1[0]_i_1_n_0                                                     |                6 |              8 |         1.33 |
|  design_1_wrapper_i/design_1_i/processing_system7_0/inst/FCLK_CLK0 | design_1_wrapper_i/design_1_i/transformer_axi_0/U0/s00_axi_inst/attn_regs[98]_219[15]                                                                                                | design_1_wrapper_i/design_1_i/transformer_axi_0/U0/s00_axi_inst/slv_reg1[0]_i_1_n_0                                                     |                3 |              8 |         2.67 |
|  design_1_wrapper_i/design_1_i/processing_system7_0/inst/FCLK_CLK0 | design_1_wrapper_i/design_1_i/transformer_axi_0/U0/s00_axi_inst/attn_regs[97]_220[23]                                                                                                | design_1_wrapper_i/design_1_i/transformer_axi_0/U0/s00_axi_inst/slv_reg1[0]_i_1_n_0                                                     |                4 |              8 |         2.00 |
|  design_1_wrapper_i/design_1_i/processing_system7_0/inst/FCLK_CLK0 | design_1_wrapper_i/design_1_i/transformer_axi_0/U0/s00_axi_inst/attn_regs[96]_221[23]                                                                                                | design_1_wrapper_i/design_1_i/transformer_axi_0/U0/s00_axi_inst/slv_reg1[0]_i_1_n_0                                                     |                5 |              8 |         1.60 |
|  design_1_wrapper_i/design_1_i/processing_system7_0/inst/FCLK_CLK0 | qkv_projector_i/load_idx[7]_i_1_n_0                                                                                                                                                  | design_1_wrapper_i/rst                                                                                                                  |                4 |              8 |         2.00 |
|  design_1_wrapper_i/design_1_i/processing_system7_0/inst/FCLK_CLK0 | design_1_wrapper_i/design_1_i/transformer_axi_0/U0/s00_axi_inst/attn_regs[0][15]_i_1_n_0                                                                                             | design_1_wrapper_i/design_1_i/transformer_axi_0/U0/s00_axi_inst/slv_reg1[0]_i_1_n_0                                                     |                2 |              8 |         4.00 |
|  design_1_wrapper_i/design_1_i/processing_system7_0/inst/FCLK_CLK0 | design_1_wrapper_i/design_1_i/transformer_axi_0/U0/s00_axi_inst/attn_regs[0][23]_i_1_n_0                                                                                             | design_1_wrapper_i/design_1_i/transformer_axi_0/U0/s00_axi_inst/slv_reg1[0]_i_1_n_0                                                     |                3 |              8 |         2.67 |
|  design_1_wrapper_i/design_1_i/processing_system7_0/inst/FCLK_CLK0 | design_1_wrapper_i/design_1_i/transformer_axi_0/U0/s00_axi_inst/attn_regs[10][7]_i_1_n_0                                                                                             | design_1_wrapper_i/design_1_i/transformer_axi_0/U0/s00_axi_inst/slv_reg1[0]_i_1_n_0                                                     |                2 |              8 |         4.00 |
|  design_1_wrapper_i/design_1_i/processing_system7_0/inst/FCLK_CLK0 | design_1_wrapper_i/design_1_i/transformer_axi_0/U0/s00_axi_inst/attn_regs[17][15]_i_1_n_0                                                                                            | design_1_wrapper_i/design_1_i/transformer_axi_0/U0/s00_axi_inst/slv_reg1[0]_i_1_n_0                                                     |                2 |              8 |         4.00 |
|  design_1_wrapper_i/design_1_i/processing_system7_0/inst/FCLK_CLK0 | design_1_wrapper_i/design_1_i/transformer_axi_0/U0/s00_axi_inst/attn_regs[19][7]_i_1_n_0                                                                                             | design_1_wrapper_i/design_1_i/transformer_axi_0/U0/s00_axi_inst/slv_reg1[0]_i_1_n_0                                                     |                1 |              8 |         8.00 |
|  design_1_wrapper_i/design_1_i/processing_system7_0/inst/FCLK_CLK0 | design_1_wrapper_i/design_1_i/transformer_axi_0/U0/s00_axi_inst/attn_regs[1][15]_i_1_n_0                                                                                             | design_1_wrapper_i/design_1_i/transformer_axi_0/U0/s00_axi_inst/slv_reg1[0]_i_1_n_0                                                     |                5 |              8 |         1.60 |
|  design_1_wrapper_i/design_1_i/processing_system7_0/inst/FCLK_CLK0 | design_1_wrapper_i/design_1_i/transformer_axi_0/U0/s00_axi_inst/attn_regs[16][31]_i_1_n_0                                                                                            | design_1_wrapper_i/design_1_i/transformer_axi_0/U0/s00_axi_inst/slv_reg1[0]_i_1_n_0                                                     |                2 |              8 |         4.00 |
|  design_1_wrapper_i/design_1_i/processing_system7_0/inst/FCLK_CLK0 | design_1_wrapper_i/design_1_i/transformer_axi_0/U0/s00_axi_inst/attn_regs[1][23]_i_1_n_0                                                                                             | design_1_wrapper_i/design_1_i/transformer_axi_0/U0/s00_axi_inst/slv_reg1[0]_i_1_n_0                                                     |                5 |              8 |         1.60 |
|  design_1_wrapper_i/design_1_i/processing_system7_0/inst/FCLK_CLK0 | design_1_wrapper_i/design_1_i/transformer_axi_0/U0/s00_axi_inst/attn_regs[1][31]_i_1_n_0                                                                                             | design_1_wrapper_i/design_1_i/transformer_axi_0/U0/s00_axi_inst/slv_reg1[0]_i_1_n_0                                                     |                4 |              8 |         2.00 |
|  design_1_wrapper_i/design_1_i/processing_system7_0/inst/FCLK_CLK0 | design_1_wrapper_i/design_1_i/transformer_axi_0/U0/s00_axi_inst/attn_regs[13][23]_i_1_n_0                                                                                            | design_1_wrapper_i/design_1_i/transformer_axi_0/U0/s00_axi_inst/slv_reg1[0]_i_1_n_0                                                     |                2 |              8 |         4.00 |
|  design_1_wrapper_i/design_1_i/processing_system7_0/inst/FCLK_CLK0 | design_1_wrapper_i/design_1_i/transformer_axi_0/U0/s00_axi_inst/attn_regs[11][23]_i_1_n_0                                                                                            | design_1_wrapper_i/design_1_i/transformer_axi_0/U0/s00_axi_inst/slv_reg1[0]_i_1_n_0                                                     |                2 |              8 |         4.00 |
|  design_1_wrapper_i/design_1_i/processing_system7_0/inst/FCLK_CLK0 | design_1_wrapper_i/design_1_i/transformer_axi_0/U0/s00_axi_inst/attn_regs[10][15]_i_1_n_0                                                                                            | design_1_wrapper_i/design_1_i/transformer_axi_0/U0/s00_axi_inst/slv_reg1[0]_i_1_n_0                                                     |                3 |              8 |         2.67 |
|  design_1_wrapper_i/design_1_i/processing_system7_0/inst/FCLK_CLK0 | design_1_wrapper_i/design_1_i/transformer_axi_0/U0/s00_axi_inst/attn_regs[14][31]_i_1_n_0                                                                                            | design_1_wrapper_i/design_1_i/transformer_axi_0/U0/s00_axi_inst/slv_reg1[0]_i_1_n_0                                                     |                5 |              8 |         1.60 |
|  design_1_wrapper_i/design_1_i/processing_system7_0/inst/FCLK_CLK0 | design_1_wrapper_i/design_1_i/transformer_axi_0/U0/s00_axi_inst/attn_regs[15][31]_i_1_n_0                                                                                            | design_1_wrapper_i/design_1_i/transformer_axi_0/U0/s00_axi_inst/slv_reg1[0]_i_1_n_0                                                     |                5 |              8 |         1.60 |
|  design_1_wrapper_i/design_1_i/processing_system7_0/inst/FCLK_CLK0 | design_1_wrapper_i/design_1_i/transformer_axi_0/U0/s00_axi_inst/attn_regs[15][7]_i_1_n_0                                                                                             | design_1_wrapper_i/design_1_i/transformer_axi_0/U0/s00_axi_inst/slv_reg1[0]_i_1_n_0                                                     |                2 |              8 |         4.00 |
|  design_1_wrapper_i/design_1_i/processing_system7_0/inst/FCLK_CLK0 | design_1_wrapper_i/design_1_i/transformer_axi_0/U0/s00_axi_inst/attn_regs[14][7]_i_1_n_0                                                                                             | design_1_wrapper_i/design_1_i/transformer_axi_0/U0/s00_axi_inst/slv_reg1[0]_i_1_n_0                                                     |                3 |              8 |         2.67 |
|  design_1_wrapper_i/design_1_i/processing_system7_0/inst/FCLK_CLK0 | design_1_wrapper_i/design_1_i/transformer_axi_0/U0/s00_axi_inst/attn_regs[17][31]_i_1_n_0                                                                                            | design_1_wrapper_i/design_1_i/transformer_axi_0/U0/s00_axi_inst/slv_reg1[0]_i_1_n_0                                                     |                2 |              8 |         4.00 |
|  design_1_wrapper_i/design_1_i/processing_system7_0/inst/FCLK_CLK0 | design_1_wrapper_i/design_1_i/transformer_axi_0/U0/s00_axi_inst/attn_regs[15][23]_i_1_n_0                                                                                            | design_1_wrapper_i/design_1_i/transformer_axi_0/U0/s00_axi_inst/slv_reg1[0]_i_1_n_0                                                     |                1 |              8 |         8.00 |
|  design_1_wrapper_i/design_1_i/processing_system7_0/inst/FCLK_CLK0 | design_1_wrapper_i/design_1_i/transformer_axi_0/U0/s00_axi_inst/attn_regs[12][15]_i_1_n_0                                                                                            | design_1_wrapper_i/design_1_i/transformer_axi_0/U0/s00_axi_inst/slv_reg1[0]_i_1_n_0                                                     |                1 |              8 |         8.00 |
|  design_1_wrapper_i/design_1_i/processing_system7_0/inst/FCLK_CLK0 | design_1_wrapper_i/design_1_i/transformer_axi_0/U0/s00_axi_inst/attn_regs[11][15]_i_1_n_0                                                                                            | design_1_wrapper_i/design_1_i/transformer_axi_0/U0/s00_axi_inst/slv_reg1[0]_i_1_n_0                                                     |                1 |              8 |         8.00 |
|  design_1_wrapper_i/design_1_i/processing_system7_0/inst/FCLK_CLK0 | design_1_wrapper_i/design_1_i/transformer_axi_0/U0/s00_axi_inst/attn_regs[12][31]_i_1_n_0                                                                                            | design_1_wrapper_i/design_1_i/transformer_axi_0/U0/s00_axi_inst/slv_reg1[0]_i_1_n_0                                                     |                2 |              8 |         4.00 |
|  design_1_wrapper_i/design_1_i/processing_system7_0/inst/FCLK_CLK0 | design_1_wrapper_i/design_1_i/transformer_axi_0/U0/s00_axi_inst/attn_regs[13][7]_i_1_n_0                                                                                             | design_1_wrapper_i/design_1_i/transformer_axi_0/U0/s00_axi_inst/slv_reg1[0]_i_1_n_0                                                     |                4 |              8 |         2.00 |
|  design_1_wrapper_i/design_1_i/processing_system7_0/inst/FCLK_CLK0 | design_1_wrapper_i/design_1_i/transformer_axi_0/U0/s00_axi_inst/attn_regs[11][31]_i_1_n_0                                                                                            | design_1_wrapper_i/design_1_i/transformer_axi_0/U0/s00_axi_inst/slv_reg1[0]_i_1_n_0                                                     |                3 |              8 |         2.67 |
|  design_1_wrapper_i/design_1_i/processing_system7_0/inst/FCLK_CLK0 | design_1_wrapper_i/design_1_i/transformer_axi_0/U0/s00_axi_inst/attn_regs[12][7]_i_1_n_0                                                                                             | design_1_wrapper_i/design_1_i/transformer_axi_0/U0/s00_axi_inst/slv_reg1[0]_i_1_n_0                                                     |                4 |              8 |         2.00 |
|  design_1_wrapper_i/design_1_i/processing_system7_0/inst/FCLK_CLK0 | design_1_wrapper_i/design_1_i/transformer_axi_0/U0/s00_axi_inst/attn_regs[15][15]_i_1_n_0                                                                                            | design_1_wrapper_i/design_1_i/transformer_axi_0/U0/s00_axi_inst/slv_reg1[0]_i_1_n_0                                                     |                1 |              8 |         8.00 |
|  design_1_wrapper_i/design_1_i/processing_system7_0/inst/FCLK_CLK0 | design_1_wrapper_i/design_1_i/transformer_axi_0/U0/s00_axi_inst/attn_regs[16][7]_i_1_n_0                                                                                             | design_1_wrapper_i/design_1_i/transformer_axi_0/U0/s00_axi_inst/slv_reg1[0]_i_1_n_0                                                     |                1 |              8 |         8.00 |
|  design_1_wrapper_i/design_1_i/processing_system7_0/inst/FCLK_CLK0 | design_1_wrapper_i/design_1_i/transformer_axi_0/U0/s00_axi_inst/attn_regs[18][23]_i_1_n_0                                                                                            | design_1_wrapper_i/design_1_i/transformer_axi_0/U0/s00_axi_inst/slv_reg1[0]_i_1_n_0                                                     |                1 |              8 |         8.00 |
|  design_1_wrapper_i/design_1_i/processing_system7_0/inst/FCLK_CLK0 | design_1_wrapper_i/design_1_i/transformer_axi_0/U0/s00_axi_inst/attn_regs[0][31]_i_1_n_0                                                                                             | design_1_wrapper_i/design_1_i/transformer_axi_0/U0/s00_axi_inst/slv_reg1[0]_i_1_n_0                                                     |                3 |              8 |         2.67 |
|  design_1_wrapper_i/design_1_i/processing_system7_0/inst/FCLK_CLK0 | design_1_wrapper_i/design_1_i/transformer_axi_0/U0/s00_axi_inst/attn_regs[11][7]_i_1_n_0                                                                                             | design_1_wrapper_i/design_1_i/transformer_axi_0/U0/s00_axi_inst/slv_reg1[0]_i_1_n_0                                                     |                1 |              8 |         8.00 |
|  design_1_wrapper_i/design_1_i/processing_system7_0/inst/FCLK_CLK0 | design_1_wrapper_i/design_1_i/transformer_axi_0/U0/s00_axi_inst/attn_regs[18][31]_i_1_n_0                                                                                            | design_1_wrapper_i/design_1_i/transformer_axi_0/U0/s00_axi_inst/slv_reg1[0]_i_1_n_0                                                     |                1 |              8 |         8.00 |
|  design_1_wrapper_i/design_1_i/processing_system7_0/inst/FCLK_CLK0 | design_1_wrapper_i/design_1_i/transformer_axi_0/U0/s00_axi_inst/attn_regs[10][23]_i_1_n_0                                                                                            | design_1_wrapper_i/design_1_i/transformer_axi_0/U0/s00_axi_inst/slv_reg1[0]_i_1_n_0                                                     |                1 |              8 |         8.00 |
|  design_1_wrapper_i/design_1_i/processing_system7_0/inst/FCLK_CLK0 | design_1_wrapper_i/design_1_i/transformer_axi_0/U0/s00_axi_inst/attn_regs[13][31]_i_1_n_0                                                                                            | design_1_wrapper_i/design_1_i/transformer_axi_0/U0/s00_axi_inst/slv_reg1[0]_i_1_n_0                                                     |                3 |              8 |         2.67 |
|  design_1_wrapper_i/design_1_i/processing_system7_0/inst/FCLK_CLK0 | design_1_wrapper_i/design_1_i/transformer_axi_0/U0/s00_axi_inst/attn_regs[18][7]_i_1_n_0                                                                                             | design_1_wrapper_i/design_1_i/transformer_axi_0/U0/s00_axi_inst/slv_reg1[0]_i_1_n_0                                                     |                2 |              8 |         4.00 |
|  design_1_wrapper_i/design_1_i/processing_system7_0/inst/FCLK_CLK0 | design_1_wrapper_i/design_1_i/transformer_axi_0/U0/s00_axi_inst/attn_regs[16][23]_i_1_n_0                                                                                            | design_1_wrapper_i/design_1_i/transformer_axi_0/U0/s00_axi_inst/slv_reg1[0]_i_1_n_0                                                     |                1 |              8 |         8.00 |
|  design_1_wrapper_i/design_1_i/processing_system7_0/inst/FCLK_CLK0 | design_1_wrapper_i/design_1_i/transformer_axi_0/U0/s00_axi_inst/attn_regs[16][15]_i_1_n_0                                                                                            | design_1_wrapper_i/design_1_i/transformer_axi_0/U0/s00_axi_inst/slv_reg1[0]_i_1_n_0                                                     |                2 |              8 |         4.00 |
|  design_1_wrapper_i/design_1_i/processing_system7_0/inst/FCLK_CLK0 | design_1_wrapper_i/design_1_i/transformer_axi_0/U0/s00_axi_inst/attn_regs[19][15]_i_1_n_0                                                                                            | design_1_wrapper_i/design_1_i/transformer_axi_0/U0/s00_axi_inst/slv_reg1[0]_i_1_n_0                                                     |                2 |              8 |         4.00 |
|  design_1_wrapper_i/design_1_i/processing_system7_0/inst/FCLK_CLK0 | design_1_wrapper_i/design_1_i/transformer_axi_0/U0/s00_axi_inst/attn_regs[14][23]_i_1_n_0                                                                                            | design_1_wrapper_i/design_1_i/transformer_axi_0/U0/s00_axi_inst/slv_reg1[0]_i_1_n_0                                                     |                3 |              8 |         2.67 |
|  design_1_wrapper_i/design_1_i/processing_system7_0/inst/FCLK_CLK0 | design_1_wrapper_i/design_1_i/transformer_axi_0/U0/s00_axi_inst/attn_regs[19][23]_i_1_n_0                                                                                            | design_1_wrapper_i/design_1_i/transformer_axi_0/U0/s00_axi_inst/slv_reg1[0]_i_1_n_0                                                     |                3 |              8 |         2.67 |
|  design_1_wrapper_i/design_1_i/processing_system7_0/inst/FCLK_CLK0 | design_1_wrapper_i/design_1_i/transformer_axi_0/U0/s00_axi_inst/attn_regs[19][31]_i_1_n_0                                                                                            | design_1_wrapper_i/design_1_i/transformer_axi_0/U0/s00_axi_inst/slv_reg1[0]_i_1_n_0                                                     |                1 |              8 |         8.00 |
|  design_1_wrapper_i/design_1_i/processing_system7_0/inst/FCLK_CLK0 | design_1_wrapper_i/design_1_i/transformer_axi_0/U0/s00_axi_inst/attn_regs[12][23]_i_1_n_0                                                                                            | design_1_wrapper_i/design_1_i/transformer_axi_0/U0/s00_axi_inst/slv_reg1[0]_i_1_n_0                                                     |                2 |              8 |         4.00 |
|  design_1_wrapper_i/design_1_i/processing_system7_0/inst/FCLK_CLK0 | design_1_wrapper_i/design_1_i/transformer_axi_0/U0/s00_axi_inst/attn_regs[13][15]_i_1_n_0                                                                                            | design_1_wrapper_i/design_1_i/transformer_axi_0/U0/s00_axi_inst/slv_reg1[0]_i_1_n_0                                                     |                2 |              8 |         4.00 |
|  design_1_wrapper_i/design_1_i/processing_system7_0/inst/FCLK_CLK0 | design_1_wrapper_i/design_1_i/transformer_axi_0/U0/s00_axi_inst/attn_regs[14][15]_i_1_n_0                                                                                            | design_1_wrapper_i/design_1_i/transformer_axi_0/U0/s00_axi_inst/slv_reg1[0]_i_1_n_0                                                     |                1 |              8 |         8.00 |
|  design_1_wrapper_i/design_1_i/processing_system7_0/inst/FCLK_CLK0 | design_1_wrapper_i/design_1_i/transformer_axi_0/U0/s00_axi_inst/attn_regs[17][23]_i_1_n_0                                                                                            | design_1_wrapper_i/design_1_i/transformer_axi_0/U0/s00_axi_inst/slv_reg1[0]_i_1_n_0                                                     |                1 |              8 |         8.00 |
|  design_1_wrapper_i/design_1_i/processing_system7_0/inst/FCLK_CLK0 | design_1_wrapper_i/design_1_i/transformer_axi_0/U0/s00_axi_inst/attn_regs[10][31]_i_1_n_0                                                                                            | design_1_wrapper_i/design_1_i/transformer_axi_0/U0/s00_axi_inst/slv_reg1[0]_i_1_n_0                                                     |                3 |              8 |         2.67 |
|  design_1_wrapper_i/design_1_i/processing_system7_0/inst/FCLK_CLK0 | design_1_wrapper_i/design_1_i/transformer_axi_0/U0/s00_axi_inst/attn_regs[17][7]_i_1_n_0                                                                                             | design_1_wrapper_i/design_1_i/transformer_axi_0/U0/s00_axi_inst/slv_reg1[0]_i_1_n_0                                                     |                1 |              8 |         8.00 |
|  design_1_wrapper_i/design_1_i/processing_system7_0/inst/FCLK_CLK0 | design_1_wrapper_i/design_1_i/transformer_axi_0/U0/s00_axi_inst/attn_regs[18][15]_i_1_n_0                                                                                            | design_1_wrapper_i/design_1_i/transformer_axi_0/U0/s00_axi_inst/slv_reg1[0]_i_1_n_0                                                     |                3 |              8 |         2.67 |
|  design_1_wrapper_i/design_1_i/processing_system7_0/inst/FCLK_CLK0 | design_1_wrapper_i/design_1_i/transformer_axi_0/U0/s00_axi_inst/attn_regs[0][7]_i_1_n_0                                                                                              | design_1_wrapper_i/design_1_i/transformer_axi_0/U0/s00_axi_inst/slv_reg1[0]_i_1_n_0                                                     |                5 |              8 |         1.60 |
|  design_1_wrapper_i/design_1_i/processing_system7_0/inst/FCLK_CLK0 | design_1_wrapper_i/design_1_i/transformer_axi_0/U0/s00_axi_inst/attn_regs[22][15]_i_1_n_0                                                                                            | design_1_wrapper_i/design_1_i/transformer_axi_0/U0/s00_axi_inst/slv_reg1[0]_i_1_n_0                                                     |                3 |              8 |         2.67 |
|  design_1_wrapper_i/design_1_i/processing_system7_0/inst/FCLK_CLK0 | design_1_wrapper_i/design_1_i/transformer_axi_0/U0/s00_axi_inst/attn_regs[20][15]_i_1_n_0                                                                                            | design_1_wrapper_i/design_1_i/transformer_axi_0/U0/s00_axi_inst/slv_reg1[0]_i_1_n_0                                                     |                2 |              8 |         4.00 |
|  design_1_wrapper_i/design_1_i/processing_system7_0/inst/FCLK_CLK0 | design_1_wrapper_i/design_1_i/transformer_axi_0/U0/s00_axi_inst/attn_regs[24][31]_i_1_n_0                                                                                            | design_1_wrapper_i/design_1_i/transformer_axi_0/U0/s00_axi_inst/slv_reg1[0]_i_1_n_0                                                     |                1 |              8 |         8.00 |
|  design_1_wrapper_i/design_1_i/processing_system7_0/inst/FCLK_CLK0 | design_1_wrapper_i/design_1_i/transformer_axi_0/U0/s00_axi_inst/attn_regs[27][15]_i_1_n_0                                                                                            | design_1_wrapper_i/design_1_i/transformer_axi_0/U0/s00_axi_inst/slv_reg1[0]_i_1_n_0                                                     |                2 |              8 |         4.00 |
|  design_1_wrapper_i/design_1_i/processing_system7_0/inst/FCLK_CLK0 | design_1_wrapper_i/design_1_i/transformer_axi_0/U0/s00_axi_inst/attn_regs[21][31]_i_1_n_0                                                                                            | design_1_wrapper_i/design_1_i/transformer_axi_0/U0/s00_axi_inst/slv_reg1[0]_i_1_n_0                                                     |                4 |              8 |         2.00 |
|  design_1_wrapper_i/design_1_i/processing_system7_0/inst/FCLK_CLK0 | design_1_wrapper_i/design_1_i/transformer_axi_0/U0/s00_axi_inst/attn_regs[28][23]_i_1_n_0                                                                                            | design_1_wrapper_i/design_1_i/transformer_axi_0/U0/s00_axi_inst/slv_reg1[0]_i_1_n_0                                                     |                4 |              8 |         2.00 |
|  design_1_wrapper_i/design_1_i/processing_system7_0/inst/FCLK_CLK0 | design_1_wrapper_i/design_1_i/transformer_axi_0/U0/s00_axi_inst/attn_regs[28][7]_i_1_n_0                                                                                             | design_1_wrapper_i/design_1_i/transformer_axi_0/U0/s00_axi_inst/slv_reg1[0]_i_1_n_0                                                     |                4 |              8 |         2.00 |
|  design_1_wrapper_i/design_1_i/processing_system7_0/inst/FCLK_CLK0 | design_1_wrapper_i/design_1_i/transformer_axi_0/U0/s00_axi_inst/attn_regs[29][23]_i_1_n_0                                                                                            | design_1_wrapper_i/design_1_i/transformer_axi_0/U0/s00_axi_inst/slv_reg1[0]_i_1_n_0                                                     |                5 |              8 |         1.60 |
|  design_1_wrapper_i/design_1_i/processing_system7_0/inst/FCLK_CLK0 | design_1_wrapper_i/design_1_i/transformer_axi_0/U0/s00_axi_inst/attn_regs[20][7]_i_1_n_0                                                                                             | design_1_wrapper_i/design_1_i/transformer_axi_0/U0/s00_axi_inst/slv_reg1[0]_i_1_n_0                                                     |                2 |              8 |         4.00 |
|  design_1_wrapper_i/design_1_i/processing_system7_0/inst/FCLK_CLK0 | design_1_wrapper_i/design_1_i/transformer_axi_0/U0/s00_axi_inst/attn_regs[27][23]_i_1_n_0                                                                                            | design_1_wrapper_i/design_1_i/transformer_axi_0/U0/s00_axi_inst/slv_reg1[0]_i_1_n_0                                                     |                3 |              8 |         2.67 |
|  design_1_wrapper_i/design_1_i/processing_system7_0/inst/FCLK_CLK0 | design_1_wrapper_i/design_1_i/transformer_axi_0/U0/s00_axi_inst/attn_regs[24][7]_i_1_n_0                                                                                             | design_1_wrapper_i/design_1_i/transformer_axi_0/U0/s00_axi_inst/slv_reg1[0]_i_1_n_0                                                     |                1 |              8 |         8.00 |
|  design_1_wrapper_i/design_1_i/processing_system7_0/inst/FCLK_CLK0 | design_1_wrapper_i/design_1_i/transformer_axi_0/U0/s00_axi_inst/attn_regs[29][7]_i_1_n_0                                                                                             | design_1_wrapper_i/design_1_i/transformer_axi_0/U0/s00_axi_inst/slv_reg1[0]_i_1_n_0                                                     |                4 |              8 |         2.00 |
|  design_1_wrapper_i/design_1_i/processing_system7_0/inst/FCLK_CLK0 | design_1_wrapper_i/design_1_i/transformer_axi_0/U0/s00_axi_inst/attn_regs[2][23]_i_1_n_0                                                                                             | design_1_wrapper_i/design_1_i/transformer_axi_0/U0/s00_axi_inst/slv_reg1[0]_i_1_n_0                                                     |                2 |              8 |         4.00 |
|  design_1_wrapper_i/design_1_i/processing_system7_0/inst/FCLK_CLK0 | design_1_wrapper_i/design_1_i/transformer_axi_0/U0/s00_axi_inst/attn_regs[26][15]_i_1_n_0                                                                                            | design_1_wrapper_i/design_1_i/transformer_axi_0/U0/s00_axi_inst/slv_reg1[0]_i_1_n_0                                                     |                1 |              8 |         8.00 |
|  design_1_wrapper_i/design_1_i/processing_system7_0/inst/FCLK_CLK0 | design_1_wrapper_i/design_1_i/transformer_axi_0/U0/s00_axi_inst/attn_regs[26][23]_i_1_n_0                                                                                            | design_1_wrapper_i/design_1_i/transformer_axi_0/U0/s00_axi_inst/slv_reg1[0]_i_1_n_0                                                     |                3 |              8 |         2.67 |
|  design_1_wrapper_i/design_1_i/processing_system7_0/inst/FCLK_CLK0 | design_1_wrapper_i/design_1_i/transformer_axi_0/U0/s00_axi_inst/attn_regs[29][31]_i_1_n_0                                                                                            | design_1_wrapper_i/design_1_i/transformer_axi_0/U0/s00_axi_inst/slv_reg1[0]_i_1_n_0                                                     |                4 |              8 |         2.00 |
|  design_1_wrapper_i/design_1_i/processing_system7_0/inst/FCLK_CLK0 | design_1_wrapper_i/design_1_i/transformer_axi_0/U0/s00_axi_inst/attn_regs[2][31]_i_1_n_0                                                                                             | design_1_wrapper_i/design_1_i/transformer_axi_0/U0/s00_axi_inst/slv_reg1[0]_i_1_n_0                                                     |                3 |              8 |         2.67 |
|  design_1_wrapper_i/design_1_i/processing_system7_0/inst/FCLK_CLK0 | design_1_wrapper_i/design_1_i/transformer_axi_0/U0/s00_axi_inst/attn_regs[21][15]_i_1_n_0                                                                                            | design_1_wrapper_i/design_1_i/transformer_axi_0/U0/s00_axi_inst/slv_reg1[0]_i_1_n_0                                                     |                6 |              8 |         1.33 |
|  design_1_wrapper_i/design_1_i/processing_system7_0/inst/FCLK_CLK0 | design_1_wrapper_i/design_1_i/transformer_axi_0/U0/s00_axi_inst/attn_regs[24][15]_i_1_n_0                                                                                            | design_1_wrapper_i/design_1_i/transformer_axi_0/U0/s00_axi_inst/slv_reg1[0]_i_1_n_0                                                     |                5 |              8 |         1.60 |
|  design_1_wrapper_i/design_1_i/processing_system7_0/inst/FCLK_CLK0 | design_1_wrapper_i/design_1_i/transformer_axi_0/U0/s00_axi_inst/attn_regs[26][31]_i_1_n_0                                                                                            | design_1_wrapper_i/design_1_i/transformer_axi_0/U0/s00_axi_inst/slv_reg1[0]_i_1_n_0                                                     |                1 |              8 |         8.00 |
|  design_1_wrapper_i/design_1_i/processing_system7_0/inst/FCLK_CLK0 | design_1_wrapper_i/design_1_i/transformer_axi_0/U0/s00_axi_inst/attn_regs[20][31]_i_1_n_0                                                                                            | design_1_wrapper_i/design_1_i/transformer_axi_0/U0/s00_axi_inst/slv_reg1[0]_i_1_n_0                                                     |                1 |              8 |         8.00 |
|  design_1_wrapper_i/design_1_i/processing_system7_0/inst/FCLK_CLK0 | design_1_wrapper_i/design_1_i/transformer_axi_0/U0/s00_axi_inst/attn_regs[28][15]_i_1_n_0                                                                                            | design_1_wrapper_i/design_1_i/transformer_axi_0/U0/s00_axi_inst/slv_reg1[0]_i_1_n_0                                                     |                2 |              8 |         4.00 |
|  design_1_wrapper_i/design_1_i/processing_system7_0/inst/FCLK_CLK0 | design_1_wrapper_i/design_1_i/transformer_axi_0/U0/s00_axi_inst/attn_regs[29][15]_i_1_n_0                                                                                            | design_1_wrapper_i/design_1_i/transformer_axi_0/U0/s00_axi_inst/slv_reg1[0]_i_1_n_0                                                     |                4 |              8 |         2.00 |
|  design_1_wrapper_i/design_1_i/processing_system7_0/inst/FCLK_CLK0 | design_1_wrapper_i/design_1_i/transformer_axi_0/U0/s00_axi_inst/attn_regs[30][23]_i_1_n_0                                                                                            | design_1_wrapper_i/design_1_i/transformer_axi_0/U0/s00_axi_inst/slv_reg1[0]_i_1_n_0                                                     |                3 |              8 |         2.67 |
|  design_1_wrapper_i/design_1_i/processing_system7_0/inst/FCLK_CLK0 | design_1_wrapper_i/design_1_i/transformer_axi_0/U0/s00_axi_inst/attn_regs[25][7]_i_1_n_0                                                                                             | design_1_wrapper_i/design_1_i/transformer_axi_0/U0/s00_axi_inst/slv_reg1[0]_i_1_n_0                                                     |                1 |              8 |         8.00 |
|  design_1_wrapper_i/design_1_i/processing_system7_0/inst/FCLK_CLK0 | design_1_wrapper_i/design_1_i/transformer_axi_0/U0/s00_axi_inst/attn_regs[30][31]_i_1_n_0                                                                                            | design_1_wrapper_i/design_1_i/transformer_axi_0/U0/s00_axi_inst/slv_reg1[0]_i_1_n_0                                                     |                3 |              8 |         2.67 |
|  design_1_wrapper_i/design_1_i/processing_system7_0/inst/FCLK_CLK0 | design_1_wrapper_i/design_1_i/transformer_axi_0/U0/s00_axi_inst/attn_regs[2][15]_i_1_n_0                                                                                             | design_1_wrapper_i/design_1_i/transformer_axi_0/U0/s00_axi_inst/slv_reg1[0]_i_1_n_0                                                     |                2 |              8 |         4.00 |
|  design_1_wrapper_i/design_1_i/processing_system7_0/inst/FCLK_CLK0 | design_1_wrapper_i/design_1_i/transformer_axi_0/U0/s00_axi_inst/attn_regs[2][7]_i_1_n_0                                                                                              | design_1_wrapper_i/design_1_i/transformer_axi_0/U0/s00_axi_inst/slv_reg1[0]_i_1_n_0                                                     |                3 |              8 |         2.67 |
|  design_1_wrapper_i/design_1_i/processing_system7_0/inst/FCLK_CLK0 | design_1_wrapper_i/design_1_i/transformer_axi_0/U0/s00_axi_inst/attn_regs[23][7]_i_1_n_0                                                                                             | design_1_wrapper_i/design_1_i/transformer_axi_0/U0/s00_axi_inst/slv_reg1[0]_i_1_n_0                                                     |                3 |              8 |         2.67 |
|  design_1_wrapper_i/design_1_i/processing_system7_0/inst/FCLK_CLK0 | design_1_wrapper_i/design_1_i/transformer_axi_0/U0/s00_axi_inst/attn_regs[25][31]_i_1_n_0                                                                                            | design_1_wrapper_i/design_1_i/transformer_axi_0/U0/s00_axi_inst/slv_reg1[0]_i_1_n_0                                                     |                3 |              8 |         2.67 |
|  design_1_wrapper_i/design_1_i/processing_system7_0/inst/FCLK_CLK0 | design_1_wrapper_i/design_1_i/transformer_axi_0/U0/s00_axi_inst/attn_regs[30][7]_i_1_n_0                                                                                             | design_1_wrapper_i/design_1_i/transformer_axi_0/U0/s00_axi_inst/slv_reg1[0]_i_1_n_0                                                     |                1 |              8 |         8.00 |
|  design_1_wrapper_i/design_1_i/processing_system7_0/inst/FCLK_CLK0 | design_1_wrapper_i/design_1_i/transformer_axi_0/U0/s00_axi_inst/attn_regs[31][15]_i_1_n_0                                                                                            | design_1_wrapper_i/design_1_i/transformer_axi_0/U0/s00_axi_inst/slv_reg1[0]_i_1_n_0                                                     |                1 |              8 |         8.00 |
|  design_1_wrapper_i/design_1_i/processing_system7_0/inst/FCLK_CLK0 | design_1_wrapper_i/design_1_i/transformer_axi_0/U0/s00_axi_inst/attn_regs[30][15]_i_1_n_0                                                                                            | design_1_wrapper_i/design_1_i/transformer_axi_0/U0/s00_axi_inst/slv_reg1[0]_i_1_n_0                                                     |                2 |              8 |         4.00 |
|  design_1_wrapper_i/design_1_i/processing_system7_0/inst/FCLK_CLK0 | design_1_wrapper_i/design_1_i/transformer_axi_0/U0/s00_axi_inst/attn_regs[23][15]_i_1_n_0                                                                                            | design_1_wrapper_i/design_1_i/transformer_axi_0/U0/s00_axi_inst/slv_reg1[0]_i_1_n_0                                                     |                1 |              8 |         8.00 |
|  design_1_wrapper_i/design_1_i/processing_system7_0/inst/FCLK_CLK0 | design_1_wrapper_i/design_1_i/transformer_axi_0/U0/s00_axi_inst/attn_regs[31][23]_i_1_n_0                                                                                            | design_1_wrapper_i/design_1_i/transformer_axi_0/U0/s00_axi_inst/slv_reg1[0]_i_1_n_0                                                     |                2 |              8 |         4.00 |
|  design_1_wrapper_i/design_1_i/processing_system7_0/inst/FCLK_CLK0 | design_1_wrapper_i/design_1_i/transformer_axi_0/U0/s00_axi_inst/attn_regs[25][15]_i_1_n_0                                                                                            | design_1_wrapper_i/design_1_i/transformer_axi_0/U0/s00_axi_inst/slv_reg1[0]_i_1_n_0                                                     |                3 |              8 |         2.67 |
|  design_1_wrapper_i/design_1_i/processing_system7_0/inst/FCLK_CLK0 | design_1_wrapper_i/design_1_i/transformer_axi_0/U0/s00_axi_inst/attn_regs[22][23]_i_1_n_0                                                                                            | design_1_wrapper_i/design_1_i/transformer_axi_0/U0/s00_axi_inst/slv_reg1[0]_i_1_n_0                                                     |                3 |              8 |         2.67 |
|  design_1_wrapper_i/design_1_i/processing_system7_0/inst/FCLK_CLK0 | design_1_wrapper_i/design_1_i/transformer_axi_0/U0/s00_axi_inst/attn_regs[21][7]_i_1_n_0                                                                                             | design_1_wrapper_i/design_1_i/transformer_axi_0/U0/s00_axi_inst/slv_reg1[0]_i_1_n_0                                                     |                6 |              8 |         1.33 |
|  design_1_wrapper_i/design_1_i/processing_system7_0/inst/FCLK_CLK0 | design_1_wrapper_i/design_1_i/transformer_axi_0/U0/s00_axi_inst/attn_regs[22][7]_i_1_n_0                                                                                             | design_1_wrapper_i/design_1_i/transformer_axi_0/U0/s00_axi_inst/slv_reg1[0]_i_1_n_0                                                     |                2 |              8 |         4.00 |
|  design_1_wrapper_i/design_1_i/processing_system7_0/inst/FCLK_CLK0 | design_1_wrapper_i/design_1_i/transformer_axi_0/U0/s00_axi_inst/attn_regs[23][23]_i_1_n_0                                                                                            | design_1_wrapper_i/design_1_i/transformer_axi_0/U0/s00_axi_inst/slv_reg1[0]_i_1_n_0                                                     |                1 |              8 |         8.00 |
|  design_1_wrapper_i/design_1_i/processing_system7_0/inst/FCLK_CLK0 | design_1_wrapper_i/design_1_i/transformer_axi_0/U0/s00_axi_inst/attn_regs[23][31]_i_1_n_0                                                                                            | design_1_wrapper_i/design_1_i/transformer_axi_0/U0/s00_axi_inst/slv_reg1[0]_i_1_n_0                                                     |                2 |              8 |         4.00 |
|  design_1_wrapper_i/design_1_i/processing_system7_0/inst/FCLK_CLK0 | design_1_wrapper_i/design_1_i/transformer_axi_0/U0/s00_axi_inst/attn_regs[24][23]_i_1_n_0                                                                                            | design_1_wrapper_i/design_1_i/transformer_axi_0/U0/s00_axi_inst/slv_reg1[0]_i_1_n_0                                                     |                2 |              8 |         4.00 |
|  design_1_wrapper_i/design_1_i/processing_system7_0/inst/FCLK_CLK0 | design_1_wrapper_i/design_1_i/transformer_axi_0/U0/s00_axi_inst/attn_regs[22][31]_i_1_n_0                                                                                            | design_1_wrapper_i/design_1_i/transformer_axi_0/U0/s00_axi_inst/slv_reg1[0]_i_1_n_0                                                     |                1 |              8 |         8.00 |
|  design_1_wrapper_i/design_1_i/processing_system7_0/inst/FCLK_CLK0 | design_1_wrapper_i/design_1_i/transformer_axi_0/U0/s00_axi_inst/attn_regs[26][7]_i_1_n_0                                                                                             | design_1_wrapper_i/design_1_i/transformer_axi_0/U0/s00_axi_inst/slv_reg1[0]_i_1_n_0                                                     |                1 |              8 |         8.00 |
|  design_1_wrapper_i/design_1_i/processing_system7_0/inst/FCLK_CLK0 | design_1_wrapper_i/design_1_i/transformer_axi_0/U0/s00_axi_inst/attn_regs[27][31]_i_1_n_0                                                                                            | design_1_wrapper_i/design_1_i/transformer_axi_0/U0/s00_axi_inst/slv_reg1[0]_i_1_n_0                                                     |                2 |              8 |         4.00 |
|  design_1_wrapper_i/design_1_i/processing_system7_0/inst/FCLK_CLK0 | design_1_wrapper_i/design_1_i/transformer_axi_0/U0/s00_axi_inst/attn_regs[28][31]_i_1_n_0                                                                                            | design_1_wrapper_i/design_1_i/transformer_axi_0/U0/s00_axi_inst/slv_reg1[0]_i_1_n_0                                                     |                3 |              8 |         2.67 |
|  design_1_wrapper_i/design_1_i/processing_system7_0/inst/FCLK_CLK0 | design_1_wrapper_i/design_1_i/transformer_axi_0/U0/s00_axi_inst/attn_regs[20][23]_i_1_n_0                                                                                            | design_1_wrapper_i/design_1_i/transformer_axi_0/U0/s00_axi_inst/slv_reg1[0]_i_1_n_0                                                     |                2 |              8 |         4.00 |
|  design_1_wrapper_i/design_1_i/processing_system7_0/inst/FCLK_CLK0 | design_1_wrapper_i/design_1_i/transformer_axi_0/U0/s00_axi_inst/attn_regs[25][23]_i_1_n_0                                                                                            | design_1_wrapper_i/design_1_i/transformer_axi_0/U0/s00_axi_inst/slv_reg1[0]_i_1_n_0                                                     |                3 |              8 |         2.67 |
|  design_1_wrapper_i/design_1_i/processing_system7_0/inst/FCLK_CLK0 | design_1_wrapper_i/design_1_i/transformer_axi_0/U0/s00_axi_inst/attn_regs[27][7]_i_1_n_0                                                                                             | design_1_wrapper_i/design_1_i/transformer_axi_0/U0/s00_axi_inst/slv_reg1[0]_i_1_n_0                                                     |                1 |              8 |         8.00 |
|  design_1_wrapper_i/design_1_i/processing_system7_0/inst/FCLK_CLK0 | design_1_wrapper_i/design_1_i/transformer_axi_0/U0/s00_axi_inst/attn_regs[21][23]_i_1_n_0                                                                                            | design_1_wrapper_i/design_1_i/transformer_axi_0/U0/s00_axi_inst/slv_reg1[0]_i_1_n_0                                                     |                3 |              8 |         2.67 |
|  design_1_wrapper_i/design_1_i/processing_system7_0/inst/FCLK_CLK0 | design_1_wrapper_i/design_1_i/transformer_axi_0/U0/s00_axi_inst/attn_regs[1][7]_i_1_n_0                                                                                              | design_1_wrapper_i/design_1_i/transformer_axi_0/U0/s00_axi_inst/slv_reg1[0]_i_1_n_0                                                     |                3 |              8 |         2.67 |
|  design_1_wrapper_i/design_1_i/processing_system7_0/inst/FCLK_CLK0 | design_1_wrapper_i/design_1_i/transformer_axi_0/U0/s00_axi_inst/attn_regs[33][23]_i_1_n_0                                                                                            | design_1_wrapper_i/design_1_i/transformer_axi_0/U0/s00_axi_inst/slv_reg1[0]_i_1_n_0                                                     |                3 |              8 |         2.67 |
|  design_1_wrapper_i/design_1_i/processing_system7_0/inst/FCLK_CLK0 | design_1_wrapper_i/design_1_i/transformer_axi_0/U0/s00_axi_inst/attn_regs[5][31]_i_1_n_0                                                                                             | design_1_wrapper_i/design_1_i/transformer_axi_0/U0/s00_axi_inst/slv_reg1[0]_i_1_n_0                                                     |                1 |              8 |         8.00 |
|  design_1_wrapper_i/design_1_i/processing_system7_0/inst/FCLK_CLK0 | design_1_wrapper_i/design_1_i/transformer_axi_0/U0/s00_axi_inst/attn_regs[5][7]_i_1_n_0                                                                                              | design_1_wrapper_i/design_1_i/transformer_axi_0/U0/s00_axi_inst/slv_reg1[0]_i_1_n_0                                                     |                2 |              8 |         4.00 |
|  design_1_wrapper_i/design_1_i/processing_system7_0/inst/FCLK_CLK0 | design_1_wrapper_i/design_1_i/transformer_axi_0/U0/s00_axi_inst/attn_regs[6][15]_i_1_n_0                                                                                             | design_1_wrapper_i/design_1_i/transformer_axi_0/U0/s00_axi_inst/slv_reg1[0]_i_1_n_0                                                     |                2 |              8 |         4.00 |
|  design_1_wrapper_i/design_1_i/processing_system7_0/inst/FCLK_CLK0 | design_1_wrapper_i/design_1_i/transformer_axi_0/U0/s00_axi_inst/attn_regs[6][31]_i_1_n_0                                                                                             | design_1_wrapper_i/design_1_i/transformer_axi_0/U0/s00_axi_inst/slv_reg1[0]_i_1_n_0                                                     |                2 |              8 |         4.00 |
|  design_1_wrapper_i/design_1_i/processing_system7_0/inst/FCLK_CLK0 | design_1_wrapper_i/design_1_i/transformer_axi_0/U0/s00_axi_inst/attn_regs[4][23]_i_1_n_0                                                                                             | design_1_wrapper_i/design_1_i/transformer_axi_0/U0/s00_axi_inst/slv_reg1[0]_i_1_n_0                                                     |                3 |              8 |         2.67 |
|  design_1_wrapper_i/design_1_i/processing_system7_0/inst/FCLK_CLK0 | design_1_wrapper_i/design_1_i/transformer_axi_0/U0/s00_axi_inst/attn_regs[31][31]_i_1_n_0                                                                                            | design_1_wrapper_i/design_1_i/transformer_axi_0/U0/s00_axi_inst/slv_reg1[0]_i_1_n_0                                                     |                3 |              8 |         2.67 |
|  design_1_wrapper_i/design_1_i/processing_system7_0/inst/FCLK_CLK0 | design_1_wrapper_i/design_1_i/transformer_axi_0/U0/s00_axi_inst/attn_regs[33][7]_i_1_n_0                                                                                             | design_1_wrapper_i/design_1_i/transformer_axi_0/U0/s00_axi_inst/slv_reg1[0]_i_1_n_0                                                     |                3 |              8 |         2.67 |
|  design_1_wrapper_i/design_1_i/processing_system7_0/inst/FCLK_CLK0 | design_1_wrapper_i/design_1_i/transformer_axi_0/U0/s00_axi_inst/attn_regs[34][23]_i_1_n_0                                                                                            | design_1_wrapper_i/design_1_i/transformer_axi_0/U0/s00_axi_inst/slv_reg1[0]_i_1_n_0                                                     |                3 |              8 |         2.67 |
|  design_1_wrapper_i/design_1_i/processing_system7_0/inst/FCLK_CLK0 | design_1_wrapper_i/design_1_i/transformer_axi_0/U0/s00_axi_inst/attn_regs[34][7]_i_1_n_0                                                                                             | design_1_wrapper_i/design_1_i/transformer_axi_0/U0/s00_axi_inst/slv_reg1[0]_i_1_n_0                                                     |                2 |              8 |         4.00 |
|  design_1_wrapper_i/design_1_i/processing_system7_0/inst/FCLK_CLK0 | design_1_wrapper_i/design_1_i/transformer_axi_0/U0/s00_axi_inst/attn_regs[3][7]_i_1_n_0                                                                                              | design_1_wrapper_i/design_1_i/transformer_axi_0/U0/s00_axi_inst/slv_reg1[0]_i_1_n_0                                                     |                1 |              8 |         8.00 |
|  design_1_wrapper_i/design_1_i/processing_system7_0/inst/FCLK_CLK0 | design_1_wrapper_i/design_1_i/transformer_axi_0/U0/s00_axi_inst/attn_regs[34][15]_i_1_n_0                                                                                            | design_1_wrapper_i/design_1_i/transformer_axi_0/U0/s00_axi_inst/slv_reg1[0]_i_1_n_0                                                     |                4 |              8 |         2.00 |
|  design_1_wrapper_i/design_1_i/processing_system7_0/inst/FCLK_CLK0 | design_1_wrapper_i/design_1_i/transformer_axi_0/U0/s00_axi_inst/attn_regs[33][31]_i_1_n_0                                                                                            | design_1_wrapper_i/design_1_i/transformer_axi_0/U0/s00_axi_inst/slv_reg1[0]_i_1_n_0                                                     |                1 |              8 |         8.00 |
|  design_1_wrapper_i/design_1_i/processing_system7_0/inst/FCLK_CLK0 | design_1_wrapper_i/design_1_i/transformer_axi_0/U0/s00_axi_inst/attn_regs[3][31]_i_1_n_0                                                                                             | design_1_wrapper_i/design_1_i/transformer_axi_0/U0/s00_axi_inst/slv_reg1[0]_i_1_n_0                                                     |                2 |              8 |         4.00 |
|  design_1_wrapper_i/design_1_i/processing_system7_0/inst/FCLK_CLK0 | design_1_wrapper_i/design_1_i/transformer_axi_0/U0/s00_axi_inst/attn_regs[4][31]_i_1_n_0                                                                                             | design_1_wrapper_i/design_1_i/transformer_axi_0/U0/s00_axi_inst/slv_reg1[0]_i_1_n_0                                                     |                1 |              8 |         8.00 |
|  design_1_wrapper_i/design_1_i/processing_system7_0/inst/FCLK_CLK0 | design_1_wrapper_i/design_1_i/transformer_axi_0/U0/s00_axi_inst/attn_regs[6][23]_i_1_n_0                                                                                             | design_1_wrapper_i/design_1_i/transformer_axi_0/U0/s00_axi_inst/slv_reg1[0]_i_1_n_0                                                     |                2 |              8 |         4.00 |
|  design_1_wrapper_i/design_1_i/processing_system7_0/inst/FCLK_CLK0 | design_1_wrapper_i/design_1_i/transformer_axi_0/U0/s00_axi_inst/attn_regs[6][7]_i_1_n_0                                                                                              | design_1_wrapper_i/design_1_i/transformer_axi_0/U0/s00_axi_inst/slv_reg1[0]_i_1_n_0                                                     |                3 |              8 |         2.67 |
|  design_1_wrapper_i/design_1_i/processing_system7_0/inst/FCLK_CLK0 | design_1_wrapper_i/design_1_i/transformer_axi_0/U0/s00_axi_inst/attn_regs[3][15]_i_1_n_0                                                                                             | design_1_wrapper_i/design_1_i/transformer_axi_0/U0/s00_axi_inst/slv_reg1[0]_i_1_n_0                                                     |                2 |              8 |         4.00 |
|  design_1_wrapper_i/design_1_i/processing_system7_0/inst/FCLK_CLK0 | design_1_wrapper_i/design_1_i/transformer_axi_0/U0/s00_axi_inst/attn_regs[32][15]_i_1_n_0                                                                                            | design_1_wrapper_i/design_1_i/transformer_axi_0/U0/s00_axi_inst/slv_reg1[0]_i_1_n_0                                                     |                2 |              8 |         4.00 |
|  design_1_wrapper_i/design_1_i/processing_system7_0/inst/FCLK_CLK0 | design_1_wrapper_i/design_1_i/transformer_axi_0/U0/s00_axi_inst/attn_regs[34][31]_i_1_n_0                                                                                            | design_1_wrapper_i/design_1_i/transformer_axi_0/U0/s00_axi_inst/slv_reg1[0]_i_1_n_0                                                     |                3 |              8 |         2.67 |
|  design_1_wrapper_i/design_1_i/processing_system7_0/inst/FCLK_CLK0 | design_1_wrapper_i/design_1_i/transformer_axi_0/U0/s00_axi_inst/attn_regs[3][23]_i_1_n_0                                                                                             | design_1_wrapper_i/design_1_i/transformer_axi_0/U0/s00_axi_inst/slv_reg1[0]_i_1_n_0                                                     |                1 |              8 |         8.00 |
|  design_1_wrapper_i/design_1_i/processing_system7_0/inst/FCLK_CLK0 | design_1_wrapper_i/design_1_i/transformer_axi_0/U0/s00_axi_inst/attn_regs[32][7]_i_1_n_0                                                                                             | design_1_wrapper_i/design_1_i/transformer_axi_0/U0/s00_axi_inst/slv_reg1[0]_i_1_n_0                                                     |                2 |              8 |         4.00 |
|  design_1_wrapper_i/design_1_i/processing_system7_0/inst/FCLK_CLK0 | design_1_wrapper_i/design_1_i/transformer_axi_0/U0/s00_axi_inst/attn_regs[31][7]_i_1_n_0                                                                                             | design_1_wrapper_i/design_1_i/transformer_axi_0/U0/s00_axi_inst/slv_reg1[0]_i_1_n_0                                                     |                1 |              8 |         8.00 |
|  design_1_wrapper_i/design_1_i/processing_system7_0/inst/FCLK_CLK0 | design_1_wrapper_i/design_1_i/transformer_axi_0/U0/s00_axi_inst/attn_regs[33][15]_i_1_n_0                                                                                            | design_1_wrapper_i/design_1_i/transformer_axi_0/U0/s00_axi_inst/slv_reg1[0]_i_1_n_0                                                     |                3 |              8 |         2.67 |
|  design_1_wrapper_i/design_1_i/processing_system7_0/inst/FCLK_CLK0 | design_1_wrapper_i/design_1_i/transformer_axi_0/U0/s00_axi_inst/attn_regs[4][15]_i_1_n_0                                                                                             | design_1_wrapper_i/design_1_i/transformer_axi_0/U0/s00_axi_inst/slv_reg1[0]_i_1_n_0                                                     |                3 |              8 |         2.67 |
|  design_1_wrapper_i/design_1_i/processing_system7_0/inst/FCLK_CLK0 | design_1_wrapper_i/design_1_i/transformer_axi_0/U0/s00_axi_inst/attn_regs[5][15]_i_1_n_0                                                                                             | design_1_wrapper_i/design_1_i/transformer_axi_0/U0/s00_axi_inst/slv_reg1[0]_i_1_n_0                                                     |                3 |              8 |         2.67 |
|  design_1_wrapper_i/design_1_i/processing_system7_0/inst/FCLK_CLK0 | design_1_wrapper_i/design_1_i/transformer_axi_0/U0/s00_axi_inst/attn_regs[32][23]_i_1_n_0                                                                                            | design_1_wrapper_i/design_1_i/transformer_axi_0/U0/s00_axi_inst/slv_reg1[0]_i_1_n_0                                                     |                2 |              8 |         4.00 |
|  design_1_wrapper_i/design_1_i/processing_system7_0/inst/FCLK_CLK0 | design_1_wrapper_i/design_1_i/transformer_axi_0/U0/s00_axi_inst/attn_regs[4][7]_i_1_n_0                                                                                              | design_1_wrapper_i/design_1_i/transformer_axi_0/U0/s00_axi_inst/slv_reg1[0]_i_1_n_0                                                     |                1 |              8 |         8.00 |
|  design_1_wrapper_i/design_1_i/processing_system7_0/inst/FCLK_CLK0 | design_1_wrapper_i/design_1_i/transformer_axi_0/U0/s00_axi_inst/attn_regs[5][23]_i_1_n_0                                                                                             | design_1_wrapper_i/design_1_i/transformer_axi_0/U0/s00_axi_inst/slv_reg1[0]_i_1_n_0                                                     |                3 |              8 |         2.67 |
|  design_1_wrapper_i/design_1_i/processing_system7_0/inst/FCLK_CLK0 | design_1_wrapper_i/design_1_i/transformer_axi_0/U0/s00_axi_inst/attn_regs[82][15]_i_1_n_0                                                                                            | design_1_wrapper_i/design_1_i/transformer_axi_0/U0/s00_axi_inst/slv_reg1[0]_i_1_n_0                                                     |                2 |              8 |         4.00 |
|  design_1_wrapper_i/design_1_i/processing_system7_0/inst/FCLK_CLK0 | design_1_wrapper_i/design_1_i/transformer_axi_0/U0/s00_axi_inst/attn_regs[83][7]_i_1_n_0                                                                                             | design_1_wrapper_i/design_1_i/transformer_axi_0/U0/s00_axi_inst/slv_reg1[0]_i_1_n_0                                                     |                1 |              8 |         8.00 |
|  design_1_wrapper_i/design_1_i/processing_system7_0/inst/FCLK_CLK0 | design_1_wrapper_i/design_1_i/transformer_axi_0/U0/s00_axi_inst/attn_regs[82][7]_i_1_n_0                                                                                             | design_1_wrapper_i/design_1_i/transformer_axi_0/U0/s00_axi_inst/slv_reg1[0]_i_1_n_0                                                     |                2 |              8 |         4.00 |
|  design_1_wrapper_i/design_1_i/processing_system7_0/inst/FCLK_CLK0 | design_1_wrapper_i/design_1_i/transformer_axi_0/U0/s00_axi_inst/attn_regs[7][7]_i_1_n_0                                                                                              | design_1_wrapper_i/design_1_i/transformer_axi_0/U0/s00_axi_inst/slv_reg1[0]_i_1_n_0                                                     |                4 |              8 |         2.00 |
|  design_1_wrapper_i/design_1_i/processing_system7_0/inst/FCLK_CLK0 | design_1_wrapper_i/design_1_i/transformer_axi_0/U0/s00_axi_inst/attn_regs[8][23]_i_1_n_0                                                                                             | design_1_wrapper_i/design_1_i/transformer_axi_0/U0/s00_axi_inst/slv_reg1[0]_i_1_n_0                                                     |                3 |              8 |         2.67 |
|  design_1_wrapper_i/design_1_i/processing_system7_0/inst/FCLK_CLK0 | design_1_wrapper_i/design_1_i/transformer_axi_0/U0/s00_axi_inst/attn_regs[80][7]_i_1_n_0                                                                                             | design_1_wrapper_i/design_1_i/transformer_axi_0/U0/s00_axi_inst/slv_reg1[0]_i_1_n_0                                                     |                1 |              8 |         8.00 |
|  design_1_wrapper_i/design_1_i/processing_system7_0/inst/FCLK_CLK0 | design_1_wrapper_i/design_1_i/transformer_axi_0/U0/s00_axi_inst/attn_regs[8][31]_i_1_n_0                                                                                             | design_1_wrapper_i/design_1_i/transformer_axi_0/U0/s00_axi_inst/slv_reg1[0]_i_1_n_0                                                     |                2 |              8 |         4.00 |
|  design_1_wrapper_i/design_1_i/processing_system7_0/inst/FCLK_CLK0 | design_1_wrapper_i/design_1_i/transformer_axi_0/U0/s00_axi_inst/attn_regs[79][15]_i_1_n_0                                                                                            | design_1_wrapper_i/design_1_i/transformer_axi_0/U0/s00_axi_inst/slv_reg1[0]_i_1_n_0                                                     |                1 |              8 |         8.00 |
|  design_1_wrapper_i/design_1_i/processing_system7_0/inst/FCLK_CLK0 | design_1_wrapper_i/design_1_i/transformer_axi_0/U0/s00_axi_inst/attn_regs[7][23]_i_1_n_0                                                                                             | design_1_wrapper_i/design_1_i/transformer_axi_0/U0/s00_axi_inst/slv_reg1[0]_i_1_n_0                                                     |                1 |              8 |         8.00 |
|  design_1_wrapper_i/design_1_i/processing_system7_0/inst/FCLK_CLK0 | design_1_wrapper_i/design_1_i/transformer_axi_0/U0/s00_axi_inst/attn_regs[8][7]_i_1_n_0                                                                                              | design_1_wrapper_i/design_1_i/transformer_axi_0/U0/s00_axi_inst/slv_reg1[0]_i_1_n_0                                                     |                3 |              8 |         2.67 |
|  design_1_wrapper_i/design_1_i/processing_system7_0/inst/FCLK_CLK0 | design_1_wrapper_i/design_1_i/transformer_axi_0/U0/s00_axi_inst/attn_regs[79][23]_i_1_n_0                                                                                            | design_1_wrapper_i/design_1_i/transformer_axi_0/U0/s00_axi_inst/slv_reg1[0]_i_1_n_0                                                     |                1 |              8 |         8.00 |
|  design_1_wrapper_i/design_1_i/processing_system7_0/inst/FCLK_CLK0 | design_1_wrapper_i/design_1_i/transformer_axi_0/U0/s00_axi_inst/attn_regs[78][7]_i_1_n_0                                                                                             | design_1_wrapper_i/design_1_i/transformer_axi_0/U0/s00_axi_inst/slv_reg1[0]_i_1_n_0                                                     |                1 |              8 |         8.00 |
|  design_1_wrapper_i/design_1_i/processing_system7_0/inst/FCLK_CLK0 | design_1_wrapper_i/design_1_i/transformer_axi_0/U0/s00_axi_inst/attn_regs[79][31]_i_1_n_0                                                                                            | design_1_wrapper_i/design_1_i/transformer_axi_0/U0/s00_axi_inst/slv_reg1[0]_i_1_n_0                                                     |                3 |              8 |         2.67 |
|  design_1_wrapper_i/design_1_i/processing_system7_0/inst/FCLK_CLK0 | design_1_wrapper_i/design_1_i/transformer_axi_0/U0/s00_axi_inst/attn_regs[83][23]_i_1_n_0                                                                                            | design_1_wrapper_i/design_1_i/transformer_axi_0/U0/s00_axi_inst/slv_reg1[0]_i_1_n_0                                                     |                4 |              8 |         2.00 |
|  design_1_wrapper_i/design_1_i/processing_system7_0/inst/FCLK_CLK0 | design_1_wrapper_i/design_1_i/transformer_axi_0/U0/s00_axi_inst/attn_regs[9][15]_i_1_n_0                                                                                             | design_1_wrapper_i/design_1_i/transformer_axi_0/U0/s00_axi_inst/slv_reg1[0]_i_1_n_0                                                     |                2 |              8 |         4.00 |
|  design_1_wrapper_i/design_1_i/processing_system7_0/inst/FCLK_CLK0 | design_1_wrapper_i/design_1_i/transformer_axi_0/U0/s00_axi_inst/attn_regs[80][23]_i_1_n_0                                                                                            | design_1_wrapper_i/design_1_i/transformer_axi_0/U0/s00_axi_inst/slv_reg1[0]_i_1_n_0                                                     |                3 |              8 |         2.67 |
|  design_1_wrapper_i/design_1_i/processing_system7_0/inst/FCLK_CLK0 | design_1_wrapper_i/design_1_i/transformer_axi_0/U0/s00_axi_inst/attn_regs[80][15]_i_1_n_0                                                                                            | design_1_wrapper_i/design_1_i/transformer_axi_0/U0/s00_axi_inst/slv_reg1[0]_i_1_n_0                                                     |                2 |              8 |         4.00 |
|  design_1_wrapper_i/design_1_i/processing_system7_0/inst/FCLK_CLK0 | design_1_wrapper_i/design_1_i/transformer_axi_0/U0/s00_axi_inst/attn_regs[9][23]_i_1_n_0                                                                                             | design_1_wrapper_i/design_1_i/transformer_axi_0/U0/s00_axi_inst/slv_reg1[0]_i_1_n_0                                                     |                3 |              8 |         2.67 |
|  design_1_wrapper_i/design_1_i/processing_system7_0/inst/FCLK_CLK0 | design_1_wrapper_i/design_1_i/transformer_axi_0/U0/s00_axi_inst/attn_regs[7][31]_i_1_n_0                                                                                             | design_1_wrapper_i/design_1_i/transformer_axi_0/U0/s00_axi_inst/slv_reg1[0]_i_1_n_0                                                     |                2 |              8 |         4.00 |
|  design_1_wrapper_i/design_1_i/processing_system7_0/inst/FCLK_CLK0 | design_1_wrapper_i/design_1_i/transformer_axi_0/U0/s00_axi_inst/attn_regs[81][23]_i_1_n_0                                                                                            | design_1_wrapper_i/design_1_i/transformer_axi_0/U0/s00_axi_inst/slv_reg1[0]_i_1_n_0                                                     |                4 |              8 |         2.00 |
|  design_1_wrapper_i/design_1_i/processing_system7_0/inst/FCLK_CLK0 | design_1_wrapper_i/design_1_i/transformer_axi_0/U0/s00_axi_inst/attn_regs[9][31]_i_1_n_0                                                                                             | design_1_wrapper_i/design_1_i/transformer_axi_0/U0/s00_axi_inst/slv_reg1[0]_i_1_n_0                                                     |                3 |              8 |         2.67 |
|  design_1_wrapper_i/design_1_i/processing_system7_0/inst/FCLK_CLK0 | design_1_wrapper_i/design_1_i/transformer_axi_0/U0/s00_axi_inst/attn_regs[9][7]_i_1_n_0                                                                                              | design_1_wrapper_i/design_1_i/transformer_axi_0/U0/s00_axi_inst/slv_reg1[0]_i_1_n_0                                                     |                3 |              8 |         2.67 |
|  design_1_wrapper_i/design_1_i/processing_system7_0/inst/FCLK_CLK0 | design_1_wrapper_i/design_1_i/transformer_axi_0/U0/s00_axi_inst/attn_regs[83][15]_i_1_n_0                                                                                            | design_1_wrapper_i/design_1_i/transformer_axi_0/U0/s00_axi_inst/slv_reg1[0]_i_1_n_0                                                     |                5 |              8 |         1.60 |
|  design_1_wrapper_i/design_1_i/processing_system7_0/inst/FCLK_CLK0 | design_1_wrapper_i/design_1_i/transformer_axi_0/U0/s00_axi_inst/attn_regs[81][31]_i_1_n_0                                                                                            | design_1_wrapper_i/design_1_i/transformer_axi_0/U0/s00_axi_inst/slv_reg1[0]_i_1_n_0                                                     |                2 |              8 |         4.00 |
|  design_1_wrapper_i/design_1_i/processing_system7_0/inst/FCLK_CLK0 | design_1_wrapper_i/design_1_i/transformer_axi_0/U0/s00_axi_inst/attn_regs[78][31]_i_1_n_0                                                                                            | design_1_wrapper_i/design_1_i/transformer_axi_0/U0/s00_axi_inst/slv_reg1[0]_i_1_n_0                                                     |                3 |              8 |         2.67 |
|  design_1_wrapper_i/design_1_i/processing_system7_0/inst/FCLK_CLK0 | design_1_wrapper_i/design_1_i/transformer_axi_0/U0/s00_axi_inst/attn_regs[78][15]_i_1_n_0                                                                                            | design_1_wrapper_i/design_1_i/transformer_axi_0/U0/s00_axi_inst/slv_reg1[0]_i_1_n_0                                                     |                3 |              8 |         2.67 |
|  design_1_wrapper_i/design_1_i/processing_system7_0/inst/FCLK_CLK0 | design_1_wrapper_i/design_1_i/transformer_axi_0/U0/s00_axi_inst/attn_regs[81][15]_i_1_n_0                                                                                            | design_1_wrapper_i/design_1_i/transformer_axi_0/U0/s00_axi_inst/slv_reg1[0]_i_1_n_0                                                     |                2 |              8 |         4.00 |
|  design_1_wrapper_i/design_1_i/processing_system7_0/inst/FCLK_CLK0 | design_1_wrapper_i/design_1_i/transformer_axi_0/U0/s00_axi_inst/attn_regs[82][23]_i_1_n_0                                                                                            | design_1_wrapper_i/design_1_i/transformer_axi_0/U0/s00_axi_inst/slv_reg1[0]_i_1_n_0                                                     |                3 |              8 |         2.67 |
|  design_1_wrapper_i/design_1_i/processing_system7_0/inst/FCLK_CLK0 | design_1_wrapper_i/design_1_i/transformer_axi_0/U0/s00_axi_inst/attn_regs[79][7]_i_1_n_0                                                                                             | design_1_wrapper_i/design_1_i/transformer_axi_0/U0/s00_axi_inst/slv_reg1[0]_i_1_n_0                                                     |                1 |              8 |         8.00 |
|  design_1_wrapper_i/design_1_i/processing_system7_0/inst/FCLK_CLK0 | design_1_wrapper_i/design_1_i/transformer_axi_0/U0/s00_axi_inst/attn_regs[82][31]_i_1_n_0                                                                                            | design_1_wrapper_i/design_1_i/transformer_axi_0/U0/s00_axi_inst/slv_reg1[0]_i_1_n_0                                                     |                3 |              8 |         2.67 |
|  design_1_wrapper_i/design_1_i/processing_system7_0/inst/FCLK_CLK0 | design_1_wrapper_i/design_1_i/transformer_axi_0/U0/s00_axi_inst/attn_regs[7][15]_i_1_n_0                                                                                             | design_1_wrapper_i/design_1_i/transformer_axi_0/U0/s00_axi_inst/slv_reg1[0]_i_1_n_0                                                     |                2 |              8 |         4.00 |
|  design_1_wrapper_i/design_1_i/processing_system7_0/inst/FCLK_CLK0 | design_1_wrapper_i/design_1_i/transformer_axi_0/U0/s00_axi_inst/attn_regs[81][7]_i_1_n_0                                                                                             | design_1_wrapper_i/design_1_i/transformer_axi_0/U0/s00_axi_inst/slv_reg1[0]_i_1_n_0                                                     |                3 |              8 |         2.67 |
|  design_1_wrapper_i/design_1_i/processing_system7_0/inst/FCLK_CLK0 | design_1_wrapper_i/design_1_i/transformer_axi_0/U0/s00_axi_inst/attn_regs[83][31]_i_1_n_0                                                                                            | design_1_wrapper_i/design_1_i/transformer_axi_0/U0/s00_axi_inst/slv_reg1[0]_i_1_n_0                                                     |                1 |              8 |         8.00 |
|  design_1_wrapper_i/design_1_i/processing_system7_0/inst/FCLK_CLK0 | design_1_wrapper_i/design_1_i/transformer_axi_0/U0/s00_axi_inst/attn_regs[8][15]_i_1_n_0                                                                                             | design_1_wrapper_i/design_1_i/transformer_axi_0/U0/s00_axi_inst/slv_reg1[0]_i_1_n_0                                                     |                2 |              8 |         4.00 |
|  design_1_wrapper_i/design_1_i/processing_system7_0/inst/FCLK_CLK0 | design_1_wrapper_i/design_1_i/transformer_axi_0/U0/s00_axi_inst/attn_regs[78][23]_i_1_n_0                                                                                            | design_1_wrapper_i/design_1_i/transformer_axi_0/U0/s00_axi_inst/slv_reg1[0]_i_1_n_0                                                     |                1 |              8 |         8.00 |
|  design_1_wrapper_i/design_1_i/processing_system7_0/inst/FCLK_CLK0 | design_1_wrapper_i/design_1_i/transformer_axi_0/U0/s00_axi_inst/attn_regs[80][31]_i_1_n_0                                                                                            | design_1_wrapper_i/design_1_i/transformer_axi_0/U0/s00_axi_inst/slv_reg1[0]_i_1_n_0                                                     |                1 |              8 |         8.00 |
|  design_1_wrapper_i/design_1_i/processing_system7_0/inst/FCLK_CLK0 | design_1_wrapper_i/design_1_i/transformer_axi_0/U0/s00_axi_inst/xmat_regs[0][23]_i_1_n_0                                                                                             | design_1_wrapper_i/design_1_i/transformer_axi_0/U0/s00_axi_inst/slv_reg1[0]_i_1_n_0                                                     |                5 |              8 |         1.60 |
|  design_1_wrapper_i/design_1_i/processing_system7_0/inst/FCLK_CLK0 | design_1_wrapper_i/design_1_i/transformer_axi_0/U0/s00_axi_inst/xmat_regs[0][31]_i_1_n_0                                                                                             | design_1_wrapper_i/design_1_i/transformer_axi_0/U0/s00_axi_inst/slv_reg1[0]_i_1_n_0                                                     |                1 |              8 |         8.00 |
|  design_1_wrapper_i/design_1_i/processing_system7_0/inst/FCLK_CLK0 | design_1_wrapper_i/design_1_i/transformer_axi_0/U0/s00_axi_inst/xmat_regs[0][15]_i_1_n_0                                                                                             | design_1_wrapper_i/design_1_i/transformer_axi_0/U0/s00_axi_inst/slv_reg1[0]_i_1_n_0                                                     |                5 |              8 |         1.60 |
|  design_1_wrapper_i/design_1_i/processing_system7_0/inst/FCLK_CLK0 | design_1_wrapper_i/design_1_i/transformer_axi_0/U0/s00_axi_inst/xmat_regs[0][7]_i_1_n_0                                                                                              | design_1_wrapper_i/design_1_i/transformer_axi_0/U0/s00_axi_inst/slv_reg1[0]_i_1_n_0                                                     |                3 |              8 |         2.67 |
|  design_1_wrapper_i/design_1_i/processing_system7_0/inst/FCLK_CLK0 | design_1_wrapper_i/design_1_i/transformer_axi_0/U0/s00_axi_inst/xmat_regs[100][15]_i_1_n_0                                                                                           | design_1_wrapper_i/design_1_i/transformer_axi_0/U0/s00_axi_inst/slv_reg1[0]_i_1_n_0                                                     |                4 |              8 |         2.00 |
|  design_1_wrapper_i/design_1_i/processing_system7_0/inst/FCLK_CLK0 | design_1_wrapper_i/design_1_i/transformer_axi_0/U0/s00_axi_inst/xmat_regs[100][23]_i_1_n_0                                                                                           | design_1_wrapper_i/design_1_i/transformer_axi_0/U0/s00_axi_inst/slv_reg1[0]_i_1_n_0                                                     |                2 |              8 |         4.00 |
|  design_1_wrapper_i/design_1_i/processing_system7_0/inst/FCLK_CLK0 | design_1_wrapper_i/design_1_i/transformer_axi_0/U0/s00_axi_inst/p_1_in[15]                                                                                                           | design_1_wrapper_i/design_1_i/transformer_axi_0/U0/s00_axi_inst/slv_reg1[0]_i_1_n_0                                                     |                1 |              8 |         8.00 |
|  design_1_wrapper_i/design_1_i/processing_system7_0/inst/FCLK_CLK0 | design_1_wrapper_i/design_1_i/transformer_axi_0/U0/s00_axi_inst/p_1_in[7]                                                                                                            | design_1_wrapper_i/design_1_i/transformer_axi_0/U0/s00_axi_inst/slv_reg1[0]_i_1_n_0                                                     |                4 |              8 |         2.00 |
|  design_1_wrapper_i/design_1_i/processing_system7_0/inst/FCLK_CLK0 | design_1_wrapper_i/design_1_i/transformer_axi_0/U0/s00_axi_inst/p_1_in[23]                                                                                                           | design_1_wrapper_i/design_1_i/transformer_axi_0/U0/s00_axi_inst/slv_reg1[0]_i_1_n_0                                                     |                3 |              8 |         2.67 |
|  design_1_wrapper_i/design_1_i/processing_system7_0/inst/FCLK_CLK0 | design_1_wrapper_i/design_1_i/transformer_axi_0/U0/s00_axi_inst/p_1_in[31]                                                                                                           | design_1_wrapper_i/design_1_i/transformer_axi_0/U0/s00_axi_inst/slv_reg1[0]_i_1_n_0                                                     |                2 |              8 |         4.00 |
|  design_1_wrapper_i/design_1_i/processing_system7_0/inst/FCLK_CLK0 | design_1_wrapper_i/design_1_i/transformer_axi_0/U0/s00_axi_inst/xmat_regs[107][23]_i_1_n_0                                                                                           | design_1_wrapper_i/design_1_i/transformer_axi_0/U0/s00_axi_inst/slv_reg1[0]_i_1_n_0                                                     |                2 |              8 |         4.00 |
|  design_1_wrapper_i/design_1_i/processing_system7_0/inst/FCLK_CLK0 | design_1_wrapper_i/design_1_i/transformer_axi_0/U0/s00_axi_inst/xmat_regs[102][23]_i_1_n_0                                                                                           | design_1_wrapper_i/design_1_i/transformer_axi_0/U0/s00_axi_inst/slv_reg1[0]_i_1_n_0                                                     |                3 |              8 |         2.67 |
|  design_1_wrapper_i/design_1_i/processing_system7_0/inst/FCLK_CLK0 | design_1_wrapper_i/design_1_i/transformer_axi_0/U0/s00_axi_inst/xmat_regs[101][15]_i_1_n_0                                                                                           | design_1_wrapper_i/design_1_i/transformer_axi_0/U0/s00_axi_inst/slv_reg1[0]_i_1_n_0                                                     |                2 |              8 |         4.00 |
|  design_1_wrapper_i/design_1_i/processing_system7_0/inst/FCLK_CLK0 | design_1_wrapper_i/design_1_i/transformer_axi_0/U0/s00_axi_inst/xmat_regs[104][7]_i_1_n_0                                                                                            | design_1_wrapper_i/design_1_i/transformer_axi_0/U0/s00_axi_inst/slv_reg1[0]_i_1_n_0                                                     |                5 |              8 |         1.60 |
|  design_1_wrapper_i/design_1_i/processing_system7_0/inst/FCLK_CLK0 | design_1_wrapper_i/design_1_i/transformer_axi_0/U0/s00_axi_inst/xmat_regs[107][15]_i_1_n_0                                                                                           | design_1_wrapper_i/design_1_i/transformer_axi_0/U0/s00_axi_inst/slv_reg1[0]_i_1_n_0                                                     |                4 |              8 |         2.00 |
|  design_1_wrapper_i/design_1_i/processing_system7_0/inst/FCLK_CLK0 | design_1_wrapper_i/design_1_i/transformer_axi_0/U0/s00_axi_inst/xmat_regs[109][31]_i_1_n_0                                                                                           | design_1_wrapper_i/design_1_i/transformer_axi_0/U0/s00_axi_inst/slv_reg1[0]_i_1_n_0                                                     |                2 |              8 |         4.00 |
|  design_1_wrapper_i/design_1_i/processing_system7_0/inst/FCLK_CLK0 | design_1_wrapper_i/design_1_i/transformer_axi_0/U0/s00_axi_inst/xmat_regs[10][23]_i_1_n_0                                                                                            | design_1_wrapper_i/design_1_i/transformer_axi_0/U0/s00_axi_inst/slv_reg1[0]_i_1_n_0                                                     |                2 |              8 |         4.00 |
|  design_1_wrapper_i/design_1_i/processing_system7_0/inst/FCLK_CLK0 | design_1_wrapper_i/design_1_i/transformer_axi_0/U0/s00_axi_inst/xmat_regs[110][15]_i_1_n_0                                                                                           | design_1_wrapper_i/design_1_i/transformer_axi_0/U0/s00_axi_inst/slv_reg1[0]_i_1_n_0                                                     |                5 |              8 |         1.60 |
|  design_1_wrapper_i/design_1_i/processing_system7_0/inst/FCLK_CLK0 | design_1_wrapper_i/design_1_i/transformer_axi_0/U0/s00_axi_inst/xmat_regs[110][23]_i_1_n_0                                                                                           | design_1_wrapper_i/design_1_i/transformer_axi_0/U0/s00_axi_inst/slv_reg1[0]_i_1_n_0                                                     |                2 |              8 |         4.00 |
|  design_1_wrapper_i/design_1_i/processing_system7_0/inst/FCLK_CLK0 | design_1_wrapper_i/design_1_i/transformer_axi_0/U0/s00_axi_inst/xmat_regs[106][23]_i_1_n_0                                                                                           | design_1_wrapper_i/design_1_i/transformer_axi_0/U0/s00_axi_inst/slv_reg1[0]_i_1_n_0                                                     |                2 |              8 |         4.00 |
|  design_1_wrapper_i/design_1_i/processing_system7_0/inst/FCLK_CLK0 | design_1_wrapper_i/design_1_i/transformer_axi_0/U0/s00_axi_inst/xmat_regs[109][7]_i_1_n_0                                                                                            | design_1_wrapper_i/design_1_i/transformer_axi_0/U0/s00_axi_inst/slv_reg1[0]_i_1_n_0                                                     |                5 |              8 |         1.60 |
|  design_1_wrapper_i/design_1_i/processing_system7_0/inst/FCLK_CLK0 | design_1_wrapper_i/design_1_i/transformer_axi_0/U0/s00_axi_inst/xmat_regs[105][15]_i_1_n_0                                                                                           | design_1_wrapper_i/design_1_i/transformer_axi_0/U0/s00_axi_inst/slv_reg1[0]_i_1_n_0                                                     |                5 |              8 |         1.60 |
|  design_1_wrapper_i/design_1_i/processing_system7_0/inst/FCLK_CLK0 | design_1_wrapper_i/design_1_i/transformer_axi_0/U0/s00_axi_inst/xmat_regs[105][31]_i_1_n_0                                                                                           | design_1_wrapper_i/design_1_i/transformer_axi_0/U0/s00_axi_inst/slv_reg1[0]_i_1_n_0                                                     |                6 |              8 |         1.33 |
|  design_1_wrapper_i/design_1_i/processing_system7_0/inst/FCLK_CLK0 | design_1_wrapper_i/design_1_i/transformer_axi_0/U0/s00_axi_inst/xmat_regs[108][7]_i_1_n_0                                                                                            | design_1_wrapper_i/design_1_i/transformer_axi_0/U0/s00_axi_inst/slv_reg1[0]_i_1_n_0                                                     |                4 |              8 |         2.00 |
|  design_1_wrapper_i/design_1_i/processing_system7_0/inst/FCLK_CLK0 | design_1_wrapper_i/design_1_i/transformer_axi_0/U0/s00_axi_inst/xmat_regs[101][31]_i_1_n_0                                                                                           | design_1_wrapper_i/design_1_i/transformer_axi_0/U0/s00_axi_inst/slv_reg1[0]_i_1_n_0                                                     |                4 |              8 |         2.00 |
|  design_1_wrapper_i/design_1_i/processing_system7_0/inst/FCLK_CLK0 | design_1_wrapper_i/design_1_i/transformer_axi_0/U0/s00_axi_inst/xmat_regs[112][7]_i_1_n_0                                                                                            | design_1_wrapper_i/design_1_i/transformer_axi_0/U0/s00_axi_inst/slv_reg1[0]_i_1_n_0                                                     |                6 |              8 |         1.33 |
|  design_1_wrapper_i/design_1_i/processing_system7_0/inst/FCLK_CLK0 | design_1_wrapper_i/design_1_i/transformer_axi_0/U0/s00_axi_inst/xmat_regs[113][15]_i_1_n_0                                                                                           | design_1_wrapper_i/design_1_i/transformer_axi_0/U0/s00_axi_inst/slv_reg1[0]_i_1_n_0                                                     |                5 |              8 |         1.60 |
|  design_1_wrapper_i/design_1_i/processing_system7_0/inst/FCLK_CLK0 | design_1_wrapper_i/design_1_i/transformer_axi_0/U0/s00_axi_inst/xmat_regs[103][15]_i_1_n_0                                                                                           | design_1_wrapper_i/design_1_i/transformer_axi_0/U0/s00_axi_inst/slv_reg1[0]_i_1_n_0                                                     |                3 |              8 |         2.67 |
|  design_1_wrapper_i/design_1_i/processing_system7_0/inst/FCLK_CLK0 | design_1_wrapper_i/design_1_i/transformer_axi_0/U0/s00_axi_inst/xmat_regs[100][7]_i_1_n_0                                                                                            | design_1_wrapper_i/design_1_i/transformer_axi_0/U0/s00_axi_inst/slv_reg1[0]_i_1_n_0                                                     |                5 |              8 |         1.60 |
|  design_1_wrapper_i/design_1_i/processing_system7_0/inst/FCLK_CLK0 | design_1_wrapper_i/design_1_i/transformer_axi_0/U0/s00_axi_inst/xmat_regs[105][23]_i_1_n_0                                                                                           | design_1_wrapper_i/design_1_i/transformer_axi_0/U0/s00_axi_inst/slv_reg1[0]_i_1_n_0                                                     |                1 |              8 |         8.00 |
|  design_1_wrapper_i/design_1_i/processing_system7_0/inst/FCLK_CLK0 | design_1_wrapper_i/design_1_i/transformer_axi_0/U0/s00_axi_inst/xmat_regs[109][15]_i_1_n_0                                                                                           | design_1_wrapper_i/design_1_i/transformer_axi_0/U0/s00_axi_inst/slv_reg1[0]_i_1_n_0                                                     |                6 |              8 |         1.33 |
|  design_1_wrapper_i/design_1_i/processing_system7_0/inst/FCLK_CLK0 | design_1_wrapper_i/design_1_i/transformer_axi_0/U0/s00_axi_inst/xmat_regs[103][23]_i_1_n_0                                                                                           | design_1_wrapper_i/design_1_i/transformer_axi_0/U0/s00_axi_inst/slv_reg1[0]_i_1_n_0                                                     |                2 |              8 |         4.00 |
|  design_1_wrapper_i/design_1_i/processing_system7_0/inst/FCLK_CLK0 | design_1_wrapper_i/design_1_i/transformer_axi_0/U0/s00_axi_inst/xmat_regs[102][7]_i_1_n_0                                                                                            | design_1_wrapper_i/design_1_i/transformer_axi_0/U0/s00_axi_inst/slv_reg1[0]_i_1_n_0                                                     |                4 |              8 |         2.00 |
|  design_1_wrapper_i/design_1_i/processing_system7_0/inst/FCLK_CLK0 | design_1_wrapper_i/design_1_i/transformer_axi_0/U0/s00_axi_inst/xmat_regs[108][31]_i_1_n_0                                                                                           | design_1_wrapper_i/design_1_i/transformer_axi_0/U0/s00_axi_inst/slv_reg1[0]_i_1_n_0                                                     |                2 |              8 |         4.00 |
|  design_1_wrapper_i/design_1_i/processing_system7_0/inst/FCLK_CLK0 | design_1_wrapper_i/design_1_i/transformer_axi_0/U0/s00_axi_inst/xmat_regs[100][31]_i_1_n_0                                                                                           | design_1_wrapper_i/design_1_i/transformer_axi_0/U0/s00_axi_inst/slv_reg1[0]_i_1_n_0                                                     |                4 |              8 |         2.00 |
|  design_1_wrapper_i/design_1_i/processing_system7_0/inst/FCLK_CLK0 | design_1_wrapper_i/design_1_i/transformer_axi_0/U0/s00_axi_inst/xmat_regs[105][7]_i_1_n_0                                                                                            | design_1_wrapper_i/design_1_i/transformer_axi_0/U0/s00_axi_inst/slv_reg1[0]_i_1_n_0                                                     |                6 |              8 |         1.33 |
|  design_1_wrapper_i/design_1_i/processing_system7_0/inst/FCLK_CLK0 | design_1_wrapper_i/design_1_i/transformer_axi_0/U0/s00_axi_inst/xmat_regs[103][7]_i_1_n_0                                                                                            | design_1_wrapper_i/design_1_i/transformer_axi_0/U0/s00_axi_inst/slv_reg1[0]_i_1_n_0                                                     |                6 |              8 |         1.33 |
|  design_1_wrapper_i/design_1_i/processing_system7_0/inst/FCLK_CLK0 | design_1_wrapper_i/design_1_i/transformer_axi_0/U0/s00_axi_inst/xmat_regs[10][7]_i_1_n_0                                                                                             | design_1_wrapper_i/design_1_i/transformer_axi_0/U0/s00_axi_inst/slv_reg1[0]_i_1_n_0                                                     |                3 |              8 |         2.67 |
|  design_1_wrapper_i/design_1_i/processing_system7_0/inst/FCLK_CLK0 | design_1_wrapper_i/design_1_i/transformer_axi_0/U0/s00_axi_inst/xmat_regs[10][31]_i_1_n_0                                                                                            | design_1_wrapper_i/design_1_i/transformer_axi_0/U0/s00_axi_inst/slv_reg1[0]_i_1_n_0                                                     |                3 |              8 |         2.67 |
|  design_1_wrapper_i/design_1_i/processing_system7_0/inst/FCLK_CLK0 | design_1_wrapper_i/design_1_i/transformer_axi_0/U0/s00_axi_inst/xmat_regs[110][7]_i_1_n_0                                                                                            | design_1_wrapper_i/design_1_i/transformer_axi_0/U0/s00_axi_inst/slv_reg1[0]_i_1_n_0                                                     |                4 |              8 |         2.00 |
|  design_1_wrapper_i/design_1_i/processing_system7_0/inst/FCLK_CLK0 | design_1_wrapper_i/design_1_i/transformer_axi_0/U0/s00_axi_inst/xmat_regs[111][7]_i_1_n_0                                                                                            | design_1_wrapper_i/design_1_i/transformer_axi_0/U0/s00_axi_inst/slv_reg1[0]_i_1_n_0                                                     |                4 |              8 |         2.00 |
|  design_1_wrapper_i/design_1_i/processing_system7_0/inst/FCLK_CLK0 | design_1_wrapper_i/design_1_i/transformer_axi_0/U0/s00_axi_inst/xmat_regs[101][7]_i_1_n_0                                                                                            | design_1_wrapper_i/design_1_i/transformer_axi_0/U0/s00_axi_inst/slv_reg1[0]_i_1_n_0                                                     |                4 |              8 |         2.00 |
|  design_1_wrapper_i/design_1_i/processing_system7_0/inst/FCLK_CLK0 | design_1_wrapper_i/design_1_i/transformer_axi_0/U0/s00_axi_inst/xmat_regs[101][23]_i_1_n_0                                                                                           | design_1_wrapper_i/design_1_i/transformer_axi_0/U0/s00_axi_inst/slv_reg1[0]_i_1_n_0                                                     |                1 |              8 |         8.00 |
|  design_1_wrapper_i/design_1_i/processing_system7_0/inst/FCLK_CLK0 | design_1_wrapper_i/design_1_i/transformer_axi_0/U0/s00_axi_inst/xmat_regs[112][31]_i_1_n_0                                                                                           | design_1_wrapper_i/design_1_i/transformer_axi_0/U0/s00_axi_inst/slv_reg1[0]_i_1_n_0                                                     |                2 |              8 |         4.00 |
|  design_1_wrapper_i/design_1_i/processing_system7_0/inst/FCLK_CLK0 | design_1_wrapper_i/design_1_i/transformer_axi_0/U0/s00_axi_inst/xmat_regs[112][23]_i_1_n_0                                                                                           | design_1_wrapper_i/design_1_i/transformer_axi_0/U0/s00_axi_inst/slv_reg1[0]_i_1_n_0                                                     |                2 |              8 |         4.00 |
|  design_1_wrapper_i/design_1_i/processing_system7_0/inst/FCLK_CLK0 | design_1_wrapper_i/design_1_i/transformer_axi_0/U0/s00_axi_inst/xmat_regs[113][23]_i_1_n_0                                                                                           | design_1_wrapper_i/design_1_i/transformer_axi_0/U0/s00_axi_inst/slv_reg1[0]_i_1_n_0                                                     |                3 |              8 |         2.67 |
|  design_1_wrapper_i/design_1_i/processing_system7_0/inst/FCLK_CLK0 | design_1_wrapper_i/design_1_i/transformer_axi_0/U0/s00_axi_inst/xmat_regs[113][31]_i_1_n_0                                                                                           | design_1_wrapper_i/design_1_i/transformer_axi_0/U0/s00_axi_inst/slv_reg1[0]_i_1_n_0                                                     |                2 |              8 |         4.00 |
|  design_1_wrapper_i/design_1_i/processing_system7_0/inst/FCLK_CLK0 | design_1_wrapper_i/design_1_i/transformer_axi_0/U0/s00_axi_inst/xmat_regs[113][7]_i_1_n_0                                                                                            | design_1_wrapper_i/design_1_i/transformer_axi_0/U0/s00_axi_inst/slv_reg1[0]_i_1_n_0                                                     |                3 |              8 |         2.67 |
|  design_1_wrapper_i/design_1_i/processing_system7_0/inst/FCLK_CLK0 | design_1_wrapper_i/design_1_i/transformer_axi_0/U0/s00_axi_inst/xmat_regs[104][15]_i_1_n_0                                                                                           | design_1_wrapper_i/design_1_i/transformer_axi_0/U0/s00_axi_inst/slv_reg1[0]_i_1_n_0                                                     |                2 |              8 |         4.00 |
|  design_1_wrapper_i/design_1_i/processing_system7_0/inst/FCLK_CLK0 | design_1_wrapper_i/design_1_i/transformer_axi_0/U0/s00_axi_inst/xmat_regs[114][15]_i_1_n_0                                                                                           | design_1_wrapper_i/design_1_i/transformer_axi_0/U0/s00_axi_inst/slv_reg1[0]_i_1_n_0                                                     |                3 |              8 |         2.67 |
|  design_1_wrapper_i/design_1_i/processing_system7_0/inst/FCLK_CLK0 | design_1_wrapper_i/design_1_i/transformer_axi_0/U0/s00_axi_inst/xmat_regs[104][31]_i_1_n_0                                                                                           | design_1_wrapper_i/design_1_i/transformer_axi_0/U0/s00_axi_inst/slv_reg1[0]_i_1_n_0                                                     |                3 |              8 |         2.67 |
|  design_1_wrapper_i/design_1_i/processing_system7_0/inst/FCLK_CLK0 | design_1_wrapper_i/design_1_i/transformer_axi_0/U0/s00_axi_inst/xmat_regs[103][31]_i_1_n_0                                                                                           | design_1_wrapper_i/design_1_i/transformer_axi_0/U0/s00_axi_inst/slv_reg1[0]_i_1_n_0                                                     |                2 |              8 |         4.00 |
|  design_1_wrapper_i/design_1_i/processing_system7_0/inst/FCLK_CLK0 | design_1_wrapper_i/design_1_i/transformer_axi_0/U0/s00_axi_inst/xmat_regs[10][15]_i_1_n_0                                                                                            | design_1_wrapper_i/design_1_i/transformer_axi_0/U0/s00_axi_inst/slv_reg1[0]_i_1_n_0                                                     |                6 |              8 |         1.33 |
|  design_1_wrapper_i/design_1_i/processing_system7_0/inst/FCLK_CLK0 | design_1_wrapper_i/design_1_i/transformer_axi_0/U0/s00_axi_inst/xmat_regs[106][15]_i_1_n_0                                                                                           | design_1_wrapper_i/design_1_i/transformer_axi_0/U0/s00_axi_inst/slv_reg1[0]_i_1_n_0                                                     |                3 |              8 |         2.67 |
|  design_1_wrapper_i/design_1_i/processing_system7_0/inst/FCLK_CLK0 | design_1_wrapper_i/design_1_i/transformer_axi_0/U0/s00_axi_inst/xmat_regs[106][7]_i_1_n_0                                                                                            | design_1_wrapper_i/design_1_i/transformer_axi_0/U0/s00_axi_inst/slv_reg1[0]_i_1_n_0                                                     |                6 |              8 |         1.33 |
|  design_1_wrapper_i/design_1_i/processing_system7_0/inst/FCLK_CLK0 | design_1_wrapper_i/design_1_i/transformer_axi_0/U0/s00_axi_inst/xmat_regs[108][15]_i_1_n_0                                                                                           | design_1_wrapper_i/design_1_i/transformer_axi_0/U0/s00_axi_inst/slv_reg1[0]_i_1_n_0                                                     |                4 |              8 |         2.00 |
|  design_1_wrapper_i/design_1_i/processing_system7_0/inst/FCLK_CLK0 | design_1_wrapper_i/design_1_i/transformer_axi_0/U0/s00_axi_inst/xmat_regs[109][23]_i_1_n_0                                                                                           | design_1_wrapper_i/design_1_i/transformer_axi_0/U0/s00_axi_inst/slv_reg1[0]_i_1_n_0                                                     |                2 |              8 |         4.00 |
|  design_1_wrapper_i/design_1_i/processing_system7_0/inst/FCLK_CLK0 | design_1_wrapper_i/design_1_i/transformer_axi_0/U0/s00_axi_inst/xmat_regs[104][23]_i_1_n_0                                                                                           | design_1_wrapper_i/design_1_i/transformer_axi_0/U0/s00_axi_inst/slv_reg1[0]_i_1_n_0                                                     |                2 |              8 |         4.00 |
|  design_1_wrapper_i/design_1_i/processing_system7_0/inst/FCLK_CLK0 | design_1_wrapper_i/design_1_i/transformer_axi_0/U0/s00_axi_inst/xmat_regs[111][23]_i_1_n_0                                                                                           | design_1_wrapper_i/design_1_i/transformer_axi_0/U0/s00_axi_inst/slv_reg1[0]_i_1_n_0                                                     |                2 |              8 |         4.00 |
|  design_1_wrapper_i/design_1_i/processing_system7_0/inst/FCLK_CLK0 | design_1_wrapper_i/design_1_i/transformer_axi_0/U0/s00_axi_inst/xmat_regs[107][7]_i_1_n_0                                                                                            | design_1_wrapper_i/design_1_i/transformer_axi_0/U0/s00_axi_inst/slv_reg1[0]_i_1_n_0                                                     |                6 |              8 |         1.33 |
|  design_1_wrapper_i/design_1_i/processing_system7_0/inst/FCLK_CLK0 | design_1_wrapper_i/design_1_i/transformer_axi_0/U0/s00_axi_inst/xmat_regs[108][23]_i_1_n_0                                                                                           | design_1_wrapper_i/design_1_i/transformer_axi_0/U0/s00_axi_inst/slv_reg1[0]_i_1_n_0                                                     |                2 |              8 |         4.00 |
|  design_1_wrapper_i/design_1_i/processing_system7_0/inst/FCLK_CLK0 | design_1_wrapper_i/design_1_i/transformer_axi_0/U0/s00_axi_inst/xmat_regs[111][15]_i_1_n_0                                                                                           | design_1_wrapper_i/design_1_i/transformer_axi_0/U0/s00_axi_inst/slv_reg1[0]_i_1_n_0                                                     |                6 |              8 |         1.33 |
|  design_1_wrapper_i/design_1_i/processing_system7_0/inst/FCLK_CLK0 | design_1_wrapper_i/design_1_i/transformer_axi_0/U0/s00_axi_inst/xmat_regs[112][15]_i_1_n_0                                                                                           | design_1_wrapper_i/design_1_i/transformer_axi_0/U0/s00_axi_inst/slv_reg1[0]_i_1_n_0                                                     |                5 |              8 |         1.60 |
|  design_1_wrapper_i/design_1_i/processing_system7_0/inst/FCLK_CLK0 | design_1_wrapper_i/design_1_i/transformer_axi_0/U0/s00_axi_inst/xmat_regs[102][31]_i_1_n_0                                                                                           | design_1_wrapper_i/design_1_i/transformer_axi_0/U0/s00_axi_inst/slv_reg1[0]_i_1_n_0                                                     |                1 |              8 |         8.00 |
|  design_1_wrapper_i/design_1_i/processing_system7_0/inst/FCLK_CLK0 | design_1_wrapper_i/design_1_i/transformer_axi_0/U0/s00_axi_inst/xmat_regs[106][31]_i_1_n_0                                                                                           | design_1_wrapper_i/design_1_i/transformer_axi_0/U0/s00_axi_inst/slv_reg1[0]_i_1_n_0                                                     |                2 |              8 |         4.00 |
|  design_1_wrapper_i/design_1_i/processing_system7_0/inst/FCLK_CLK0 | design_1_wrapper_i/design_1_i/transformer_axi_0/U0/s00_axi_inst/xmat_regs[107][31]_i_1_n_0                                                                                           | design_1_wrapper_i/design_1_i/transformer_axi_0/U0/s00_axi_inst/slv_reg1[0]_i_1_n_0                                                     |                4 |              8 |         2.00 |
|  design_1_wrapper_i/design_1_i/processing_system7_0/inst/FCLK_CLK0 | design_1_wrapper_i/design_1_i/transformer_axi_0/U0/s00_axi_inst/xmat_regs[110][31]_i_1_n_0                                                                                           | design_1_wrapper_i/design_1_i/transformer_axi_0/U0/s00_axi_inst/slv_reg1[0]_i_1_n_0                                                     |                1 |              8 |         8.00 |
|  design_1_wrapper_i/design_1_i/processing_system7_0/inst/FCLK_CLK0 | design_1_wrapper_i/design_1_i/transformer_axi_0/U0/s00_axi_inst/xmat_regs[111][31]_i_1_n_0                                                                                           | design_1_wrapper_i/design_1_i/transformer_axi_0/U0/s00_axi_inst/slv_reg1[0]_i_1_n_0                                                     |                1 |              8 |         8.00 |
|  design_1_wrapper_i/design_1_i/processing_system7_0/inst/FCLK_CLK0 | design_1_wrapper_i/design_1_i/transformer_axi_0/U0/s00_axi_inst/xmat_regs[102][15]_i_1_n_0                                                                                           | design_1_wrapper_i/design_1_i/transformer_axi_0/U0/s00_axi_inst/slv_reg1[0]_i_1_n_0                                                     |                5 |              8 |         1.60 |
|  design_1_wrapper_i/design_1_i/processing_system7_0/inst/FCLK_CLK0 | design_1_wrapper_i/design_1_i/transformer_axi_0/U0/s00_axi_inst/xmat_regs[114][7]_i_1_n_0                                                                                            | design_1_wrapper_i/design_1_i/transformer_axi_0/U0/s00_axi_inst/slv_reg1[0]_i_1_n_0                                                     |                6 |              8 |         1.33 |
|  design_1_wrapper_i/design_1_i/processing_system7_0/inst/FCLK_CLK0 | design_1_wrapper_i/design_1_i/transformer_axi_0/U0/s00_axi_inst/xmat_regs[115][7]_i_1_n_0                                                                                            | design_1_wrapper_i/design_1_i/transformer_axi_0/U0/s00_axi_inst/slv_reg1[0]_i_1_n_0                                                     |                5 |              8 |         1.60 |
|  design_1_wrapper_i/design_1_i/processing_system7_0/inst/FCLK_CLK0 | design_1_wrapper_i/design_1_i/transformer_axi_0/U0/s00_axi_inst/xmat_regs[124][7]_i_1_n_0                                                                                            | design_1_wrapper_i/design_1_i/transformer_axi_0/U0/s00_axi_inst/slv_reg1[0]_i_1_n_0                                                     |                6 |              8 |         1.33 |
|  design_1_wrapper_i/design_1_i/processing_system7_0/inst/FCLK_CLK0 | design_1_wrapper_i/design_1_i/transformer_axi_0/U0/s00_axi_inst/xmat_regs[126][31]_i_1_n_0                                                                                           | design_1_wrapper_i/design_1_i/transformer_axi_0/U0/s00_axi_inst/slv_reg1[0]_i_1_n_0                                                     |                1 |              8 |         8.00 |
|  design_1_wrapper_i/design_1_i/processing_system7_0/inst/FCLK_CLK0 | design_1_wrapper_i/design_1_i/transformer_axi_0/U0/s00_axi_inst/xmat_regs[117][23]_i_1_n_0                                                                                           | design_1_wrapper_i/design_1_i/transformer_axi_0/U0/s00_axi_inst/slv_reg1[0]_i_1_n_0                                                     |                2 |              8 |         4.00 |
|  design_1_wrapper_i/design_1_i/processing_system7_0/inst/FCLK_CLK0 | design_1_wrapper_i/design_1_i/transformer_axi_0/U0/s00_axi_inst/xmat_regs[123][15]_i_1_n_0                                                                                           | design_1_wrapper_i/design_1_i/transformer_axi_0/U0/s00_axi_inst/slv_reg1[0]_i_1_n_0                                                     |                5 |              8 |         1.60 |
|  design_1_wrapper_i/design_1_i/processing_system7_0/inst/FCLK_CLK0 | design_1_wrapper_i/design_1_i/transformer_axi_0/U0/s00_axi_inst/xmat_regs[123][23]_i_1_n_0                                                                                           | design_1_wrapper_i/design_1_i/transformer_axi_0/U0/s00_axi_inst/slv_reg1[0]_i_1_n_0                                                     |                2 |              8 |         4.00 |
|  design_1_wrapper_i/design_1_i/processing_system7_0/inst/FCLK_CLK0 | design_1_wrapper_i/design_1_i/transformer_axi_0/U0/s00_axi_inst/xmat_regs[124][15]_i_1_n_0                                                                                           | design_1_wrapper_i/design_1_i/transformer_axi_0/U0/s00_axi_inst/slv_reg1[0]_i_1_n_0                                                     |                5 |              8 |         1.60 |
|  design_1_wrapper_i/design_1_i/processing_system7_0/inst/FCLK_CLK0 | design_1_wrapper_i/design_1_i/transformer_axi_0/U0/s00_axi_inst/xmat_regs[126][15]_i_1_n_0                                                                                           | design_1_wrapper_i/design_1_i/transformer_axi_0/U0/s00_axi_inst/slv_reg1[0]_i_1_n_0                                                     |                1 |              8 |         8.00 |
|  design_1_wrapper_i/design_1_i/processing_system7_0/inst/FCLK_CLK0 | design_1_wrapper_i/design_1_i/transformer_axi_0/U0/s00_axi_inst/xmat_regs[118][7]_i_1_n_0                                                                                            | design_1_wrapper_i/design_1_i/transformer_axi_0/U0/s00_axi_inst/slv_reg1[0]_i_1_n_0                                                     |                4 |              8 |         2.00 |
|  design_1_wrapper_i/design_1_i/processing_system7_0/inst/FCLK_CLK0 | design_1_wrapper_i/design_1_i/transformer_axi_0/U0/s00_axi_inst/xmat_regs[123][31]_i_1_n_0                                                                                           | design_1_wrapper_i/design_1_i/transformer_axi_0/U0/s00_axi_inst/slv_reg1[0]_i_1_n_0                                                     |                3 |              8 |         2.67 |
|  design_1_wrapper_i/design_1_i/processing_system7_0/inst/FCLK_CLK0 | design_1_wrapper_i/design_1_i/transformer_axi_0/U0/s00_axi_inst/xmat_regs[116][15]_i_1_n_0                                                                                           | design_1_wrapper_i/design_1_i/transformer_axi_0/U0/s00_axi_inst/slv_reg1[0]_i_1_n_0                                                     |                5 |              8 |         1.60 |
|  design_1_wrapper_i/design_1_i/processing_system7_0/inst/FCLK_CLK0 | design_1_wrapper_i/design_1_i/transformer_axi_0/U0/s00_axi_inst/xmat_regs[122][7]_i_1_n_0                                                                                            | design_1_wrapper_i/design_1_i/transformer_axi_0/U0/s00_axi_inst/slv_reg1[0]_i_1_n_0                                                     |                4 |              8 |         2.00 |
|  design_1_wrapper_i/design_1_i/processing_system7_0/inst/FCLK_CLK0 | design_1_wrapper_i/design_1_i/transformer_axi_0/U0/s00_axi_inst/xmat_regs[125][23]_i_1_n_0                                                                                           | design_1_wrapper_i/design_1_i/transformer_axi_0/U0/s00_axi_inst/slv_reg1[0]_i_1_n_0                                                     |                4 |              8 |         2.00 |
|  design_1_wrapper_i/design_1_i/processing_system7_0/inst/FCLK_CLK0 | design_1_wrapper_i/design_1_i/transformer_axi_0/U0/s00_axi_inst/xmat_regs[127][15]_i_1_n_0                                                                                           | design_1_wrapper_i/design_1_i/transformer_axi_0/U0/s00_axi_inst/slv_reg1[0]_i_1_n_0                                                     |                4 |              8 |         2.00 |
|  design_1_wrapper_i/design_1_i/processing_system7_0/inst/FCLK_CLK0 | design_1_wrapper_i/design_1_i/transformer_axi_0/U0/s00_axi_inst/xmat_regs[127][23]_i_1_n_0                                                                                           | design_1_wrapper_i/design_1_i/transformer_axi_0/U0/s00_axi_inst/slv_reg1[0]_i_1_n_0                                                     |                4 |              8 |         2.00 |
|  design_1_wrapper_i/design_1_i/processing_system7_0/inst/FCLK_CLK0 | design_1_wrapper_i/design_1_i/transformer_axi_0/U0/s00_axi_inst/xmat_regs[119][23]_i_1_n_0                                                                                           | design_1_wrapper_i/design_1_i/transformer_axi_0/U0/s00_axi_inst/slv_reg1[0]_i_1_n_0                                                     |                3 |              8 |         2.67 |
|  design_1_wrapper_i/design_1_i/processing_system7_0/inst/FCLK_CLK0 | design_1_wrapper_i/design_1_i/transformer_axi_0/U0/s00_axi_inst/xmat_regs[118][15]_i_1_n_0                                                                                           | design_1_wrapper_i/design_1_i/transformer_axi_0/U0/s00_axi_inst/slv_reg1[0]_i_1_n_0                                                     |                6 |              8 |         1.33 |
|  design_1_wrapper_i/design_1_i/processing_system7_0/inst/FCLK_CLK0 | design_1_wrapper_i/design_1_i/transformer_axi_0/U0/s00_axi_inst/xmat_regs[121][15]_i_1_n_0                                                                                           | design_1_wrapper_i/design_1_i/transformer_axi_0/U0/s00_axi_inst/slv_reg1[0]_i_1_n_0                                                     |                5 |              8 |         1.60 |
|  design_1_wrapper_i/design_1_i/processing_system7_0/inst/FCLK_CLK0 | design_1_wrapper_i/design_1_i/transformer_axi_0/U0/s00_axi_inst/xmat_regs[127][7]_i_1_n_0                                                                                            | design_1_wrapper_i/design_1_i/transformer_axi_0/U0/s00_axi_inst/slv_reg1[0]_i_1_n_0                                                     |                4 |              8 |         2.00 |
|  design_1_wrapper_i/design_1_i/processing_system7_0/inst/FCLK_CLK0 | design_1_wrapper_i/design_1_i/transformer_axi_0/U0/s00_axi_inst/xmat_regs[118][31]_i_1_n_0                                                                                           | design_1_wrapper_i/design_1_i/transformer_axi_0/U0/s00_axi_inst/slv_reg1[0]_i_1_n_0                                                     |                3 |              8 |         2.67 |
|  design_1_wrapper_i/design_1_i/processing_system7_0/inst/FCLK_CLK0 | design_1_wrapper_i/design_1_i/transformer_axi_0/U0/s00_axi_inst/xmat_regs[126][7]_i_1_n_0                                                                                            | design_1_wrapper_i/design_1_i/transformer_axi_0/U0/s00_axi_inst/slv_reg1[0]_i_1_n_0                                                     |                3 |              8 |         2.67 |
|  design_1_wrapper_i/design_1_i/processing_system7_0/inst/FCLK_CLK0 | design_1_wrapper_i/design_1_i/transformer_axi_0/U0/s00_axi_inst/xmat_regs[115][23]_i_1_n_0                                                                                           | design_1_wrapper_i/design_1_i/transformer_axi_0/U0/s00_axi_inst/slv_reg1[0]_i_1_n_0                                                     |                1 |              8 |         8.00 |
|  design_1_wrapper_i/design_1_i/processing_system7_0/inst/FCLK_CLK0 | design_1_wrapper_i/design_1_i/transformer_axi_0/U0/s00_axi_inst/xmat_regs[119][31]_i_1_n_0                                                                                           | design_1_wrapper_i/design_1_i/transformer_axi_0/U0/s00_axi_inst/slv_reg1[0]_i_1_n_0                                                     |                2 |              8 |         4.00 |
|  design_1_wrapper_i/design_1_i/processing_system7_0/inst/FCLK_CLK0 | design_1_wrapper_i/design_1_i/transformer_axi_0/U0/s00_axi_inst/xmat_regs[11][31]_i_1_n_0                                                                                            | design_1_wrapper_i/design_1_i/transformer_axi_0/U0/s00_axi_inst/slv_reg1[0]_i_1_n_0                                                     |                2 |              8 |         4.00 |
|  design_1_wrapper_i/design_1_i/processing_system7_0/inst/FCLK_CLK0 | design_1_wrapper_i/design_1_i/transformer_axi_0/U0/s00_axi_inst/xmat_regs[114][31]_i_1_n_0                                                                                           | design_1_wrapper_i/design_1_i/transformer_axi_0/U0/s00_axi_inst/slv_reg1[0]_i_1_n_0                                                     |                2 |              8 |         4.00 |
|  design_1_wrapper_i/design_1_i/processing_system7_0/inst/FCLK_CLK0 | design_1_wrapper_i/design_1_i/transformer_axi_0/U0/s00_axi_inst/xmat_regs[121][23]_i_1_n_0                                                                                           | design_1_wrapper_i/design_1_i/transformer_axi_0/U0/s00_axi_inst/slv_reg1[0]_i_1_n_0                                                     |                3 |              8 |         2.67 |
|  design_1_wrapper_i/design_1_i/processing_system7_0/inst/FCLK_CLK0 | design_1_wrapper_i/design_1_i/transformer_axi_0/U0/s00_axi_inst/xmat_regs[116][7]_i_1_n_0                                                                                            | design_1_wrapper_i/design_1_i/transformer_axi_0/U0/s00_axi_inst/slv_reg1[0]_i_1_n_0                                                     |                3 |              8 |         2.67 |
|  design_1_wrapper_i/design_1_i/processing_system7_0/inst/FCLK_CLK0 | design_1_wrapper_i/design_1_i/transformer_axi_0/U0/s00_axi_inst/xmat_regs[115][31]_i_1_n_0                                                                                           | design_1_wrapper_i/design_1_i/transformer_axi_0/U0/s00_axi_inst/slv_reg1[0]_i_1_n_0                                                     |                2 |              8 |         4.00 |
|  design_1_wrapper_i/design_1_i/processing_system7_0/inst/FCLK_CLK0 | design_1_wrapper_i/design_1_i/transformer_axi_0/U0/s00_axi_inst/xmat_regs[121][7]_i_1_n_0                                                                                            | design_1_wrapper_i/design_1_i/transformer_axi_0/U0/s00_axi_inst/slv_reg1[0]_i_1_n_0                                                     |                7 |              8 |         1.14 |
|  design_1_wrapper_i/design_1_i/processing_system7_0/inst/FCLK_CLK0 | design_1_wrapper_i/design_1_i/transformer_axi_0/U0/s00_axi_inst/xmat_regs[122][15]_i_1_n_0                                                                                           | design_1_wrapper_i/design_1_i/transformer_axi_0/U0/s00_axi_inst/slv_reg1[0]_i_1_n_0                                                     |                6 |              8 |         1.33 |
|  design_1_wrapper_i/design_1_i/processing_system7_0/inst/FCLK_CLK0 | design_1_wrapper_i/design_1_i/transformer_axi_0/U0/s00_axi_inst/xmat_regs[114][23]_i_1_n_0                                                                                           | design_1_wrapper_i/design_1_i/transformer_axi_0/U0/s00_axi_inst/slv_reg1[0]_i_1_n_0                                                     |                2 |              8 |         4.00 |
|  design_1_wrapper_i/design_1_i/processing_system7_0/inst/FCLK_CLK0 | design_1_wrapper_i/design_1_i/transformer_axi_0/U0/s00_axi_inst/xmat_regs[120][31]_i_1_n_0                                                                                           | design_1_wrapper_i/design_1_i/transformer_axi_0/U0/s00_axi_inst/slv_reg1[0]_i_1_n_0                                                     |                3 |              8 |         2.67 |
|  design_1_wrapper_i/design_1_i/processing_system7_0/inst/FCLK_CLK0 | design_1_wrapper_i/design_1_i/transformer_axi_0/U0/s00_axi_inst/xmat_regs[122][31]_i_1_n_0                                                                                           | design_1_wrapper_i/design_1_i/transformer_axi_0/U0/s00_axi_inst/slv_reg1[0]_i_1_n_0                                                     |                2 |              8 |         4.00 |
|  design_1_wrapper_i/design_1_i/processing_system7_0/inst/FCLK_CLK0 | design_1_wrapper_i/design_1_i/transformer_axi_0/U0/s00_axi_inst/xmat_regs[119][7]_i_1_n_0                                                                                            | design_1_wrapper_i/design_1_i/transformer_axi_0/U0/s00_axi_inst/slv_reg1[0]_i_1_n_0                                                     |                4 |              8 |         2.00 |
|  design_1_wrapper_i/design_1_i/processing_system7_0/inst/FCLK_CLK0 | design_1_wrapper_i/design_1_i/transformer_axi_0/U0/s00_axi_inst/xmat_regs[120][23]_i_1_n_0                                                                                           | design_1_wrapper_i/design_1_i/transformer_axi_0/U0/s00_axi_inst/slv_reg1[0]_i_1_n_0                                                     |                5 |              8 |         1.60 |
|  design_1_wrapper_i/design_1_i/processing_system7_0/inst/FCLK_CLK0 | design_1_wrapper_i/design_1_i/transformer_axi_0/U0/s00_axi_inst/xmat_regs[124][23]_i_1_n_0                                                                                           | design_1_wrapper_i/design_1_i/transformer_axi_0/U0/s00_axi_inst/slv_reg1[0]_i_1_n_0                                                     |                5 |              8 |         1.60 |
|  design_1_wrapper_i/design_1_i/processing_system7_0/inst/FCLK_CLK0 | design_1_wrapper_i/design_1_i/transformer_axi_0/U0/s00_axi_inst/xmat_regs[117][15]_i_1_n_0                                                                                           | design_1_wrapper_i/design_1_i/transformer_axi_0/U0/s00_axi_inst/slv_reg1[0]_i_1_n_0                                                     |                5 |              8 |         1.60 |
|  design_1_wrapper_i/design_1_i/processing_system7_0/inst/FCLK_CLK0 | design_1_wrapper_i/design_1_i/transformer_axi_0/U0/s00_axi_inst/xmat_regs[124][31]_i_1_n_0                                                                                           | design_1_wrapper_i/design_1_i/transformer_axi_0/U0/s00_axi_inst/slv_reg1[0]_i_1_n_0                                                     |                4 |              8 |         2.00 |
|  design_1_wrapper_i/design_1_i/processing_system7_0/inst/FCLK_CLK0 | design_1_wrapper_i/design_1_i/transformer_axi_0/U0/s00_axi_inst/xmat_regs[125][15]_i_1_n_0                                                                                           | design_1_wrapper_i/design_1_i/transformer_axi_0/U0/s00_axi_inst/slv_reg1[0]_i_1_n_0                                                     |                6 |              8 |         1.33 |
|  design_1_wrapper_i/design_1_i/processing_system7_0/inst/FCLK_CLK0 | design_1_wrapper_i/design_1_i/transformer_axi_0/U0/s00_axi_inst/xmat_regs[125][7]_i_1_n_0                                                                                            | design_1_wrapper_i/design_1_i/transformer_axi_0/U0/s00_axi_inst/slv_reg1[0]_i_1_n_0                                                     |                7 |              8 |         1.14 |
|  design_1_wrapper_i/design_1_i/processing_system7_0/inst/FCLK_CLK0 | design_1_wrapper_i/design_1_i/transformer_axi_0/U0/s00_axi_inst/xmat_regs[118][23]_i_1_n_0                                                                                           | design_1_wrapper_i/design_1_i/transformer_axi_0/U0/s00_axi_inst/slv_reg1[0]_i_1_n_0                                                     |                2 |              8 |         4.00 |
|  design_1_wrapper_i/design_1_i/processing_system7_0/inst/FCLK_CLK0 | design_1_wrapper_i/design_1_i/transformer_axi_0/U0/s00_axi_inst/xmat_regs[126][23]_i_1_n_0                                                                                           | design_1_wrapper_i/design_1_i/transformer_axi_0/U0/s00_axi_inst/slv_reg1[0]_i_1_n_0                                                     |                1 |              8 |         8.00 |
|  design_1_wrapper_i/design_1_i/processing_system7_0/inst/FCLK_CLK0 | design_1_wrapper_i/design_1_i/transformer_axi_0/U0/s00_axi_inst/xmat_regs[123][7]_i_1_n_0                                                                                            | design_1_wrapper_i/design_1_i/transformer_axi_0/U0/s00_axi_inst/slv_reg1[0]_i_1_n_0                                                     |                4 |              8 |         2.00 |
|  design_1_wrapper_i/design_1_i/processing_system7_0/inst/FCLK_CLK0 | design_1_wrapper_i/design_1_i/transformer_axi_0/U0/s00_axi_inst/xmat_regs[11][15]_i_1_n_0                                                                                            | design_1_wrapper_i/design_1_i/transformer_axi_0/U0/s00_axi_inst/slv_reg1[0]_i_1_n_0                                                     |                5 |              8 |         1.60 |
|  design_1_wrapper_i/design_1_i/processing_system7_0/inst/FCLK_CLK0 | design_1_wrapper_i/design_1_i/transformer_axi_0/U0/s00_axi_inst/xmat_regs[116][23]_i_1_n_0                                                                                           | design_1_wrapper_i/design_1_i/transformer_axi_0/U0/s00_axi_inst/slv_reg1[0]_i_1_n_0                                                     |                4 |              8 |         2.00 |
|  design_1_wrapper_i/design_1_i/processing_system7_0/inst/FCLK_CLK0 | design_1_wrapper_i/design_1_i/transformer_axi_0/U0/s00_axi_inst/xmat_regs[120][15]_i_1_n_0                                                                                           | design_1_wrapper_i/design_1_i/transformer_axi_0/U0/s00_axi_inst/slv_reg1[0]_i_1_n_0                                                     |                5 |              8 |         1.60 |
|  design_1_wrapper_i/design_1_i/processing_system7_0/inst/FCLK_CLK0 | design_1_wrapper_i/design_1_i/transformer_axi_0/U0/s00_axi_inst/xmat_regs[121][31]_i_1_n_0                                                                                           | design_1_wrapper_i/design_1_i/transformer_axi_0/U0/s00_axi_inst/slv_reg1[0]_i_1_n_0                                                     |                4 |              8 |         2.00 |
|  design_1_wrapper_i/design_1_i/processing_system7_0/inst/FCLK_CLK0 | design_1_wrapper_i/design_1_i/transformer_axi_0/U0/s00_axi_inst/xmat_regs[119][15]_i_1_n_0                                                                                           | design_1_wrapper_i/design_1_i/transformer_axi_0/U0/s00_axi_inst/slv_reg1[0]_i_1_n_0                                                     |                6 |              8 |         1.33 |
|  design_1_wrapper_i/design_1_i/processing_system7_0/inst/FCLK_CLK0 | design_1_wrapper_i/design_1_i/transformer_axi_0/U0/s00_axi_inst/xmat_regs[125][31]_i_1_n_0                                                                                           | design_1_wrapper_i/design_1_i/transformer_axi_0/U0/s00_axi_inst/slv_reg1[0]_i_1_n_0                                                     |                6 |              8 |         1.33 |
|  design_1_wrapper_i/design_1_i/processing_system7_0/inst/FCLK_CLK0 | design_1_wrapper_i/design_1_i/transformer_axi_0/U0/s00_axi_inst/xmat_regs[122][23]_i_1_n_0                                                                                           | design_1_wrapper_i/design_1_i/transformer_axi_0/U0/s00_axi_inst/slv_reg1[0]_i_1_n_0                                                     |                3 |              8 |         2.67 |
|  design_1_wrapper_i/design_1_i/processing_system7_0/inst/FCLK_CLK0 | design_1_wrapper_i/design_1_i/transformer_axi_0/U0/s00_axi_inst/xmat_regs[11][23]_i_1_n_0                                                                                            | design_1_wrapper_i/design_1_i/transformer_axi_0/U0/s00_axi_inst/slv_reg1[0]_i_1_n_0                                                     |                3 |              8 |         2.67 |
|  design_1_wrapper_i/design_1_i/processing_system7_0/inst/FCLK_CLK0 | design_1_wrapper_i/design_1_i/transformer_axi_0/U0/s00_axi_inst/xmat_regs[127][31]_i_1_n_0                                                                                           | design_1_wrapper_i/design_1_i/transformer_axi_0/U0/s00_axi_inst/slv_reg1[0]_i_1_n_0                                                     |                1 |              8 |         8.00 |
|  design_1_wrapper_i/design_1_i/processing_system7_0/inst/FCLK_CLK0 | design_1_wrapper_i/design_1_i/transformer_axi_0/U0/s00_axi_inst/xmat_regs[115][15]_i_1_n_0                                                                                           | design_1_wrapper_i/design_1_i/transformer_axi_0/U0/s00_axi_inst/slv_reg1[0]_i_1_n_0                                                     |                2 |              8 |         4.00 |
|  design_1_wrapper_i/design_1_i/processing_system7_0/inst/FCLK_CLK0 | design_1_wrapper_i/design_1_i/transformer_axi_0/U0/s00_axi_inst/xmat_regs[117][31]_i_1_n_0                                                                                           | design_1_wrapper_i/design_1_i/transformer_axi_0/U0/s00_axi_inst/slv_reg1[0]_i_1_n_0                                                     |                2 |              8 |         4.00 |
|  design_1_wrapper_i/design_1_i/processing_system7_0/inst/FCLK_CLK0 | design_1_wrapper_i/design_1_i/transformer_axi_0/U0/s00_axi_inst/xmat_regs[117][7]_i_1_n_0                                                                                            | design_1_wrapper_i/design_1_i/transformer_axi_0/U0/s00_axi_inst/slv_reg1[0]_i_1_n_0                                                     |                6 |              8 |         1.33 |
|  design_1_wrapper_i/design_1_i/processing_system7_0/inst/FCLK_CLK0 | design_1_wrapper_i/design_1_i/transformer_axi_0/U0/s00_axi_inst/xmat_regs[116][31]_i_1_n_0                                                                                           | design_1_wrapper_i/design_1_i/transformer_axi_0/U0/s00_axi_inst/slv_reg1[0]_i_1_n_0                                                     |                7 |              8 |         1.14 |
|  design_1_wrapper_i/design_1_i/processing_system7_0/inst/FCLK_CLK0 | design_1_wrapper_i/design_1_i/transformer_axi_0/U0/s00_axi_inst/xmat_regs[11][7]_i_1_n_0                                                                                             | design_1_wrapper_i/design_1_i/transformer_axi_0/U0/s00_axi_inst/slv_reg1[0]_i_1_n_0                                                     |                4 |              8 |         2.00 |
|  design_1_wrapper_i/design_1_i/processing_system7_0/inst/FCLK_CLK0 | design_1_wrapper_i/design_1_i/transformer_axi_0/U0/s00_axi_inst/xmat_regs[120][7]_i_1_n_0                                                                                            | design_1_wrapper_i/design_1_i/transformer_axi_0/U0/s00_axi_inst/slv_reg1[0]_i_1_n_0                                                     |                4 |              8 |         2.00 |
|  design_1_wrapper_i/design_1_i/processing_system7_0/inst/FCLK_CLK0 | design_1_wrapper_i/design_1_i/transformer_axi_0/U0/s00_axi_inst/xmat_regs[134][31]_i_1_n_0                                                                                           | design_1_wrapper_i/design_1_i/transformer_axi_0/U0/s00_axi_inst/slv_reg1[0]_i_1_n_0                                                     |                1 |              8 |         8.00 |
|  design_1_wrapper_i/design_1_i/processing_system7_0/inst/FCLK_CLK0 | design_1_wrapper_i/design_1_i/transformer_axi_0/U0/s00_axi_inst/xmat_regs[134][23]_i_1_n_0                                                                                           | design_1_wrapper_i/design_1_i/transformer_axi_0/U0/s00_axi_inst/slv_reg1[0]_i_1_n_0                                                     |                2 |              8 |         4.00 |
|  design_1_wrapper_i/design_1_i/processing_system7_0/inst/FCLK_CLK0 | design_1_wrapper_i/design_1_i/transformer_axi_0/U0/s00_axi_inst/xmat_regs[136][31]_i_1_n_0                                                                                           | design_1_wrapper_i/design_1_i/transformer_axi_0/U0/s00_axi_inst/slv_reg1[0]_i_1_n_0                                                     |                4 |              8 |         2.00 |
|  design_1_wrapper_i/design_1_i/processing_system7_0/inst/FCLK_CLK0 | design_1_wrapper_i/design_1_i/transformer_axi_0/U0/s00_axi_inst/xmat_regs[136][7]_i_1_n_0                                                                                            | design_1_wrapper_i/design_1_i/transformer_axi_0/U0/s00_axi_inst/slv_reg1[0]_i_1_n_0                                                     |                2 |              8 |         4.00 |
|  design_1_wrapper_i/design_1_i/processing_system7_0/inst/FCLK_CLK0 | design_1_wrapper_i/design_1_i/transformer_axi_0/U0/s00_axi_inst/xmat_regs[137][15]_i_1_n_0                                                                                           | design_1_wrapper_i/design_1_i/transformer_axi_0/U0/s00_axi_inst/slv_reg1[0]_i_1_n_0                                                     |                4 |              8 |         2.00 |
|  design_1_wrapper_i/design_1_i/processing_system7_0/inst/FCLK_CLK0 | design_1_wrapper_i/design_1_i/transformer_axi_0/U0/s00_axi_inst/xmat_regs[137][31]_i_1_n_0                                                                                           | design_1_wrapper_i/design_1_i/transformer_axi_0/U0/s00_axi_inst/slv_reg1[0]_i_1_n_0                                                     |                1 |              8 |         8.00 |
|  design_1_wrapper_i/design_1_i/processing_system7_0/inst/FCLK_CLK0 | design_1_wrapper_i/design_1_i/transformer_axi_0/U0/s00_axi_inst/xmat_regs[137][7]_i_1_n_0                                                                                            | design_1_wrapper_i/design_1_i/transformer_axi_0/U0/s00_axi_inst/slv_reg1[0]_i_1_n_0                                                     |                3 |              8 |         2.67 |
|  design_1_wrapper_i/design_1_i/processing_system7_0/inst/FCLK_CLK0 | design_1_wrapper_i/design_1_i/transformer_axi_0/U0/s00_axi_inst/xmat_regs[138][15]_i_1_n_0                                                                                           | design_1_wrapper_i/design_1_i/transformer_axi_0/U0/s00_axi_inst/slv_reg1[0]_i_1_n_0                                                     |                5 |              8 |         1.60 |
|  design_1_wrapper_i/design_1_i/processing_system7_0/inst/FCLK_CLK0 | design_1_wrapper_i/design_1_i/transformer_axi_0/U0/s00_axi_inst/xmat_regs[133][23]_i_1_n_0                                                                                           | design_1_wrapper_i/design_1_i/transformer_axi_0/U0/s00_axi_inst/slv_reg1[0]_i_1_n_0                                                     |                4 |              8 |         2.00 |
|  design_1_wrapper_i/design_1_i/processing_system7_0/inst/FCLK_CLK0 | design_1_wrapper_i/design_1_i/transformer_axi_0/U0/s00_axi_inst/xmat_regs[132][31]_i_1_n_0                                                                                           | design_1_wrapper_i/design_1_i/transformer_axi_0/U0/s00_axi_inst/slv_reg1[0]_i_1_n_0                                                     |                2 |              8 |         4.00 |
|  design_1_wrapper_i/design_1_i/processing_system7_0/inst/FCLK_CLK0 | design_1_wrapper_i/design_1_i/transformer_axi_0/U0/s00_axi_inst/xmat_regs[128][7]_i_1_n_0                                                                                            | design_1_wrapper_i/design_1_i/transformer_axi_0/U0/s00_axi_inst/slv_reg1[0]_i_1_n_0                                                     |                3 |              8 |         2.67 |
|  design_1_wrapper_i/design_1_i/processing_system7_0/inst/FCLK_CLK0 | design_1_wrapper_i/design_1_i/transformer_axi_0/U0/s00_axi_inst/xmat_regs[130][23]_i_1_n_0                                                                                           | design_1_wrapper_i/design_1_i/transformer_axi_0/U0/s00_axi_inst/slv_reg1[0]_i_1_n_0                                                     |                3 |              8 |         2.67 |
|  design_1_wrapper_i/design_1_i/processing_system7_0/inst/FCLK_CLK0 | design_1_wrapper_i/design_1_i/transformer_axi_0/U0/s00_axi_inst/xmat_regs[138][31]_i_1_n_0                                                                                           | design_1_wrapper_i/design_1_i/transformer_axi_0/U0/s00_axi_inst/slv_reg1[0]_i_1_n_0                                                     |                2 |              8 |         4.00 |
|  design_1_wrapper_i/design_1_i/processing_system7_0/inst/FCLK_CLK0 | design_1_wrapper_i/design_1_i/transformer_axi_0/U0/s00_axi_inst/xmat_regs[128][23]_i_1_n_0                                                                                           | design_1_wrapper_i/design_1_i/transformer_axi_0/U0/s00_axi_inst/slv_reg1[0]_i_1_n_0                                                     |                3 |              8 |         2.67 |
|  design_1_wrapper_i/design_1_i/processing_system7_0/inst/FCLK_CLK0 | design_1_wrapper_i/design_1_i/transformer_axi_0/U0/s00_axi_inst/xmat_regs[131][7]_i_1_n_0                                                                                            | design_1_wrapper_i/design_1_i/transformer_axi_0/U0/s00_axi_inst/slv_reg1[0]_i_1_n_0                                                     |                5 |              8 |         1.60 |
|  design_1_wrapper_i/design_1_i/processing_system7_0/inst/FCLK_CLK0 | design_1_wrapper_i/design_1_i/transformer_axi_0/U0/s00_axi_inst/xmat_regs[139][15]_i_1_n_0                                                                                           | design_1_wrapper_i/design_1_i/transformer_axi_0/U0/s00_axi_inst/slv_reg1[0]_i_1_n_0                                                     |                5 |              8 |         1.60 |
|  design_1_wrapper_i/design_1_i/processing_system7_0/inst/FCLK_CLK0 | design_1_wrapper_i/design_1_i/transformer_axi_0/U0/s00_axi_inst/xmat_regs[129][31]_i_1_n_0                                                                                           | design_1_wrapper_i/design_1_i/transformer_axi_0/U0/s00_axi_inst/slv_reg1[0]_i_1_n_0                                                     |                1 |              8 |         8.00 |
|  design_1_wrapper_i/design_1_i/processing_system7_0/inst/FCLK_CLK0 | design_1_wrapper_i/design_1_i/transformer_axi_0/U0/s00_axi_inst/xmat_regs[131][15]_i_1_n_0                                                                                           | design_1_wrapper_i/design_1_i/transformer_axi_0/U0/s00_axi_inst/slv_reg1[0]_i_1_n_0                                                     |                5 |              8 |         1.60 |
|  design_1_wrapper_i/design_1_i/processing_system7_0/inst/FCLK_CLK0 | design_1_wrapper_i/design_1_i/transformer_axi_0/U0/s00_axi_inst/xmat_regs[130][15]_i_1_n_0                                                                                           | design_1_wrapper_i/design_1_i/transformer_axi_0/U0/s00_axi_inst/slv_reg1[0]_i_1_n_0                                                     |                4 |              8 |         2.00 |
|  design_1_wrapper_i/design_1_i/processing_system7_0/inst/FCLK_CLK0 | design_1_wrapper_i/design_1_i/transformer_axi_0/U0/s00_axi_inst/xmat_regs[133][31]_i_1_n_0                                                                                           | design_1_wrapper_i/design_1_i/transformer_axi_0/U0/s00_axi_inst/slv_reg1[0]_i_1_n_0                                                     |                1 |              8 |         8.00 |
|  design_1_wrapper_i/design_1_i/processing_system7_0/inst/FCLK_CLK0 | design_1_wrapper_i/design_1_i/transformer_axi_0/U0/s00_axi_inst/xmat_regs[137][23]_i_1_n_0                                                                                           | design_1_wrapper_i/design_1_i/transformer_axi_0/U0/s00_axi_inst/slv_reg1[0]_i_1_n_0                                                     |                4 |              8 |         2.00 |
|  design_1_wrapper_i/design_1_i/processing_system7_0/inst/FCLK_CLK0 | design_1_wrapper_i/design_1_i/transformer_axi_0/U0/s00_axi_inst/xmat_regs[134][7]_i_1_n_0                                                                                            | design_1_wrapper_i/design_1_i/transformer_axi_0/U0/s00_axi_inst/slv_reg1[0]_i_1_n_0                                                     |                3 |              8 |         2.67 |
|  design_1_wrapper_i/design_1_i/processing_system7_0/inst/FCLK_CLK0 | design_1_wrapper_i/design_1_i/transformer_axi_0/U0/s00_axi_inst/xmat_regs[12][31]_i_1_n_0                                                                                            | design_1_wrapper_i/design_1_i/transformer_axi_0/U0/s00_axi_inst/slv_reg1[0]_i_1_n_0                                                     |                2 |              8 |         4.00 |
|  design_1_wrapper_i/design_1_i/processing_system7_0/inst/FCLK_CLK0 | design_1_wrapper_i/design_1_i/transformer_axi_0/U0/s00_axi_inst/xmat_regs[129][7]_i_1_n_0                                                                                            | design_1_wrapper_i/design_1_i/transformer_axi_0/U0/s00_axi_inst/slv_reg1[0]_i_1_n_0                                                     |                3 |              8 |         2.67 |
|  design_1_wrapper_i/design_1_i/processing_system7_0/inst/FCLK_CLK0 | design_1_wrapper_i/design_1_i/transformer_axi_0/U0/s00_axi_inst/xmat_regs[12][23]_i_1_n_0                                                                                            | design_1_wrapper_i/design_1_i/transformer_axi_0/U0/s00_axi_inst/slv_reg1[0]_i_1_n_0                                                     |                1 |              8 |         8.00 |
|  design_1_wrapper_i/design_1_i/processing_system7_0/inst/FCLK_CLK0 | design_1_wrapper_i/design_1_i/transformer_axi_0/U0/s00_axi_inst/xmat_regs[132][7]_i_1_n_0                                                                                            | design_1_wrapper_i/design_1_i/transformer_axi_0/U0/s00_axi_inst/slv_reg1[0]_i_1_n_0                                                     |                4 |              8 |         2.00 |
|  design_1_wrapper_i/design_1_i/processing_system7_0/inst/FCLK_CLK0 | design_1_wrapper_i/design_1_i/transformer_axi_0/U0/s00_axi_inst/xmat_regs[138][23]_i_1_n_0                                                                                           | design_1_wrapper_i/design_1_i/transformer_axi_0/U0/s00_axi_inst/slv_reg1[0]_i_1_n_0                                                     |                2 |              8 |         4.00 |
|  design_1_wrapper_i/design_1_i/processing_system7_0/inst/FCLK_CLK0 | design_1_wrapper_i/design_1_i/transformer_axi_0/U0/s00_axi_inst/xmat_regs[139][23]_i_1_n_0                                                                                           | design_1_wrapper_i/design_1_i/transformer_axi_0/U0/s00_axi_inst/slv_reg1[0]_i_1_n_0                                                     |                6 |              8 |         1.33 |
|  design_1_wrapper_i/design_1_i/processing_system7_0/inst/FCLK_CLK0 | design_1_wrapper_i/design_1_i/transformer_axi_0/U0/s00_axi_inst/xmat_regs[136][23]_i_1_n_0                                                                                           | design_1_wrapper_i/design_1_i/transformer_axi_0/U0/s00_axi_inst/slv_reg1[0]_i_1_n_0                                                     |                2 |              8 |         4.00 |
|  design_1_wrapper_i/design_1_i/processing_system7_0/inst/FCLK_CLK0 | design_1_wrapper_i/design_1_i/transformer_axi_0/U0/s00_axi_inst/xmat_regs[139][31]_i_1_n_0                                                                                           | design_1_wrapper_i/design_1_i/transformer_axi_0/U0/s00_axi_inst/slv_reg1[0]_i_1_n_0                                                     |                1 |              8 |         8.00 |
|  design_1_wrapper_i/design_1_i/processing_system7_0/inst/FCLK_CLK0 | design_1_wrapper_i/design_1_i/transformer_axi_0/U0/s00_axi_inst/xmat_regs[139][7]_i_1_n_0                                                                                            | design_1_wrapper_i/design_1_i/transformer_axi_0/U0/s00_axi_inst/slv_reg1[0]_i_1_n_0                                                     |                5 |              8 |         1.60 |
|  design_1_wrapper_i/design_1_i/processing_system7_0/inst/FCLK_CLK0 | design_1_wrapper_i/design_1_i/transformer_axi_0/U0/s00_axi_inst/xmat_regs[13][15]_i_1_n_0                                                                                            | design_1_wrapper_i/design_1_i/transformer_axi_0/U0/s00_axi_inst/slv_reg1[0]_i_1_n_0                                                     |                3 |              8 |         2.67 |
|  design_1_wrapper_i/design_1_i/processing_system7_0/inst/FCLK_CLK0 | design_1_wrapper_i/design_1_i/transformer_axi_0/U0/s00_axi_inst/xmat_regs[134][15]_i_1_n_0                                                                                           | design_1_wrapper_i/design_1_i/transformer_axi_0/U0/s00_axi_inst/slv_reg1[0]_i_1_n_0                                                     |                2 |              8 |         4.00 |
|  design_1_wrapper_i/design_1_i/processing_system7_0/inst/FCLK_CLK0 | design_1_wrapper_i/design_1_i/transformer_axi_0/U0/s00_axi_inst/xmat_regs[13][23]_i_1_n_0                                                                                            | design_1_wrapper_i/design_1_i/transformer_axi_0/U0/s00_axi_inst/slv_reg1[0]_i_1_n_0                                                     |                1 |              8 |         8.00 |
|  design_1_wrapper_i/design_1_i/processing_system7_0/inst/FCLK_CLK0 | design_1_wrapper_i/design_1_i/transformer_axi_0/U0/s00_axi_inst/xmat_regs[135][31]_i_1_n_0                                                                                           | design_1_wrapper_i/design_1_i/transformer_axi_0/U0/s00_axi_inst/slv_reg1[0]_i_1_n_0                                                     |                2 |              8 |         4.00 |
|  design_1_wrapper_i/design_1_i/processing_system7_0/inst/FCLK_CLK0 | design_1_wrapper_i/design_1_i/transformer_axi_0/U0/s00_axi_inst/xmat_regs[138][7]_i_1_n_0                                                                                            | design_1_wrapper_i/design_1_i/transformer_axi_0/U0/s00_axi_inst/slv_reg1[0]_i_1_n_0                                                     |                7 |              8 |         1.14 |
|  design_1_wrapper_i/design_1_i/processing_system7_0/inst/FCLK_CLK0 | design_1_wrapper_i/design_1_i/transformer_axi_0/U0/s00_axi_inst/xmat_regs[13][31]_i_1_n_0                                                                                            | design_1_wrapper_i/design_1_i/transformer_axi_0/U0/s00_axi_inst/slv_reg1[0]_i_1_n_0                                                     |                4 |              8 |         2.00 |
|  design_1_wrapper_i/design_1_i/processing_system7_0/inst/FCLK_CLK0 | design_1_wrapper_i/design_1_i/transformer_axi_0/U0/s00_axi_inst/xmat_regs[13][7]_i_1_n_0                                                                                             | design_1_wrapper_i/design_1_i/transformer_axi_0/U0/s00_axi_inst/slv_reg1[0]_i_1_n_0                                                     |                5 |              8 |         1.60 |
|  design_1_wrapper_i/design_1_i/processing_system7_0/inst/FCLK_CLK0 | design_1_wrapper_i/design_1_i/transformer_axi_0/U0/s00_axi_inst/xmat_regs[129][23]_i_1_n_0                                                                                           | design_1_wrapper_i/design_1_i/transformer_axi_0/U0/s00_axi_inst/slv_reg1[0]_i_1_n_0                                                     |                1 |              8 |         8.00 |
|  design_1_wrapper_i/design_1_i/processing_system7_0/inst/FCLK_CLK0 | design_1_wrapper_i/design_1_i/transformer_axi_0/U0/s00_axi_inst/xmat_regs[130][7]_i_1_n_0                                                                                            | design_1_wrapper_i/design_1_i/transformer_axi_0/U0/s00_axi_inst/slv_reg1[0]_i_1_n_0                                                     |                4 |              8 |         2.00 |
|  design_1_wrapper_i/design_1_i/processing_system7_0/inst/FCLK_CLK0 | design_1_wrapper_i/design_1_i/transformer_axi_0/U0/s00_axi_inst/xmat_regs[132][15]_i_1_n_0                                                                                           | design_1_wrapper_i/design_1_i/transformer_axi_0/U0/s00_axi_inst/slv_reg1[0]_i_1_n_0                                                     |                6 |              8 |         1.33 |
|  design_1_wrapper_i/design_1_i/processing_system7_0/inst/FCLK_CLK0 | design_1_wrapper_i/design_1_i/transformer_axi_0/U0/s00_axi_inst/xmat_regs[131][23]_i_1_n_0                                                                                           | design_1_wrapper_i/design_1_i/transformer_axi_0/U0/s00_axi_inst/slv_reg1[0]_i_1_n_0                                                     |                2 |              8 |         4.00 |
|  design_1_wrapper_i/design_1_i/processing_system7_0/inst/FCLK_CLK0 | design_1_wrapper_i/design_1_i/transformer_axi_0/U0/s00_axi_inst/xmat_regs[132][23]_i_1_n_0                                                                                           | design_1_wrapper_i/design_1_i/transformer_axi_0/U0/s00_axi_inst/slv_reg1[0]_i_1_n_0                                                     |                1 |              8 |         8.00 |
|  design_1_wrapper_i/design_1_i/processing_system7_0/inst/FCLK_CLK0 | design_1_wrapper_i/design_1_i/transformer_axi_0/U0/s00_axi_inst/xmat_regs[128][15]_i_1_n_0                                                                                           | design_1_wrapper_i/design_1_i/transformer_axi_0/U0/s00_axi_inst/slv_reg1[0]_i_1_n_0                                                     |                4 |              8 |         2.00 |
|  design_1_wrapper_i/design_1_i/processing_system7_0/inst/FCLK_CLK0 | design_1_wrapper_i/design_1_i/transformer_axi_0/U0/s00_axi_inst/xmat_regs[128][31]_i_1_n_0                                                                                           | design_1_wrapper_i/design_1_i/transformer_axi_0/U0/s00_axi_inst/slv_reg1[0]_i_1_n_0                                                     |                3 |              8 |         2.67 |
|  design_1_wrapper_i/design_1_i/processing_system7_0/inst/FCLK_CLK0 | design_1_wrapper_i/design_1_i/transformer_axi_0/U0/s00_axi_inst/xmat_regs[12][7]_i_1_n_0                                                                                             | design_1_wrapper_i/design_1_i/transformer_axi_0/U0/s00_axi_inst/slv_reg1[0]_i_1_n_0                                                     |                4 |              8 |         2.00 |
|  design_1_wrapper_i/design_1_i/processing_system7_0/inst/FCLK_CLK0 | design_1_wrapper_i/design_1_i/transformer_axi_0/U0/s00_axi_inst/xmat_regs[131][31]_i_1_n_0                                                                                           | design_1_wrapper_i/design_1_i/transformer_axi_0/U0/s00_axi_inst/slv_reg1[0]_i_1_n_0                                                     |                4 |              8 |         2.00 |
|  design_1_wrapper_i/design_1_i/processing_system7_0/inst/FCLK_CLK0 | design_1_wrapper_i/design_1_i/transformer_axi_0/U0/s00_axi_inst/xmat_regs[133][15]_i_1_n_0                                                                                           | design_1_wrapper_i/design_1_i/transformer_axi_0/U0/s00_axi_inst/slv_reg1[0]_i_1_n_0                                                     |                1 |              8 |         8.00 |
|  design_1_wrapper_i/design_1_i/processing_system7_0/inst/FCLK_CLK0 | design_1_wrapper_i/design_1_i/transformer_axi_0/U0/s00_axi_inst/xmat_regs[129][15]_i_1_n_0                                                                                           | design_1_wrapper_i/design_1_i/transformer_axi_0/U0/s00_axi_inst/slv_reg1[0]_i_1_n_0                                                     |                6 |              8 |         1.33 |
|  design_1_wrapper_i/design_1_i/processing_system7_0/inst/FCLK_CLK0 | design_1_wrapper_i/design_1_i/transformer_axi_0/U0/s00_axi_inst/xmat_regs[130][31]_i_1_n_0                                                                                           | design_1_wrapper_i/design_1_i/transformer_axi_0/U0/s00_axi_inst/slv_reg1[0]_i_1_n_0                                                     |                4 |              8 |         2.00 |
|  design_1_wrapper_i/design_1_i/processing_system7_0/inst/FCLK_CLK0 | design_1_wrapper_i/design_1_i/transformer_axi_0/U0/s00_axi_inst/xmat_regs[133][7]_i_1_n_0                                                                                            | design_1_wrapper_i/design_1_i/transformer_axi_0/U0/s00_axi_inst/slv_reg1[0]_i_1_n_0                                                     |                3 |              8 |         2.67 |
|  design_1_wrapper_i/design_1_i/processing_system7_0/inst/FCLK_CLK0 | design_1_wrapper_i/design_1_i/transformer_axi_0/U0/s00_axi_inst/xmat_regs[135][15]_i_1_n_0                                                                                           | design_1_wrapper_i/design_1_i/transformer_axi_0/U0/s00_axi_inst/slv_reg1[0]_i_1_n_0                                                     |                4 |              8 |         2.00 |
|  design_1_wrapper_i/design_1_i/processing_system7_0/inst/FCLK_CLK0 | design_1_wrapper_i/design_1_i/transformer_axi_0/U0/s00_axi_inst/xmat_regs[135][23]_i_1_n_0                                                                                           | design_1_wrapper_i/design_1_i/transformer_axi_0/U0/s00_axi_inst/slv_reg1[0]_i_1_n_0                                                     |                1 |              8 |         8.00 |
|  design_1_wrapper_i/design_1_i/processing_system7_0/inst/FCLK_CLK0 | design_1_wrapper_i/design_1_i/transformer_axi_0/U0/s00_axi_inst/xmat_regs[135][7]_i_1_n_0                                                                                            | design_1_wrapper_i/design_1_i/transformer_axi_0/U0/s00_axi_inst/slv_reg1[0]_i_1_n_0                                                     |                3 |              8 |         2.67 |
|  design_1_wrapper_i/design_1_i/processing_system7_0/inst/FCLK_CLK0 | design_1_wrapper_i/design_1_i/transformer_axi_0/U0/s00_axi_inst/xmat_regs[12][15]_i_1_n_0                                                                                            | design_1_wrapper_i/design_1_i/transformer_axi_0/U0/s00_axi_inst/slv_reg1[0]_i_1_n_0                                                     |                5 |              8 |         1.60 |
|  design_1_wrapper_i/design_1_i/processing_system7_0/inst/FCLK_CLK0 | design_1_wrapper_i/design_1_i/transformer_axi_0/U0/s00_axi_inst/xmat_regs[136][15]_i_1_n_0                                                                                           | design_1_wrapper_i/design_1_i/transformer_axi_0/U0/s00_axi_inst/slv_reg1[0]_i_1_n_0                                                     |                5 |              8 |         1.60 |
|  design_1_wrapper_i/design_1_i/processing_system7_0/inst/FCLK_CLK0 | design_1_wrapper_i/design_1_i/transformer_axi_0/U0/s00_axi_inst/xmat_regs[140][31]_i_1_n_0                                                                                           | design_1_wrapper_i/design_1_i/transformer_axi_0/U0/s00_axi_inst/slv_reg1[0]_i_1_n_0                                                     |                8 |              8 |         1.00 |
|  design_1_wrapper_i/design_1_i/processing_system7_0/inst/FCLK_CLK0 | design_1_wrapper_i/design_1_i/transformer_axi_0/U0/s00_axi_inst/xmat_regs[141][31]_i_1_n_0                                                                                           | design_1_wrapper_i/design_1_i/transformer_axi_0/U0/s00_axi_inst/slv_reg1[0]_i_1_n_0                                                     |                4 |              8 |         2.00 |
|  design_1_wrapper_i/design_1_i/processing_system7_0/inst/FCLK_CLK0 | design_1_wrapper_i/design_1_i/transformer_axi_0/U0/s00_axi_inst/xmat_regs[143][15]_i_1_n_0                                                                                           | design_1_wrapper_i/design_1_i/transformer_axi_0/U0/s00_axi_inst/slv_reg1[0]_i_1_n_0                                                     |                2 |              8 |         4.00 |
|  design_1_wrapper_i/design_1_i/processing_system7_0/inst/FCLK_CLK0 | design_1_wrapper_i/design_1_i/transformer_axi_0/U0/s00_axi_inst/xmat_regs[142][31]_i_1_n_0                                                                                           | design_1_wrapper_i/design_1_i/transformer_axi_0/U0/s00_axi_inst/slv_reg1[0]_i_1_n_0                                                     |                3 |              8 |         2.67 |
|  design_1_wrapper_i/design_1_i/processing_system7_0/inst/FCLK_CLK0 | design_1_wrapper_i/design_1_i/transformer_axi_0/U0/s00_axi_inst/xmat_regs[19][31]_i_1_n_0                                                                                            | design_1_wrapper_i/design_1_i/transformer_axi_0/U0/s00_axi_inst/slv_reg1[0]_i_1_n_0                                                     |                1 |              8 |         8.00 |
|  design_1_wrapper_i/design_1_i/processing_system7_0/inst/FCLK_CLK0 | design_1_wrapper_i/design_1_i/transformer_axi_0/U0/s00_axi_inst/xmat_regs[21][31]_i_1_n_0                                                                                            | design_1_wrapper_i/design_1_i/transformer_axi_0/U0/s00_axi_inst/slv_reg1[0]_i_1_n_0                                                     |                3 |              8 |         2.67 |
|  design_1_wrapper_i/design_1_i/processing_system7_0/inst/FCLK_CLK0 | design_1_wrapper_i/design_1_i/transformer_axi_0/U0/s00_axi_inst/xmat_regs[21][7]_i_1_n_0                                                                                             | design_1_wrapper_i/design_1_i/transformer_axi_0/U0/s00_axi_inst/slv_reg1[0]_i_1_n_0                                                     |                3 |              8 |         2.67 |
|  design_1_wrapper_i/design_1_i/processing_system7_0/inst/FCLK_CLK0 | design_1_wrapper_i/design_1_i/transformer_axi_0/U0/s00_axi_inst/xmat_regs[17][15]_i_1_n_0                                                                                            | design_1_wrapper_i/design_1_i/transformer_axi_0/U0/s00_axi_inst/slv_reg1[0]_i_1_n_0                                                     |                3 |              8 |         2.67 |
|  design_1_wrapper_i/design_1_i/processing_system7_0/inst/FCLK_CLK0 | design_1_wrapper_i/design_1_i/transformer_axi_0/U0/s00_axi_inst/xmat_regs[143][7]_i_1_n_0                                                                                            | design_1_wrapper_i/design_1_i/transformer_axi_0/U0/s00_axi_inst/slv_reg1[0]_i_1_n_0                                                     |                3 |              8 |         2.67 |
|  design_1_wrapper_i/design_1_i/processing_system7_0/inst/FCLK_CLK0 | design_1_wrapper_i/design_1_i/transformer_axi_0/U0/s00_axi_inst/xmat_regs[15][7]_i_1_n_0                                                                                             | design_1_wrapper_i/design_1_i/transformer_axi_0/U0/s00_axi_inst/slv_reg1[0]_i_1_n_0                                                     |                3 |              8 |         2.67 |
|  design_1_wrapper_i/design_1_i/processing_system7_0/inst/FCLK_CLK0 | design_1_wrapper_i/design_1_i/transformer_axi_0/U0/s00_axi_inst/xmat_regs[17][31]_i_1_n_0                                                                                            | design_1_wrapper_i/design_1_i/transformer_axi_0/U0/s00_axi_inst/slv_reg1[0]_i_1_n_0                                                     |                3 |              8 |         2.67 |
|  design_1_wrapper_i/design_1_i/processing_system7_0/inst/FCLK_CLK0 | design_1_wrapper_i/design_1_i/transformer_axi_0/U0/s00_axi_inst/xmat_regs[20][7]_i_1_n_0                                                                                             | design_1_wrapper_i/design_1_i/transformer_axi_0/U0/s00_axi_inst/slv_reg1[0]_i_1_n_0                                                     |                5 |              8 |         1.60 |
|  design_1_wrapper_i/design_1_i/processing_system7_0/inst/FCLK_CLK0 | design_1_wrapper_i/design_1_i/transformer_axi_0/U0/s00_axi_inst/xmat_regs[22][15]_i_1_n_0                                                                                            | design_1_wrapper_i/design_1_i/transformer_axi_0/U0/s00_axi_inst/slv_reg1[0]_i_1_n_0                                                     |                7 |              8 |         1.14 |
|  design_1_wrapper_i/design_1_i/processing_system7_0/inst/FCLK_CLK0 | design_1_wrapper_i/design_1_i/transformer_axi_0/U0/s00_axi_inst/xmat_regs[18][31]_i_1_n_0                                                                                            | design_1_wrapper_i/design_1_i/transformer_axi_0/U0/s00_axi_inst/slv_reg1[0]_i_1_n_0                                                     |                2 |              8 |         4.00 |
|  design_1_wrapper_i/design_1_i/processing_system7_0/inst/FCLK_CLK0 | design_1_wrapper_i/design_1_i/transformer_axi_0/U0/s00_axi_inst/xmat_regs[22][23]_i_1_n_0                                                                                            | design_1_wrapper_i/design_1_i/transformer_axi_0/U0/s00_axi_inst/slv_reg1[0]_i_1_n_0                                                     |                2 |              8 |         4.00 |
|  design_1_wrapper_i/design_1_i/processing_system7_0/inst/FCLK_CLK0 | design_1_wrapper_i/design_1_i/transformer_axi_0/U0/s00_axi_inst/xmat_regs[141][7]_i_1_n_0                                                                                            | design_1_wrapper_i/design_1_i/transformer_axi_0/U0/s00_axi_inst/slv_reg1[0]_i_1_n_0                                                     |                4 |              8 |         2.00 |
|  design_1_wrapper_i/design_1_i/processing_system7_0/inst/FCLK_CLK0 | design_1_wrapper_i/design_1_i/transformer_axi_0/U0/s00_axi_inst/xmat_regs[143][31]_i_1_n_0                                                                                           | design_1_wrapper_i/design_1_i/transformer_axi_0/U0/s00_axi_inst/slv_reg1[0]_i_1_n_0                                                     |                4 |              8 |         2.00 |
|  design_1_wrapper_i/design_1_i/processing_system7_0/inst/FCLK_CLK0 | design_1_wrapper_i/design_1_i/transformer_axi_0/U0/s00_axi_inst/xmat_regs[16][23]_i_1_n_0                                                                                            | design_1_wrapper_i/design_1_i/transformer_axi_0/U0/s00_axi_inst/slv_reg1[0]_i_1_n_0                                                     |                2 |              8 |         4.00 |
|  design_1_wrapper_i/design_1_i/processing_system7_0/inst/FCLK_CLK0 | design_1_wrapper_i/design_1_i/transformer_axi_0/U0/s00_axi_inst/xmat_regs[15][31]_i_1_n_0                                                                                            | design_1_wrapper_i/design_1_i/transformer_axi_0/U0/s00_axi_inst/slv_reg1[0]_i_1_n_0                                                     |                2 |              8 |         4.00 |
|  design_1_wrapper_i/design_1_i/processing_system7_0/inst/FCLK_CLK0 | design_1_wrapper_i/design_1_i/transformer_axi_0/U0/s00_axi_inst/xmat_regs[17][23]_i_1_n_0                                                                                            | design_1_wrapper_i/design_1_i/transformer_axi_0/U0/s00_axi_inst/slv_reg1[0]_i_1_n_0                                                     |                4 |              8 |         2.00 |
|  design_1_wrapper_i/design_1_i/processing_system7_0/inst/FCLK_CLK0 | design_1_wrapper_i/design_1_i/transformer_axi_0/U0/s00_axi_inst/xmat_regs[18][7]_i_1_n_0                                                                                             | design_1_wrapper_i/design_1_i/transformer_axi_0/U0/s00_axi_inst/slv_reg1[0]_i_1_n_0                                                     |                3 |              8 |         2.67 |
|  design_1_wrapper_i/design_1_i/processing_system7_0/inst/FCLK_CLK0 | design_1_wrapper_i/design_1_i/transformer_axi_0/U0/s00_axi_inst/xmat_regs[142][23]_i_1_n_0                                                                                           | design_1_wrapper_i/design_1_i/transformer_axi_0/U0/s00_axi_inst/slv_reg1[0]_i_1_n_0                                                     |                2 |              8 |         4.00 |
|  design_1_wrapper_i/design_1_i/processing_system7_0/inst/FCLK_CLK0 | design_1_wrapper_i/design_1_i/transformer_axi_0/U0/s00_axi_inst/xmat_regs[140][23]_i_1_n_0                                                                                           | design_1_wrapper_i/design_1_i/transformer_axi_0/U0/s00_axi_inst/slv_reg1[0]_i_1_n_0                                                     |                2 |              8 |         4.00 |
|  design_1_wrapper_i/design_1_i/processing_system7_0/inst/FCLK_CLK0 | design_1_wrapper_i/design_1_i/transformer_axi_0/U0/s00_axi_inst/xmat_regs[14][23]_i_1_n_0                                                                                            | design_1_wrapper_i/design_1_i/transformer_axi_0/U0/s00_axi_inst/slv_reg1[0]_i_1_n_0                                                     |                1 |              8 |         8.00 |
|  design_1_wrapper_i/design_1_i/processing_system7_0/inst/FCLK_CLK0 | design_1_wrapper_i/design_1_i/transformer_axi_0/U0/s00_axi_inst/xmat_regs[16][31]_i_1_n_0                                                                                            | design_1_wrapper_i/design_1_i/transformer_axi_0/U0/s00_axi_inst/slv_reg1[0]_i_1_n_0                                                     |                3 |              8 |         2.67 |
|  design_1_wrapper_i/design_1_i/processing_system7_0/inst/FCLK_CLK0 | design_1_wrapper_i/design_1_i/transformer_axi_0/U0/s00_axi_inst/xmat_regs[142][15]_i_1_n_0                                                                                           | design_1_wrapper_i/design_1_i/transformer_axi_0/U0/s00_axi_inst/slv_reg1[0]_i_1_n_0                                                     |                3 |              8 |         2.67 |
|  design_1_wrapper_i/design_1_i/processing_system7_0/inst/FCLK_CLK0 | design_1_wrapper_i/design_1_i/transformer_axi_0/U0/s00_axi_inst/xmat_regs[140][15]_i_1_n_0                                                                                           | design_1_wrapper_i/design_1_i/transformer_axi_0/U0/s00_axi_inst/slv_reg1[0]_i_1_n_0                                                     |                5 |              8 |         1.60 |
|  design_1_wrapper_i/design_1_i/processing_system7_0/inst/FCLK_CLK0 | design_1_wrapper_i/design_1_i/transformer_axi_0/U0/s00_axi_inst/xmat_regs[17][7]_i_1_n_0                                                                                             | design_1_wrapper_i/design_1_i/transformer_axi_0/U0/s00_axi_inst/slv_reg1[0]_i_1_n_0                                                     |                5 |              8 |         1.60 |
|  design_1_wrapper_i/design_1_i/processing_system7_0/inst/FCLK_CLK0 | design_1_wrapper_i/design_1_i/transformer_axi_0/U0/s00_axi_inst/xmat_regs[141][23]_i_1_n_0                                                                                           | design_1_wrapper_i/design_1_i/transformer_axi_0/U0/s00_axi_inst/slv_reg1[0]_i_1_n_0                                                     |                6 |              8 |         1.33 |
|  design_1_wrapper_i/design_1_i/processing_system7_0/inst/FCLK_CLK0 | design_1_wrapper_i/design_1_i/transformer_axi_0/U0/s00_axi_inst/xmat_regs[19][23]_i_1_n_0                                                                                            | design_1_wrapper_i/design_1_i/transformer_axi_0/U0/s00_axi_inst/slv_reg1[0]_i_1_n_0                                                     |                1 |              8 |         8.00 |
|  design_1_wrapper_i/design_1_i/processing_system7_0/inst/FCLK_CLK0 | design_1_wrapper_i/design_1_i/transformer_axi_0/U0/s00_axi_inst/xmat_regs[1][23]_i_1_n_0                                                                                             | design_1_wrapper_i/design_1_i/transformer_axi_0/U0/s00_axi_inst/slv_reg1[0]_i_1_n_0                                                     |                3 |              8 |         2.67 |
|  design_1_wrapper_i/design_1_i/processing_system7_0/inst/FCLK_CLK0 | design_1_wrapper_i/design_1_i/transformer_axi_0/U0/s00_axi_inst/xmat_regs[1][7]_i_1_n_0                                                                                              | design_1_wrapper_i/design_1_i/transformer_axi_0/U0/s00_axi_inst/slv_reg1[0]_i_1_n_0                                                     |                6 |              8 |         1.33 |
|  design_1_wrapper_i/design_1_i/processing_system7_0/inst/FCLK_CLK0 | design_1_wrapper_i/design_1_i/transformer_axi_0/U0/s00_axi_inst/xmat_regs[16][7]_i_1_n_0                                                                                             | design_1_wrapper_i/design_1_i/transformer_axi_0/U0/s00_axi_inst/slv_reg1[0]_i_1_n_0                                                     |                3 |              8 |         2.67 |
|  design_1_wrapper_i/design_1_i/processing_system7_0/inst/FCLK_CLK0 | design_1_wrapper_i/design_1_i/transformer_axi_0/U0/s00_axi_inst/xmat_regs[20][15]_i_1_n_0                                                                                            | design_1_wrapper_i/design_1_i/transformer_axi_0/U0/s00_axi_inst/slv_reg1[0]_i_1_n_0                                                     |                5 |              8 |         1.60 |
|  design_1_wrapper_i/design_1_i/processing_system7_0/inst/FCLK_CLK0 | design_1_wrapper_i/design_1_i/transformer_axi_0/U0/s00_axi_inst/xmat_regs[143][23]_i_1_n_0                                                                                           | design_1_wrapper_i/design_1_i/transformer_axi_0/U0/s00_axi_inst/slv_reg1[0]_i_1_n_0                                                     |                2 |              8 |         4.00 |
|  design_1_wrapper_i/design_1_i/processing_system7_0/inst/FCLK_CLK0 | design_1_wrapper_i/design_1_i/transformer_axi_0/U0/s00_axi_inst/xmat_regs[1][31]_i_1_n_0                                                                                             | design_1_wrapper_i/design_1_i/transformer_axi_0/U0/s00_axi_inst/slv_reg1[0]_i_1_n_0                                                     |                3 |              8 |         2.67 |
|  design_1_wrapper_i/design_1_i/processing_system7_0/inst/FCLK_CLK0 | design_1_wrapper_i/design_1_i/transformer_axi_0/U0/s00_axi_inst/xmat_regs[20][23]_i_1_n_0                                                                                            | design_1_wrapper_i/design_1_i/transformer_axi_0/U0/s00_axi_inst/slv_reg1[0]_i_1_n_0                                                     |                2 |              8 |         4.00 |
|  design_1_wrapper_i/design_1_i/processing_system7_0/inst/FCLK_CLK0 | design_1_wrapper_i/design_1_i/transformer_axi_0/U0/s00_axi_inst/xmat_regs[20][31]_i_1_n_0                                                                                            | design_1_wrapper_i/design_1_i/transformer_axi_0/U0/s00_axi_inst/slv_reg1[0]_i_1_n_0                                                     |                4 |              8 |         2.00 |
|  design_1_wrapper_i/design_1_i/processing_system7_0/inst/FCLK_CLK0 | design_1_wrapper_i/design_1_i/transformer_axi_0/U0/s00_axi_inst/xmat_regs[142][7]_i_1_n_0                                                                                            | design_1_wrapper_i/design_1_i/transformer_axi_0/U0/s00_axi_inst/slv_reg1[0]_i_1_n_0                                                     |                3 |              8 |         2.67 |
|  design_1_wrapper_i/design_1_i/processing_system7_0/inst/FCLK_CLK0 | design_1_wrapper_i/design_1_i/transformer_axi_0/U0/s00_axi_inst/xmat_regs[21][15]_i_1_n_0                                                                                            | design_1_wrapper_i/design_1_i/transformer_axi_0/U0/s00_axi_inst/slv_reg1[0]_i_1_n_0                                                     |                5 |              8 |         1.60 |
|  design_1_wrapper_i/design_1_i/processing_system7_0/inst/FCLK_CLK0 | design_1_wrapper_i/design_1_i/transformer_axi_0/U0/s00_axi_inst/xmat_regs[15][23]_i_1_n_0                                                                                            | design_1_wrapper_i/design_1_i/transformer_axi_0/U0/s00_axi_inst/slv_reg1[0]_i_1_n_0                                                     |                2 |              8 |         4.00 |
|  design_1_wrapper_i/design_1_i/processing_system7_0/inst/FCLK_CLK0 | design_1_wrapper_i/design_1_i/transformer_axi_0/U0/s00_axi_inst/xmat_regs[21][23]_i_1_n_0                                                                                            | design_1_wrapper_i/design_1_i/transformer_axi_0/U0/s00_axi_inst/slv_reg1[0]_i_1_n_0                                                     |                3 |              8 |         2.67 |
|  design_1_wrapper_i/design_1_i/processing_system7_0/inst/FCLK_CLK0 | design_1_wrapper_i/design_1_i/transformer_axi_0/U0/s00_axi_inst/xmat_regs[18][15]_i_1_n_0                                                                                            | design_1_wrapper_i/design_1_i/transformer_axi_0/U0/s00_axi_inst/slv_reg1[0]_i_1_n_0                                                     |                3 |              8 |         2.67 |
|  design_1_wrapper_i/design_1_i/processing_system7_0/inst/FCLK_CLK0 | design_1_wrapper_i/design_1_i/transformer_axi_0/U0/s00_axi_inst/xmat_regs[18][23]_i_1_n_0                                                                                            | design_1_wrapper_i/design_1_i/transformer_axi_0/U0/s00_axi_inst/slv_reg1[0]_i_1_n_0                                                     |                2 |              8 |         4.00 |
|  design_1_wrapper_i/design_1_i/processing_system7_0/inst/FCLK_CLK0 | design_1_wrapper_i/design_1_i/transformer_axi_0/U0/s00_axi_inst/xmat_regs[14][7]_i_1_n_0                                                                                             | design_1_wrapper_i/design_1_i/transformer_axi_0/U0/s00_axi_inst/slv_reg1[0]_i_1_n_0                                                     |                4 |              8 |         2.00 |
|  design_1_wrapper_i/design_1_i/processing_system7_0/inst/FCLK_CLK0 | design_1_wrapper_i/design_1_i/transformer_axi_0/U0/s00_axi_inst/xmat_regs[16][15]_i_1_n_0                                                                                            | design_1_wrapper_i/design_1_i/transformer_axi_0/U0/s00_axi_inst/slv_reg1[0]_i_1_n_0                                                     |                3 |              8 |         2.67 |
|  design_1_wrapper_i/design_1_i/processing_system7_0/inst/FCLK_CLK0 | design_1_wrapper_i/design_1_i/transformer_axi_0/U0/s00_axi_inst/xmat_regs[141][15]_i_1_n_0                                                                                           | design_1_wrapper_i/design_1_i/transformer_axi_0/U0/s00_axi_inst/slv_reg1[0]_i_1_n_0                                                     |                6 |              8 |         1.33 |
|  design_1_wrapper_i/design_1_i/processing_system7_0/inst/FCLK_CLK0 | design_1_wrapper_i/design_1_i/transformer_axi_0/U0/s00_axi_inst/xmat_regs[19][15]_i_1_n_0                                                                                            | design_1_wrapper_i/design_1_i/transformer_axi_0/U0/s00_axi_inst/slv_reg1[0]_i_1_n_0                                                     |                5 |              8 |         1.60 |
|  design_1_wrapper_i/design_1_i/processing_system7_0/inst/FCLK_CLK0 | design_1_wrapper_i/design_1_i/transformer_axi_0/U0/s00_axi_inst/xmat_regs[14][31]_i_1_n_0                                                                                            | design_1_wrapper_i/design_1_i/transformer_axi_0/U0/s00_axi_inst/slv_reg1[0]_i_1_n_0                                                     |                6 |              8 |         1.33 |
|  design_1_wrapper_i/design_1_i/processing_system7_0/inst/FCLK_CLK0 | design_1_wrapper_i/design_1_i/transformer_axi_0/U0/s00_axi_inst/xmat_regs[19][7]_i_1_n_0                                                                                             | design_1_wrapper_i/design_1_i/transformer_axi_0/U0/s00_axi_inst/slv_reg1[0]_i_1_n_0                                                     |                3 |              8 |         2.67 |
|  design_1_wrapper_i/design_1_i/processing_system7_0/inst/FCLK_CLK0 | design_1_wrapper_i/design_1_i/transformer_axi_0/U0/s00_axi_inst/xmat_regs[140][7]_i_1_n_0                                                                                            | design_1_wrapper_i/design_1_i/transformer_axi_0/U0/s00_axi_inst/slv_reg1[0]_i_1_n_0                                                     |                5 |              8 |         1.60 |
|  design_1_wrapper_i/design_1_i/processing_system7_0/inst/FCLK_CLK0 | design_1_wrapper_i/design_1_i/transformer_axi_0/U0/s00_axi_inst/xmat_regs[14][15]_i_1_n_0                                                                                            | design_1_wrapper_i/design_1_i/transformer_axi_0/U0/s00_axi_inst/slv_reg1[0]_i_1_n_0                                                     |                5 |              8 |         1.60 |
|  design_1_wrapper_i/design_1_i/processing_system7_0/inst/FCLK_CLK0 | design_1_wrapper_i/design_1_i/transformer_axi_0/U0/s00_axi_inst/xmat_regs[15][15]_i_1_n_0                                                                                            | design_1_wrapper_i/design_1_i/transformer_axi_0/U0/s00_axi_inst/slv_reg1[0]_i_1_n_0                                                     |                6 |              8 |         1.33 |
|  design_1_wrapper_i/design_1_i/processing_system7_0/inst/FCLK_CLK0 | design_1_wrapper_i/design_1_i/transformer_axi_0/U0/s00_axi_inst/xmat_regs[1][15]_i_1_n_0                                                                                             | design_1_wrapper_i/design_1_i/transformer_axi_0/U0/s00_axi_inst/slv_reg1[0]_i_1_n_0                                                     |                5 |              8 |         1.60 |
|  design_1_wrapper_i/design_1_i/processing_system7_0/inst/FCLK_CLK0 | design_1_wrapper_i/design_1_i/transformer_axi_0/U0/s00_axi_inst/xmat_regs[24][23]_i_1_n_0                                                                                            | design_1_wrapper_i/design_1_i/transformer_axi_0/U0/s00_axi_inst/slv_reg1[0]_i_1_n_0                                                     |                1 |              8 |         8.00 |
|  design_1_wrapper_i/design_1_i/processing_system7_0/inst/FCLK_CLK0 | design_1_wrapper_i/design_1_i/transformer_axi_0/U0/s00_axi_inst/xmat_regs[25][23]_i_1_n_0                                                                                            | design_1_wrapper_i/design_1_i/transformer_axi_0/U0/s00_axi_inst/slv_reg1[0]_i_1_n_0                                                     |                2 |              8 |         4.00 |
|  design_1_wrapper_i/design_1_i/processing_system7_0/inst/FCLK_CLK0 | design_1_wrapper_i/design_1_i/transformer_axi_0/U0/s00_axi_inst/xmat_regs[27][7]_i_1_n_0                                                                                             | design_1_wrapper_i/design_1_i/transformer_axi_0/U0/s00_axi_inst/slv_reg1[0]_i_1_n_0                                                     |                3 |              8 |         2.67 |
|  design_1_wrapper_i/design_1_i/processing_system7_0/inst/FCLK_CLK0 | design_1_wrapper_i/design_1_i/transformer_axi_0/U0/s00_axi_inst/xmat_regs[22][31]_i_1_n_0                                                                                            | design_1_wrapper_i/design_1_i/transformer_axi_0/U0/s00_axi_inst/slv_reg1[0]_i_1_n_0                                                     |                2 |              8 |         4.00 |
|  design_1_wrapper_i/design_1_i/processing_system7_0/inst/FCLK_CLK0 | design_1_wrapper_i/design_1_i/transformer_axi_0/U0/s00_axi_inst/xmat_regs[2][15]_i_1_n_0                                                                                             | design_1_wrapper_i/design_1_i/transformer_axi_0/U0/s00_axi_inst/slv_reg1[0]_i_1_n_0                                                     |                7 |              8 |         1.14 |
|  design_1_wrapper_i/design_1_i/processing_system7_0/inst/FCLK_CLK0 | design_1_wrapper_i/design_1_i/transformer_axi_0/U0/s00_axi_inst/xmat_regs[30][31]_i_1_n_0                                                                                            | design_1_wrapper_i/design_1_i/transformer_axi_0/U0/s00_axi_inst/slv_reg1[0]_i_1_n_0                                                     |                2 |              8 |         4.00 |
|  design_1_wrapper_i/design_1_i/processing_system7_0/inst/FCLK_CLK0 | design_1_wrapper_i/design_1_i/transformer_axi_0/U0/s00_axi_inst/xmat_regs[23][31]_i_1_n_0                                                                                            | design_1_wrapper_i/design_1_i/transformer_axi_0/U0/s00_axi_inst/slv_reg1[0]_i_1_n_0                                                     |                3 |              8 |         2.67 |
|  design_1_wrapper_i/design_1_i/processing_system7_0/inst/FCLK_CLK0 | design_1_wrapper_i/design_1_i/transformer_axi_0/U0/s00_axi_inst/xmat_regs[29][23]_i_1_n_0                                                                                            | design_1_wrapper_i/design_1_i/transformer_axi_0/U0/s00_axi_inst/slv_reg1[0]_i_1_n_0                                                     |                6 |              8 |         1.33 |
|  design_1_wrapper_i/design_1_i/processing_system7_0/inst/FCLK_CLK0 | design_1_wrapper_i/design_1_i/transformer_axi_0/U0/s00_axi_inst/xmat_regs[2][7]_i_1_n_0                                                                                              | design_1_wrapper_i/design_1_i/transformer_axi_0/U0/s00_axi_inst/slv_reg1[0]_i_1_n_0                                                     |                4 |              8 |         2.00 |
|  design_1_wrapper_i/design_1_i/processing_system7_0/inst/FCLK_CLK0 | design_1_wrapper_i/design_1_i/transformer_axi_0/U0/s00_axi_inst/xmat_regs[33][31]_i_1_n_0                                                                                            | design_1_wrapper_i/design_1_i/transformer_axi_0/U0/s00_axi_inst/slv_reg1[0]_i_1_n_0                                                     |                1 |              8 |         8.00 |
|  design_1_wrapper_i/design_1_i/processing_system7_0/inst/FCLK_CLK0 | design_1_wrapper_i/design_1_i/transformer_axi_0/U0/s00_axi_inst/xmat_regs[23][15]_i_1_n_0                                                                                            | design_1_wrapper_i/design_1_i/transformer_axi_0/U0/s00_axi_inst/slv_reg1[0]_i_1_n_0                                                     |                6 |              8 |         1.33 |
|  design_1_wrapper_i/design_1_i/processing_system7_0/inst/FCLK_CLK0 | design_1_wrapper_i/design_1_i/transformer_axi_0/U0/s00_axi_inst/xmat_regs[25][31]_i_1_n_0                                                                                            | design_1_wrapper_i/design_1_i/transformer_axi_0/U0/s00_axi_inst/slv_reg1[0]_i_1_n_0                                                     |                5 |              8 |         1.60 |
|  design_1_wrapper_i/design_1_i/processing_system7_0/inst/FCLK_CLK0 | design_1_wrapper_i/design_1_i/transformer_axi_0/U0/s00_axi_inst/xmat_regs[27][31]_i_1_n_0                                                                                            | design_1_wrapper_i/design_1_i/transformer_axi_0/U0/s00_axi_inst/slv_reg1[0]_i_1_n_0                                                     |                2 |              8 |         4.00 |
|  design_1_wrapper_i/design_1_i/processing_system7_0/inst/FCLK_CLK0 | design_1_wrapper_i/design_1_i/transformer_axi_0/U0/s00_axi_inst/xmat_regs[29][15]_i_1_n_0                                                                                            | design_1_wrapper_i/design_1_i/transformer_axi_0/U0/s00_axi_inst/slv_reg1[0]_i_1_n_0                                                     |                8 |              8 |         1.00 |
|  design_1_wrapper_i/design_1_i/processing_system7_0/inst/FCLK_CLK0 | design_1_wrapper_i/design_1_i/transformer_axi_0/U0/s00_axi_inst/xmat_regs[2][23]_i_1_n_0                                                                                             | design_1_wrapper_i/design_1_i/transformer_axi_0/U0/s00_axi_inst/slv_reg1[0]_i_1_n_0                                                     |                3 |              8 |         2.67 |
|  design_1_wrapper_i/design_1_i/processing_system7_0/inst/FCLK_CLK0 | design_1_wrapper_i/design_1_i/transformer_axi_0/U0/s00_axi_inst/xmat_regs[34][23]_i_1_n_0                                                                                            | design_1_wrapper_i/design_1_i/transformer_axi_0/U0/s00_axi_inst/slv_reg1[0]_i_1_n_0                                                     |                4 |              8 |         2.00 |
|  design_1_wrapper_i/design_1_i/processing_system7_0/inst/FCLK_CLK0 | design_1_wrapper_i/design_1_i/transformer_axi_0/U0/s00_axi_inst/xmat_regs[32][15]_i_1_n_0                                                                                            | design_1_wrapper_i/design_1_i/transformer_axi_0/U0/s00_axi_inst/slv_reg1[0]_i_1_n_0                                                     |                3 |              8 |         2.67 |
|  design_1_wrapper_i/design_1_i/processing_system7_0/inst/FCLK_CLK0 | design_1_wrapper_i/design_1_i/transformer_axi_0/U0/s00_axi_inst/xmat_regs[36][15]_i_1_n_0                                                                                            | design_1_wrapper_i/design_1_i/transformer_axi_0/U0/s00_axi_inst/slv_reg1[0]_i_1_n_0                                                     |                6 |              8 |         1.33 |
|  design_1_wrapper_i/design_1_i/processing_system7_0/inst/FCLK_CLK0 | design_1_wrapper_i/design_1_i/transformer_axi_0/U0/s00_axi_inst/xmat_regs[35][31]_i_1_n_0                                                                                            | design_1_wrapper_i/design_1_i/transformer_axi_0/U0/s00_axi_inst/slv_reg1[0]_i_1_n_0                                                     |                2 |              8 |         4.00 |
|  design_1_wrapper_i/design_1_i/processing_system7_0/inst/FCLK_CLK0 | design_1_wrapper_i/design_1_i/transformer_axi_0/U0/s00_axi_inst/xmat_regs[28][7]_i_1_n_0                                                                                             | design_1_wrapper_i/design_1_i/transformer_axi_0/U0/s00_axi_inst/slv_reg1[0]_i_1_n_0                                                     |                4 |              8 |         2.00 |
|  design_1_wrapper_i/design_1_i/processing_system7_0/inst/FCLK_CLK0 | design_1_wrapper_i/design_1_i/transformer_axi_0/U0/s00_axi_inst/xmat_regs[34][7]_i_1_n_0                                                                                             | design_1_wrapper_i/design_1_i/transformer_axi_0/U0/s00_axi_inst/slv_reg1[0]_i_1_n_0                                                     |                7 |              8 |         1.14 |
|  design_1_wrapper_i/design_1_i/processing_system7_0/inst/FCLK_CLK0 | design_1_wrapper_i/design_1_i/transformer_axi_0/U0/s00_axi_inst/xmat_regs[26][7]_i_1_n_0                                                                                             | design_1_wrapper_i/design_1_i/transformer_axi_0/U0/s00_axi_inst/slv_reg1[0]_i_1_n_0                                                     |                3 |              8 |         2.67 |
|  design_1_wrapper_i/design_1_i/processing_system7_0/inst/FCLK_CLK0 | design_1_wrapper_i/design_1_i/transformer_axi_0/U0/s00_axi_inst/xmat_regs[31][15]_i_1_n_0                                                                                            | design_1_wrapper_i/design_1_i/transformer_axi_0/U0/s00_axi_inst/slv_reg1[0]_i_1_n_0                                                     |                5 |              8 |         1.60 |
|  design_1_wrapper_i/design_1_i/processing_system7_0/inst/FCLK_CLK0 | design_1_wrapper_i/design_1_i/transformer_axi_0/U0/s00_axi_inst/xmat_regs[27][15]_i_1_n_0                                                                                            | design_1_wrapper_i/design_1_i/transformer_axi_0/U0/s00_axi_inst/slv_reg1[0]_i_1_n_0                                                     |                6 |              8 |         1.33 |
|  design_1_wrapper_i/design_1_i/processing_system7_0/inst/FCLK_CLK0 | design_1_wrapper_i/design_1_i/transformer_axi_0/U0/s00_axi_inst/xmat_regs[27][23]_i_1_n_0                                                                                            | design_1_wrapper_i/design_1_i/transformer_axi_0/U0/s00_axi_inst/slv_reg1[0]_i_1_n_0                                                     |                3 |              8 |         2.67 |
|  design_1_wrapper_i/design_1_i/processing_system7_0/inst/FCLK_CLK0 | design_1_wrapper_i/design_1_i/transformer_axi_0/U0/s00_axi_inst/xmat_regs[31][23]_i_1_n_0                                                                                            | design_1_wrapper_i/design_1_i/transformer_axi_0/U0/s00_axi_inst/slv_reg1[0]_i_1_n_0                                                     |                2 |              8 |         4.00 |
|  design_1_wrapper_i/design_1_i/processing_system7_0/inst/FCLK_CLK0 | design_1_wrapper_i/design_1_i/transformer_axi_0/U0/s00_axi_inst/xmat_regs[24][15]_i_1_n_0                                                                                            | design_1_wrapper_i/design_1_i/transformer_axi_0/U0/s00_axi_inst/slv_reg1[0]_i_1_n_0                                                     |                6 |              8 |         1.33 |
|  design_1_wrapper_i/design_1_i/processing_system7_0/inst/FCLK_CLK0 | design_1_wrapper_i/design_1_i/transformer_axi_0/U0/s00_axi_inst/xmat_regs[30][23]_i_1_n_0                                                                                            | design_1_wrapper_i/design_1_i/transformer_axi_0/U0/s00_axi_inst/slv_reg1[0]_i_1_n_0                                                     |                2 |              8 |         4.00 |
|  design_1_wrapper_i/design_1_i/processing_system7_0/inst/FCLK_CLK0 | design_1_wrapper_i/design_1_i/transformer_axi_0/U0/s00_axi_inst/xmat_regs[26][23]_i_1_n_0                                                                                            | design_1_wrapper_i/design_1_i/transformer_axi_0/U0/s00_axi_inst/slv_reg1[0]_i_1_n_0                                                     |                7 |              8 |         1.14 |
|  design_1_wrapper_i/design_1_i/processing_system7_0/inst/FCLK_CLK0 | design_1_wrapper_i/design_1_i/transformer_axi_0/U0/s00_axi_inst/xmat_regs[31][31]_i_1_n_0                                                                                            | design_1_wrapper_i/design_1_i/transformer_axi_0/U0/s00_axi_inst/slv_reg1[0]_i_1_n_0                                                     |                4 |              8 |         2.00 |
|  design_1_wrapper_i/design_1_i/processing_system7_0/inst/FCLK_CLK0 | design_1_wrapper_i/design_1_i/transformer_axi_0/U0/s00_axi_inst/xmat_regs[31][7]_i_1_n_0                                                                                             | design_1_wrapper_i/design_1_i/transformer_axi_0/U0/s00_axi_inst/slv_reg1[0]_i_1_n_0                                                     |                5 |              8 |         1.60 |
|  design_1_wrapper_i/design_1_i/processing_system7_0/inst/FCLK_CLK0 | design_1_wrapper_i/design_1_i/transformer_axi_0/U0/s00_axi_inst/xmat_regs[32][23]_i_1_n_0                                                                                            | design_1_wrapper_i/design_1_i/transformer_axi_0/U0/s00_axi_inst/slv_reg1[0]_i_1_n_0                                                     |                3 |              8 |         2.67 |
|  design_1_wrapper_i/design_1_i/processing_system7_0/inst/FCLK_CLK0 | design_1_wrapper_i/design_1_i/transformer_axi_0/U0/s00_axi_inst/xmat_regs[23][7]_i_1_n_0                                                                                             | design_1_wrapper_i/design_1_i/transformer_axi_0/U0/s00_axi_inst/slv_reg1[0]_i_1_n_0                                                     |                5 |              8 |         1.60 |
|  design_1_wrapper_i/design_1_i/processing_system7_0/inst/FCLK_CLK0 | design_1_wrapper_i/design_1_i/transformer_axi_0/U0/s00_axi_inst/xmat_regs[28][23]_i_1_n_0                                                                                            | design_1_wrapper_i/design_1_i/transformer_axi_0/U0/s00_axi_inst/slv_reg1[0]_i_1_n_0                                                     |                5 |              8 |         1.60 |
|  design_1_wrapper_i/design_1_i/processing_system7_0/inst/FCLK_CLK0 | design_1_wrapper_i/design_1_i/transformer_axi_0/U0/s00_axi_inst/xmat_regs[30][15]_i_1_n_0                                                                                            | design_1_wrapper_i/design_1_i/transformer_axi_0/U0/s00_axi_inst/slv_reg1[0]_i_1_n_0                                                     |                5 |              8 |         1.60 |
|  design_1_wrapper_i/design_1_i/processing_system7_0/inst/FCLK_CLK0 | design_1_wrapper_i/design_1_i/transformer_axi_0/U0/s00_axi_inst/xmat_regs[29][31]_i_1_n_0                                                                                            | design_1_wrapper_i/design_1_i/transformer_axi_0/U0/s00_axi_inst/slv_reg1[0]_i_1_n_0                                                     |                4 |              8 |         2.00 |
|  design_1_wrapper_i/design_1_i/processing_system7_0/inst/FCLK_CLK0 | design_1_wrapper_i/design_1_i/transformer_axi_0/U0/s00_axi_inst/xmat_regs[32][31]_i_1_n_0                                                                                            | design_1_wrapper_i/design_1_i/transformer_axi_0/U0/s00_axi_inst/slv_reg1[0]_i_1_n_0                                                     |                3 |              8 |         2.67 |
|  design_1_wrapper_i/design_1_i/processing_system7_0/inst/FCLK_CLK0 | design_1_wrapper_i/design_1_i/transformer_axi_0/U0/s00_axi_inst/xmat_regs[34][15]_i_1_n_0                                                                                            | design_1_wrapper_i/design_1_i/transformer_axi_0/U0/s00_axi_inst/slv_reg1[0]_i_1_n_0                                                     |                2 |              8 |         4.00 |
|  design_1_wrapper_i/design_1_i/processing_system7_0/inst/FCLK_CLK0 | design_1_wrapper_i/design_1_i/transformer_axi_0/U0/s00_axi_inst/xmat_regs[26][31]_i_1_n_0                                                                                            | design_1_wrapper_i/design_1_i/transformer_axi_0/U0/s00_axi_inst/slv_reg1[0]_i_1_n_0                                                     |                2 |              8 |         4.00 |
|  design_1_wrapper_i/design_1_i/processing_system7_0/inst/FCLK_CLK0 | design_1_wrapper_i/design_1_i/transformer_axi_0/U0/s00_axi_inst/xmat_regs[34][31]_i_1_n_0                                                                                            | design_1_wrapper_i/design_1_i/transformer_axi_0/U0/s00_axi_inst/slv_reg1[0]_i_1_n_0                                                     |                3 |              8 |         2.67 |
|  design_1_wrapper_i/design_1_i/processing_system7_0/inst/FCLK_CLK0 | design_1_wrapper_i/design_1_i/transformer_axi_0/U0/s00_axi_inst/xmat_regs[35][15]_i_1_n_0                                                                                            | design_1_wrapper_i/design_1_i/transformer_axi_0/U0/s00_axi_inst/slv_reg1[0]_i_1_n_0                                                     |                3 |              8 |         2.67 |
|  design_1_wrapper_i/design_1_i/processing_system7_0/inst/FCLK_CLK0 | design_1_wrapper_i/design_1_i/transformer_axi_0/U0/s00_axi_inst/xmat_regs[28][31]_i_1_n_0                                                                                            | design_1_wrapper_i/design_1_i/transformer_axi_0/U0/s00_axi_inst/slv_reg1[0]_i_1_n_0                                                     |                3 |              8 |         2.67 |
|  design_1_wrapper_i/design_1_i/processing_system7_0/inst/FCLK_CLK0 | design_1_wrapper_i/design_1_i/transformer_axi_0/U0/s00_axi_inst/xmat_regs[22][7]_i_1_n_0                                                                                             | design_1_wrapper_i/design_1_i/transformer_axi_0/U0/s00_axi_inst/slv_reg1[0]_i_1_n_0                                                     |                4 |              8 |         2.00 |
|  design_1_wrapper_i/design_1_i/processing_system7_0/inst/FCLK_CLK0 | design_1_wrapper_i/design_1_i/transformer_axi_0/U0/s00_axi_inst/xmat_regs[33][7]_i_1_n_0                                                                                             | design_1_wrapper_i/design_1_i/transformer_axi_0/U0/s00_axi_inst/slv_reg1[0]_i_1_n_0                                                     |                4 |              8 |         2.00 |
|  design_1_wrapper_i/design_1_i/processing_system7_0/inst/FCLK_CLK0 | design_1_wrapper_i/design_1_i/transformer_axi_0/U0/s00_axi_inst/xmat_regs[35][7]_i_1_n_0                                                                                             | design_1_wrapper_i/design_1_i/transformer_axi_0/U0/s00_axi_inst/slv_reg1[0]_i_1_n_0                                                     |                7 |              8 |         1.14 |
|  design_1_wrapper_i/design_1_i/processing_system7_0/inst/FCLK_CLK0 | design_1_wrapper_i/design_1_i/transformer_axi_0/U0/s00_axi_inst/xmat_regs[36][23]_i_1_n_0                                                                                            | design_1_wrapper_i/design_1_i/transformer_axi_0/U0/s00_axi_inst/slv_reg1[0]_i_1_n_0                                                     |                1 |              8 |         8.00 |
|  design_1_wrapper_i/design_1_i/processing_system7_0/inst/FCLK_CLK0 | design_1_wrapper_i/design_1_i/transformer_axi_0/U0/s00_axi_inst/xmat_regs[23][23]_i_1_n_0                                                                                            | design_1_wrapper_i/design_1_i/transformer_axi_0/U0/s00_axi_inst/slv_reg1[0]_i_1_n_0                                                     |                1 |              8 |         8.00 |
|  design_1_wrapper_i/design_1_i/processing_system7_0/inst/FCLK_CLK0 | design_1_wrapper_i/design_1_i/transformer_axi_0/U0/s00_axi_inst/xmat_regs[2][31]_i_1_n_0                                                                                             | design_1_wrapper_i/design_1_i/transformer_axi_0/U0/s00_axi_inst/slv_reg1[0]_i_1_n_0                                                     |                3 |              8 |         2.67 |
|  design_1_wrapper_i/design_1_i/processing_system7_0/inst/FCLK_CLK0 | design_1_wrapper_i/design_1_i/transformer_axi_0/U0/s00_axi_inst/xmat_regs[25][15]_i_1_n_0                                                                                            | design_1_wrapper_i/design_1_i/transformer_axi_0/U0/s00_axi_inst/slv_reg1[0]_i_1_n_0                                                     |                2 |              8 |         4.00 |
|  design_1_wrapper_i/design_1_i/processing_system7_0/inst/FCLK_CLK0 | design_1_wrapper_i/design_1_i/transformer_axi_0/U0/s00_axi_inst/xmat_regs[25][7]_i_1_n_0                                                                                             | design_1_wrapper_i/design_1_i/transformer_axi_0/U0/s00_axi_inst/slv_reg1[0]_i_1_n_0                                                     |                6 |              8 |         1.33 |
|  design_1_wrapper_i/design_1_i/processing_system7_0/inst/FCLK_CLK0 | design_1_wrapper_i/design_1_i/transformer_axi_0/U0/s00_axi_inst/xmat_regs[28][15]_i_1_n_0                                                                                            | design_1_wrapper_i/design_1_i/transformer_axi_0/U0/s00_axi_inst/slv_reg1[0]_i_1_n_0                                                     |                4 |              8 |         2.00 |
|  design_1_wrapper_i/design_1_i/processing_system7_0/inst/FCLK_CLK0 | design_1_wrapper_i/design_1_i/transformer_axi_0/U0/s00_axi_inst/xmat_regs[29][7]_i_1_n_0                                                                                             | design_1_wrapper_i/design_1_i/transformer_axi_0/U0/s00_axi_inst/slv_reg1[0]_i_1_n_0                                                     |                4 |              8 |         2.00 |
|  design_1_wrapper_i/design_1_i/processing_system7_0/inst/FCLK_CLK0 | design_1_wrapper_i/design_1_i/transformer_axi_0/U0/s00_axi_inst/xmat_regs[33][23]_i_1_n_0                                                                                            | design_1_wrapper_i/design_1_i/transformer_axi_0/U0/s00_axi_inst/slv_reg1[0]_i_1_n_0                                                     |                3 |              8 |         2.67 |
|  design_1_wrapper_i/design_1_i/processing_system7_0/inst/FCLK_CLK0 | design_1_wrapper_i/design_1_i/transformer_axi_0/U0/s00_axi_inst/xmat_regs[35][23]_i_1_n_0                                                                                            | design_1_wrapper_i/design_1_i/transformer_axi_0/U0/s00_axi_inst/slv_reg1[0]_i_1_n_0                                                     |                4 |              8 |         2.00 |
|  design_1_wrapper_i/design_1_i/processing_system7_0/inst/FCLK_CLK0 | design_1_wrapper_i/design_1_i/transformer_axi_0/U0/s00_axi_inst/xmat_regs[24][7]_i_1_n_0                                                                                             | design_1_wrapper_i/design_1_i/transformer_axi_0/U0/s00_axi_inst/slv_reg1[0]_i_1_n_0                                                     |                3 |              8 |         2.67 |
|  design_1_wrapper_i/design_1_i/processing_system7_0/inst/FCLK_CLK0 | design_1_wrapper_i/design_1_i/transformer_axi_0/U0/s00_axi_inst/xmat_regs[33][15]_i_1_n_0                                                                                            | design_1_wrapper_i/design_1_i/transformer_axi_0/U0/s00_axi_inst/slv_reg1[0]_i_1_n_0                                                     |                3 |              8 |         2.67 |
|  design_1_wrapper_i/design_1_i/processing_system7_0/inst/FCLK_CLK0 | design_1_wrapper_i/design_1_i/transformer_axi_0/U0/s00_axi_inst/xmat_regs[36][7]_i_1_n_0                                                                                             | design_1_wrapper_i/design_1_i/transformer_axi_0/U0/s00_axi_inst/slv_reg1[0]_i_1_n_0                                                     |                4 |              8 |         2.00 |
|  design_1_wrapper_i/design_1_i/processing_system7_0/inst/FCLK_CLK0 | design_1_wrapper_i/design_1_i/transformer_axi_0/U0/s00_axi_inst/xmat_regs[37][15]_i_1_n_0                                                                                            | design_1_wrapper_i/design_1_i/transformer_axi_0/U0/s00_axi_inst/slv_reg1[0]_i_1_n_0                                                     |                4 |              8 |         2.00 |
|  design_1_wrapper_i/design_1_i/processing_system7_0/inst/FCLK_CLK0 | design_1_wrapper_i/design_1_i/transformer_axi_0/U0/s00_axi_inst/xmat_regs[24][31]_i_1_n_0                                                                                            | design_1_wrapper_i/design_1_i/transformer_axi_0/U0/s00_axi_inst/slv_reg1[0]_i_1_n_0                                                     |                5 |              8 |         1.60 |
|  design_1_wrapper_i/design_1_i/processing_system7_0/inst/FCLK_CLK0 | design_1_wrapper_i/design_1_i/transformer_axi_0/U0/s00_axi_inst/xmat_regs[30][7]_i_1_n_0                                                                                             | design_1_wrapper_i/design_1_i/transformer_axi_0/U0/s00_axi_inst/slv_reg1[0]_i_1_n_0                                                     |                5 |              8 |         1.60 |
|  design_1_wrapper_i/design_1_i/processing_system7_0/inst/FCLK_CLK0 | design_1_wrapper_i/design_1_i/transformer_axi_0/U0/s00_axi_inst/xmat_regs[32][7]_i_1_n_0                                                                                             | design_1_wrapper_i/design_1_i/transformer_axi_0/U0/s00_axi_inst/slv_reg1[0]_i_1_n_0                                                     |                2 |              8 |         4.00 |
|  design_1_wrapper_i/design_1_i/processing_system7_0/inst/FCLK_CLK0 | design_1_wrapper_i/design_1_i/transformer_axi_0/U0/s00_axi_inst/xmat_regs[26][15]_i_1_n_0                                                                                            | design_1_wrapper_i/design_1_i/transformer_axi_0/U0/s00_axi_inst/slv_reg1[0]_i_1_n_0                                                     |                8 |              8 |         1.00 |
|  design_1_wrapper_i/design_1_i/processing_system7_0/inst/FCLK_CLK0 | design_1_wrapper_i/design_1_i/transformer_axi_0/U0/s00_axi_inst/xmat_regs[37][23]_i_1_n_0                                                                                            | design_1_wrapper_i/design_1_i/transformer_axi_0/U0/s00_axi_inst/slv_reg1[0]_i_1_n_0                                                     |                3 |              8 |         2.67 |
|  design_1_wrapper_i/design_1_i/processing_system7_0/inst/FCLK_CLK0 | design_1_wrapper_i/design_1_i/transformer_axi_0/U0/s00_axi_inst/xmat_regs[36][31]_i_1_n_0                                                                                            | design_1_wrapper_i/design_1_i/transformer_axi_0/U0/s00_axi_inst/slv_reg1[0]_i_1_n_0                                                     |                3 |              8 |         2.67 |
|  design_1_wrapper_i/design_1_i/processing_system7_0/inst/FCLK_CLK0 | design_1_wrapper_i/design_1_i/transformer_axi_0/U0/s00_axi_inst/xmat_regs[41][7]_i_1_n_0                                                                                             | design_1_wrapper_i/design_1_i/transformer_axi_0/U0/s00_axi_inst/slv_reg1[0]_i_1_n_0                                                     |                6 |              8 |         1.33 |
|  design_1_wrapper_i/design_1_i/processing_system7_0/inst/FCLK_CLK0 | design_1_wrapper_i/design_1_i/transformer_axi_0/U0/s00_axi_inst/xmat_regs[3][31]_i_1_n_0                                                                                             | design_1_wrapper_i/design_1_i/transformer_axi_0/U0/s00_axi_inst/slv_reg1[0]_i_1_n_0                                                     |                2 |              8 |         4.00 |
|  design_1_wrapper_i/design_1_i/processing_system7_0/inst/FCLK_CLK0 | design_1_wrapper_i/design_1_i/transformer_axi_0/U0/s00_axi_inst/xmat_regs[47][31]_i_1_n_0                                                                                            | design_1_wrapper_i/design_1_i/transformer_axi_0/U0/s00_axi_inst/slv_reg1[0]_i_1_n_0                                                     |                2 |              8 |         4.00 |
|  design_1_wrapper_i/design_1_i/processing_system7_0/inst/FCLK_CLK0 | design_1_wrapper_i/design_1_i/transformer_axi_0/U0/s00_axi_inst/xmat_regs[48][23]_i_1_n_0                                                                                            | design_1_wrapper_i/design_1_i/transformer_axi_0/U0/s00_axi_inst/slv_reg1[0]_i_1_n_0                                                     |                2 |              8 |         4.00 |
|  design_1_wrapper_i/design_1_i/processing_system7_0/inst/FCLK_CLK0 | design_1_wrapper_i/design_1_i/transformer_axi_0/U0/s00_axi_inst/xmat_regs[39][15]_i_1_n_0                                                                                            | design_1_wrapper_i/design_1_i/transformer_axi_0/U0/s00_axi_inst/slv_reg1[0]_i_1_n_0                                                     |                2 |              8 |         4.00 |
|  design_1_wrapper_i/design_1_i/processing_system7_0/inst/FCLK_CLK0 | design_1_wrapper_i/design_1_i/transformer_axi_0/U0/s00_axi_inst/xmat_regs[49][15]_i_1_n_0                                                                                            | design_1_wrapper_i/design_1_i/transformer_axi_0/U0/s00_axi_inst/slv_reg1[0]_i_1_n_0                                                     |                4 |              8 |         2.00 |
|  design_1_wrapper_i/design_1_i/processing_system7_0/inst/FCLK_CLK0 | design_1_wrapper_i/design_1_i/transformer_axi_0/U0/s00_axi_inst/xmat_regs[41][15]_i_1_n_0                                                                                            | design_1_wrapper_i/design_1_i/transformer_axi_0/U0/s00_axi_inst/slv_reg1[0]_i_1_n_0                                                     |                6 |              8 |         1.33 |
|  design_1_wrapper_i/design_1_i/processing_system7_0/inst/FCLK_CLK0 | design_1_wrapper_i/design_1_i/transformer_axi_0/U0/s00_axi_inst/xmat_regs[49][23]_i_1_n_0                                                                                            | design_1_wrapper_i/design_1_i/transformer_axi_0/U0/s00_axi_inst/slv_reg1[0]_i_1_n_0                                                     |                3 |              8 |         2.67 |
|  design_1_wrapper_i/design_1_i/processing_system7_0/inst/FCLK_CLK0 | design_1_wrapper_i/design_1_i/transformer_axi_0/U0/s00_axi_inst/xmat_regs[38][23]_i_1_n_0                                                                                            | design_1_wrapper_i/design_1_i/transformer_axi_0/U0/s00_axi_inst/slv_reg1[0]_i_1_n_0                                                     |                5 |              8 |         1.60 |
|  design_1_wrapper_i/design_1_i/processing_system7_0/inst/FCLK_CLK0 | design_1_wrapper_i/design_1_i/transformer_axi_0/U0/s00_axi_inst/xmat_regs[43][7]_i_1_n_0                                                                                             | design_1_wrapper_i/design_1_i/transformer_axi_0/U0/s00_axi_inst/slv_reg1[0]_i_1_n_0                                                     |                5 |              8 |         1.60 |
|  design_1_wrapper_i/design_1_i/processing_system7_0/inst/FCLK_CLK0 | design_1_wrapper_i/design_1_i/transformer_axi_0/U0/s00_axi_inst/xmat_regs[39][23]_i_1_n_0                                                                                            | design_1_wrapper_i/design_1_i/transformer_axi_0/U0/s00_axi_inst/slv_reg1[0]_i_1_n_0                                                     |                2 |              8 |         4.00 |
|  design_1_wrapper_i/design_1_i/processing_system7_0/inst/FCLK_CLK0 | design_1_wrapper_i/design_1_i/transformer_axi_0/U0/s00_axi_inst/xmat_regs[49][31]_i_1_n_0                                                                                            | design_1_wrapper_i/design_1_i/transformer_axi_0/U0/s00_axi_inst/slv_reg1[0]_i_1_n_0                                                     |                3 |              8 |         2.67 |
|  design_1_wrapper_i/design_1_i/processing_system7_0/inst/FCLK_CLK0 | design_1_wrapper_i/design_1_i/transformer_axi_0/U0/s00_axi_inst/xmat_regs[49][7]_i_1_n_0                                                                                             | design_1_wrapper_i/design_1_i/transformer_axi_0/U0/s00_axi_inst/slv_reg1[0]_i_1_n_0                                                     |                4 |              8 |         2.00 |
|  design_1_wrapper_i/design_1_i/processing_system7_0/inst/FCLK_CLK0 | design_1_wrapper_i/design_1_i/transformer_axi_0/U0/s00_axi_inst/xmat_regs[50][31]_i_1_n_0                                                                                            | design_1_wrapper_i/design_1_i/transformer_axi_0/U0/s00_axi_inst/slv_reg1[0]_i_1_n_0                                                     |                2 |              8 |         4.00 |
|  design_1_wrapper_i/design_1_i/processing_system7_0/inst/FCLK_CLK0 | design_1_wrapper_i/design_1_i/transformer_axi_0/U0/s00_axi_inst/xmat_regs[39][7]_i_1_n_0                                                                                             | design_1_wrapper_i/design_1_i/transformer_axi_0/U0/s00_axi_inst/slv_reg1[0]_i_1_n_0                                                     |                4 |              8 |         2.00 |
|  design_1_wrapper_i/design_1_i/processing_system7_0/inst/FCLK_CLK0 | design_1_wrapper_i/design_1_i/transformer_axi_0/U0/s00_axi_inst/xmat_regs[45][15]_i_1_n_0                                                                                            | design_1_wrapper_i/design_1_i/transformer_axi_0/U0/s00_axi_inst/slv_reg1[0]_i_1_n_0                                                     |                6 |              8 |         1.33 |
|  design_1_wrapper_i/design_1_i/processing_system7_0/inst/FCLK_CLK0 | design_1_wrapper_i/design_1_i/transformer_axi_0/U0/s00_axi_inst/xmat_regs[37][31]_i_1_n_0                                                                                            | design_1_wrapper_i/design_1_i/transformer_axi_0/U0/s00_axi_inst/slv_reg1[0]_i_1_n_0                                                     |                2 |              8 |         4.00 |
|  design_1_wrapper_i/design_1_i/processing_system7_0/inst/FCLK_CLK0 | design_1_wrapper_i/design_1_i/transformer_axi_0/U0/s00_axi_inst/xmat_regs[45][31]_i_1_n_0                                                                                            | design_1_wrapper_i/design_1_i/transformer_axi_0/U0/s00_axi_inst/slv_reg1[0]_i_1_n_0                                                     |                5 |              8 |         1.60 |
|  design_1_wrapper_i/design_1_i/processing_system7_0/inst/FCLK_CLK0 | design_1_wrapper_i/design_1_i/transformer_axi_0/U0/s00_axi_inst/xmat_regs[38][31]_i_1_n_0                                                                                            | design_1_wrapper_i/design_1_i/transformer_axi_0/U0/s00_axi_inst/slv_reg1[0]_i_1_n_0                                                     |                4 |              8 |         2.00 |
|  design_1_wrapper_i/design_1_i/processing_system7_0/inst/FCLK_CLK0 | design_1_wrapper_i/design_1_i/transformer_axi_0/U0/s00_axi_inst/xmat_regs[4][31]_i_1_n_0                                                                                             | design_1_wrapper_i/design_1_i/transformer_axi_0/U0/s00_axi_inst/slv_reg1[0]_i_1_n_0                                                     |                5 |              8 |         1.60 |
|  design_1_wrapper_i/design_1_i/processing_system7_0/inst/FCLK_CLK0 | design_1_wrapper_i/design_1_i/transformer_axi_0/U0/s00_axi_inst/xmat_regs[47][23]_i_1_n_0                                                                                            | design_1_wrapper_i/design_1_i/transformer_axi_0/U0/s00_axi_inst/slv_reg1[0]_i_1_n_0                                                     |                3 |              8 |         2.67 |
|  design_1_wrapper_i/design_1_i/processing_system7_0/inst/FCLK_CLK0 | design_1_wrapper_i/design_1_i/transformer_axi_0/U0/s00_axi_inst/xmat_regs[46][31]_i_1_n_0                                                                                            | design_1_wrapper_i/design_1_i/transformer_axi_0/U0/s00_axi_inst/slv_reg1[0]_i_1_n_0                                                     |                3 |              8 |         2.67 |
|  design_1_wrapper_i/design_1_i/processing_system7_0/inst/FCLK_CLK0 | design_1_wrapper_i/design_1_i/transformer_axi_0/U0/s00_axi_inst/xmat_regs[50][15]_i_1_n_0                                                                                            | design_1_wrapper_i/design_1_i/transformer_axi_0/U0/s00_axi_inst/slv_reg1[0]_i_1_n_0                                                     |                6 |              8 |         1.33 |
|  design_1_wrapper_i/design_1_i/processing_system7_0/inst/FCLK_CLK0 | design_1_wrapper_i/design_1_i/transformer_axi_0/U0/s00_axi_inst/xmat_regs[37][7]_i_1_n_0                                                                                             | design_1_wrapper_i/design_1_i/transformer_axi_0/U0/s00_axi_inst/slv_reg1[0]_i_1_n_0                                                     |                4 |              8 |         2.00 |
|  design_1_wrapper_i/design_1_i/processing_system7_0/inst/FCLK_CLK0 | design_1_wrapper_i/design_1_i/transformer_axi_0/U0/s00_axi_inst/xmat_regs[40][15]_i_1_n_0                                                                                            | design_1_wrapper_i/design_1_i/transformer_axi_0/U0/s00_axi_inst/slv_reg1[0]_i_1_n_0                                                     |                5 |              8 |         1.60 |
|  design_1_wrapper_i/design_1_i/processing_system7_0/inst/FCLK_CLK0 | design_1_wrapper_i/design_1_i/transformer_axi_0/U0/s00_axi_inst/xmat_regs[48][31]_i_1_n_0                                                                                            | design_1_wrapper_i/design_1_i/transformer_axi_0/U0/s00_axi_inst/slv_reg1[0]_i_1_n_0                                                     |                5 |              8 |         1.60 |
|  design_1_wrapper_i/design_1_i/processing_system7_0/inst/FCLK_CLK0 | design_1_wrapper_i/design_1_i/transformer_axi_0/U0/s00_axi_inst/xmat_regs[41][31]_i_1_n_0                                                                                            | design_1_wrapper_i/design_1_i/transformer_axi_0/U0/s00_axi_inst/slv_reg1[0]_i_1_n_0                                                     |                3 |              8 |         2.67 |
|  design_1_wrapper_i/design_1_i/processing_system7_0/inst/FCLK_CLK0 | design_1_wrapper_i/design_1_i/transformer_axi_0/U0/s00_axi_inst/xmat_regs[43][23]_i_1_n_0                                                                                            | design_1_wrapper_i/design_1_i/transformer_axi_0/U0/s00_axi_inst/slv_reg1[0]_i_1_n_0                                                     |                3 |              8 |         2.67 |
|  design_1_wrapper_i/design_1_i/processing_system7_0/inst/FCLK_CLK0 | design_1_wrapper_i/design_1_i/transformer_axi_0/U0/s00_axi_inst/xmat_regs[42][7]_i_1_n_0                                                                                             | design_1_wrapper_i/design_1_i/transformer_axi_0/U0/s00_axi_inst/slv_reg1[0]_i_1_n_0                                                     |                4 |              8 |         2.00 |
|  design_1_wrapper_i/design_1_i/processing_system7_0/inst/FCLK_CLK0 | design_1_wrapper_i/design_1_i/transformer_axi_0/U0/s00_axi_inst/xmat_regs[44][31]_i_1_n_0                                                                                            | design_1_wrapper_i/design_1_i/transformer_axi_0/U0/s00_axi_inst/slv_reg1[0]_i_1_n_0                                                     |                3 |              8 |         2.67 |
|  design_1_wrapper_i/design_1_i/processing_system7_0/inst/FCLK_CLK0 | design_1_wrapper_i/design_1_i/transformer_axi_0/U0/s00_axi_inst/xmat_regs[46][15]_i_1_n_0                                                                                            | design_1_wrapper_i/design_1_i/transformer_axi_0/U0/s00_axi_inst/slv_reg1[0]_i_1_n_0                                                     |                7 |              8 |         1.14 |
|  design_1_wrapper_i/design_1_i/processing_system7_0/inst/FCLK_CLK0 | design_1_wrapper_i/design_1_i/transformer_axi_0/U0/s00_axi_inst/xmat_regs[43][15]_i_1_n_0                                                                                            | design_1_wrapper_i/design_1_i/transformer_axi_0/U0/s00_axi_inst/slv_reg1[0]_i_1_n_0                                                     |                3 |              8 |         2.67 |
|  design_1_wrapper_i/design_1_i/processing_system7_0/inst/FCLK_CLK0 | design_1_wrapper_i/design_1_i/transformer_axi_0/U0/s00_axi_inst/xmat_regs[41][23]_i_1_n_0                                                                                            | design_1_wrapper_i/design_1_i/transformer_axi_0/U0/s00_axi_inst/slv_reg1[0]_i_1_n_0                                                     |                5 |              8 |         1.60 |
|  design_1_wrapper_i/design_1_i/processing_system7_0/inst/FCLK_CLK0 | design_1_wrapper_i/design_1_i/transformer_axi_0/U0/s00_axi_inst/xmat_regs[48][7]_i_1_n_0                                                                                             | design_1_wrapper_i/design_1_i/transformer_axi_0/U0/s00_axi_inst/slv_reg1[0]_i_1_n_0                                                     |                3 |              8 |         2.67 |
|  design_1_wrapper_i/design_1_i/processing_system7_0/inst/FCLK_CLK0 | design_1_wrapper_i/design_1_i/transformer_axi_0/U0/s00_axi_inst/xmat_regs[4][23]_i_1_n_0                                                                                             | design_1_wrapper_i/design_1_i/transformer_axi_0/U0/s00_axi_inst/slv_reg1[0]_i_1_n_0                                                     |                2 |              8 |         4.00 |
|  design_1_wrapper_i/design_1_i/processing_system7_0/inst/FCLK_CLK0 | design_1_wrapper_i/design_1_i/transformer_axi_0/U0/s00_axi_inst/xmat_regs[38][15]_i_1_n_0                                                                                            | design_1_wrapper_i/design_1_i/transformer_axi_0/U0/s00_axi_inst/slv_reg1[0]_i_1_n_0                                                     |                4 |              8 |         2.00 |
|  design_1_wrapper_i/design_1_i/processing_system7_0/inst/FCLK_CLK0 | design_1_wrapper_i/design_1_i/transformer_axi_0/U0/s00_axi_inst/xmat_regs[3][15]_i_1_n_0                                                                                             | design_1_wrapper_i/design_1_i/transformer_axi_0/U0/s00_axi_inst/slv_reg1[0]_i_1_n_0                                                     |                4 |              8 |         2.00 |
|  design_1_wrapper_i/design_1_i/processing_system7_0/inst/FCLK_CLK0 | design_1_wrapper_i/design_1_i/transformer_axi_0/U0/s00_axi_inst/xmat_regs[46][7]_i_1_n_0                                                                                             | design_1_wrapper_i/design_1_i/transformer_axi_0/U0/s00_axi_inst/slv_reg1[0]_i_1_n_0                                                     |                5 |              8 |         1.60 |
|  design_1_wrapper_i/design_1_i/processing_system7_0/inst/FCLK_CLK0 | design_1_wrapper_i/design_1_i/transformer_axi_0/U0/s00_axi_inst/xmat_regs[4][7]_i_1_n_0                                                                                              | design_1_wrapper_i/design_1_i/transformer_axi_0/U0/s00_axi_inst/slv_reg1[0]_i_1_n_0                                                     |                6 |              8 |         1.33 |
|  design_1_wrapper_i/design_1_i/processing_system7_0/inst/FCLK_CLK0 | design_1_wrapper_i/design_1_i/transformer_axi_0/U0/s00_axi_inst/attn_regs[65]_246[23]                                                                                                | design_1_wrapper_i/design_1_i/transformer_axi_0/U0/s00_axi_inst/slv_reg1[0]_i_1_n_0                                                     |                4 |              8 |         2.00 |
|  design_1_wrapper_i/design_1_i/processing_system7_0/inst/FCLK_CLK0 | design_1_wrapper_i/design_1_i/transformer_axi_0/U0/s00_axi_inst/xmat_regs[46][23]_i_1_n_0                                                                                            | design_1_wrapper_i/design_1_i/transformer_axi_0/U0/s00_axi_inst/slv_reg1[0]_i_1_n_0                                                     |                3 |              8 |         2.67 |
|  design_1_wrapper_i/design_1_i/processing_system7_0/inst/FCLK_CLK0 | design_1_wrapper_i/design_1_i/transformer_axi_0/U0/s00_axi_inst/xmat_regs[50][23]_i_1_n_0                                                                                            | design_1_wrapper_i/design_1_i/transformer_axi_0/U0/s00_axi_inst/slv_reg1[0]_i_1_n_0                                                     |                2 |              8 |         4.00 |
|  design_1_wrapper_i/design_1_i/processing_system7_0/inst/FCLK_CLK0 | design_1_wrapper_i/design_1_i/transformer_axi_0/U0/s00_axi_inst/xmat_regs[4][15]_i_1_n_0                                                                                             | design_1_wrapper_i/design_1_i/transformer_axi_0/U0/s00_axi_inst/slv_reg1[0]_i_1_n_0                                                     |                4 |              8 |         2.00 |
|  design_1_wrapper_i/design_1_i/processing_system7_0/inst/FCLK_CLK0 | design_1_wrapper_i/design_1_i/transformer_axi_0/U0/s00_axi_inst/xmat_regs[50][7]_i_1_n_0                                                                                             | design_1_wrapper_i/design_1_i/transformer_axi_0/U0/s00_axi_inst/slv_reg1[0]_i_1_n_0                                                     |                3 |              8 |         2.67 |
|  design_1_wrapper_i/design_1_i/processing_system7_0/inst/FCLK_CLK0 | design_1_wrapper_i/design_1_i/transformer_axi_0/U0/s00_axi_inst/xmat_regs[51][15]_i_1_n_0                                                                                            | design_1_wrapper_i/design_1_i/transformer_axi_0/U0/s00_axi_inst/slv_reg1[0]_i_1_n_0                                                     |                7 |              8 |         1.14 |
|  design_1_wrapper_i/design_1_i/processing_system7_0/inst/FCLK_CLK0 | design_1_wrapper_i/design_1_i/transformer_axi_0/U0/s00_axi_inst/xmat_regs[47][15]_i_1_n_0                                                                                            | design_1_wrapper_i/design_1_i/transformer_axi_0/U0/s00_axi_inst/slv_reg1[0]_i_1_n_0                                                     |                5 |              8 |         1.60 |
|  design_1_wrapper_i/design_1_i/processing_system7_0/inst/FCLK_CLK0 | design_1_wrapper_i/design_1_i/transformer_axi_0/U0/s00_axi_inst/xmat_regs[39][31]_i_1_n_0                                                                                            | design_1_wrapper_i/design_1_i/transformer_axi_0/U0/s00_axi_inst/slv_reg1[0]_i_1_n_0                                                     |                1 |              8 |         8.00 |
|  design_1_wrapper_i/design_1_i/processing_system7_0/inst/FCLK_CLK0 | design_1_wrapper_i/design_1_i/transformer_axi_0/U0/s00_axi_inst/xmat_regs[44][15]_i_1_n_0                                                                                            | design_1_wrapper_i/design_1_i/transformer_axi_0/U0/s00_axi_inst/slv_reg1[0]_i_1_n_0                                                     |                2 |              8 |         4.00 |
|  design_1_wrapper_i/design_1_i/processing_system7_0/inst/FCLK_CLK0 | design_1_wrapper_i/design_1_i/transformer_axi_0/U0/s00_axi_inst/xmat_regs[42][31]_i_1_n_0                                                                                            | design_1_wrapper_i/design_1_i/transformer_axi_0/U0/s00_axi_inst/slv_reg1[0]_i_1_n_0                                                     |                2 |              8 |         4.00 |
|  design_1_wrapper_i/design_1_i/processing_system7_0/inst/FCLK_CLK0 | design_1_wrapper_i/design_1_i/transformer_axi_0/U0/s00_axi_inst/xmat_regs[38][7]_i_1_n_0                                                                                             | design_1_wrapper_i/design_1_i/transformer_axi_0/U0/s00_axi_inst/slv_reg1[0]_i_1_n_0                                                     |                3 |              8 |         2.67 |
|  design_1_wrapper_i/design_1_i/processing_system7_0/inst/FCLK_CLK0 | design_1_wrapper_i/design_1_i/transformer_axi_0/U0/s00_axi_inst/xmat_regs[44][7]_i_1_n_0                                                                                             | design_1_wrapper_i/design_1_i/transformer_axi_0/U0/s00_axi_inst/slv_reg1[0]_i_1_n_0                                                     |                4 |              8 |         2.00 |
|  design_1_wrapper_i/design_1_i/processing_system7_0/inst/FCLK_CLK0 | design_1_wrapper_i/design_1_i/transformer_axi_0/U0/s00_axi_inst/xmat_regs[45][23]_i_1_n_0                                                                                            | design_1_wrapper_i/design_1_i/transformer_axi_0/U0/s00_axi_inst/slv_reg1[0]_i_1_n_0                                                     |                5 |              8 |         1.60 |
|  design_1_wrapper_i/design_1_i/processing_system7_0/inst/FCLK_CLK0 | design_1_wrapper_i/design_1_i/transformer_axi_0/U0/s00_axi_inst/xmat_regs[40][31]_i_1_n_0                                                                                            | design_1_wrapper_i/design_1_i/transformer_axi_0/U0/s00_axi_inst/slv_reg1[0]_i_1_n_0                                                     |                3 |              8 |         2.67 |
|  design_1_wrapper_i/design_1_i/processing_system7_0/inst/FCLK_CLK0 | design_1_wrapper_i/design_1_i/transformer_axi_0/U0/s00_axi_inst/xmat_regs[44][23]_i_1_n_0                                                                                            | design_1_wrapper_i/design_1_i/transformer_axi_0/U0/s00_axi_inst/slv_reg1[0]_i_1_n_0                                                     |                6 |              8 |         1.33 |
|  design_1_wrapper_i/design_1_i/processing_system7_0/inst/FCLK_CLK0 | design_1_wrapper_i/design_1_i/transformer_axi_0/U0/s00_axi_inst/xmat_regs[42][23]_i_1_n_0                                                                                            | design_1_wrapper_i/design_1_i/transformer_axi_0/U0/s00_axi_inst/slv_reg1[0]_i_1_n_0                                                     |                1 |              8 |         8.00 |
|  design_1_wrapper_i/design_1_i/processing_system7_0/inst/FCLK_CLK0 | design_1_wrapper_i/design_1_i/transformer_axi_0/U0/s00_axi_inst/xmat_regs[43][31]_i_1_n_0                                                                                            | design_1_wrapper_i/design_1_i/transformer_axi_0/U0/s00_axi_inst/slv_reg1[0]_i_1_n_0                                                     |                2 |              8 |         4.00 |
|  design_1_wrapper_i/design_1_i/processing_system7_0/inst/FCLK_CLK0 | design_1_wrapper_i/design_1_i/transformer_axi_0/U0/s00_axi_inst/xmat_regs[40][23]_i_1_n_0                                                                                            | design_1_wrapper_i/design_1_i/transformer_axi_0/U0/s00_axi_inst/slv_reg1[0]_i_1_n_0                                                     |                1 |              8 |         8.00 |
|  design_1_wrapper_i/design_1_i/processing_system7_0/inst/FCLK_CLK0 | design_1_wrapper_i/design_1_i/transformer_axi_0/U0/s00_axi_inst/xmat_regs[47][7]_i_1_n_0                                                                                             | design_1_wrapper_i/design_1_i/transformer_axi_0/U0/s00_axi_inst/slv_reg1[0]_i_1_n_0                                                     |                3 |              8 |         2.67 |
|  design_1_wrapper_i/design_1_i/processing_system7_0/inst/FCLK_CLK0 | design_1_wrapper_i/design_1_i/transformer_axi_0/U0/s00_axi_inst/xmat_regs[3][7]_i_1_n_0                                                                                              | design_1_wrapper_i/design_1_i/transformer_axi_0/U0/s00_axi_inst/slv_reg1[0]_i_1_n_0                                                     |                3 |              8 |         2.67 |
|  design_1_wrapper_i/design_1_i/processing_system7_0/inst/FCLK_CLK0 | design_1_wrapper_i/design_1_i/transformer_axi_0/U0/s00_axi_inst/xmat_regs[40][7]_i_1_n_0                                                                                             | design_1_wrapper_i/design_1_i/transformer_axi_0/U0/s00_axi_inst/slv_reg1[0]_i_1_n_0                                                     |                7 |              8 |         1.14 |
|  design_1_wrapper_i/design_1_i/processing_system7_0/inst/FCLK_CLK0 | design_1_wrapper_i/design_1_i/transformer_axi_0/U0/s00_axi_inst/xmat_regs[42][15]_i_1_n_0                                                                                            | design_1_wrapper_i/design_1_i/transformer_axi_0/U0/s00_axi_inst/slv_reg1[0]_i_1_n_0                                                     |                6 |              8 |         1.33 |
|  design_1_wrapper_i/design_1_i/processing_system7_0/inst/FCLK_CLK0 | design_1_wrapper_i/design_1_i/transformer_axi_0/U0/s00_axi_inst/xmat_regs[48][15]_i_1_n_0                                                                                            | design_1_wrapper_i/design_1_i/transformer_axi_0/U0/s00_axi_inst/slv_reg1[0]_i_1_n_0                                                     |                3 |              8 |         2.67 |
|  design_1_wrapper_i/design_1_i/processing_system7_0/inst/FCLK_CLK0 | design_1_wrapper_i/design_1_i/transformer_axi_0/U0/s00_axi_inst/xmat_regs[3][23]_i_1_n_0                                                                                             | design_1_wrapper_i/design_1_i/transformer_axi_0/U0/s00_axi_inst/slv_reg1[0]_i_1_n_0                                                     |                3 |              8 |         2.67 |
|  design_1_wrapper_i/design_1_i/processing_system7_0/inst/FCLK_CLK0 | design_1_wrapper_i/design_1_i/transformer_axi_0/U0/s00_axi_inst/xmat_regs[59][15]_i_1_n_0                                                                                            | design_1_wrapper_i/design_1_i/transformer_axi_0/U0/s00_axi_inst/slv_reg1[0]_i_1_n_0                                                     |                7 |              8 |         1.14 |
|  design_1_wrapper_i/design_1_i/processing_system7_0/inst/FCLK_CLK0 | design_1_wrapper_i/design_1_i/transformer_axi_0/U0/s00_axi_inst/xmat_regs[58][7]_i_1_n_0                                                                                             | design_1_wrapper_i/design_1_i/transformer_axi_0/U0/s00_axi_inst/slv_reg1[0]_i_1_n_0                                                     |                6 |              8 |         1.33 |
|  design_1_wrapper_i/design_1_i/processing_system7_0/inst/FCLK_CLK0 | design_1_wrapper_i/design_1_i/transformer_axi_0/U0/s00_axi_inst/xmat_regs[5][7]_i_1_n_0                                                                                              | design_1_wrapper_i/design_1_i/transformer_axi_0/U0/s00_axi_inst/slv_reg1[0]_i_1_n_0                                                     |                3 |              8 |         2.67 |
|  design_1_wrapper_i/design_1_i/processing_system7_0/inst/FCLK_CLK0 | design_1_wrapper_i/design_1_i/transformer_axi_0/U0/s00_axi_inst/xmat_regs[64][7]_i_1_n_0                                                                                             | design_1_wrapper_i/design_1_i/transformer_axi_0/U0/s00_axi_inst/slv_reg1[0]_i_1_n_0                                                     |                3 |              8 |         2.67 |
|  design_1_wrapper_i/design_1_i/processing_system7_0/inst/FCLK_CLK0 | design_1_wrapper_i/design_1_i/transformer_axi_0/U0/s00_axi_inst/xmat_regs[53][15]_i_1_n_0                                                                                            | design_1_wrapper_i/design_1_i/transformer_axi_0/U0/s00_axi_inst/slv_reg1[0]_i_1_n_0                                                     |                3 |              8 |         2.67 |
|  design_1_wrapper_i/design_1_i/processing_system7_0/inst/FCLK_CLK0 | design_1_wrapper_i/design_1_i/transformer_axi_0/U0/s00_axi_inst/xmat_regs[54][31]_i_1_n_0                                                                                            | design_1_wrapper_i/design_1_i/transformer_axi_0/U0/s00_axi_inst/slv_reg1[0]_i_1_n_0                                                     |                2 |              8 |         4.00 |
|  design_1_wrapper_i/design_1_i/processing_system7_0/inst/FCLK_CLK0 | design_1_wrapper_i/design_1_i/transformer_axi_0/U0/s00_axi_inst/xmat_regs[5][15]_i_1_n_0                                                                                             | design_1_wrapper_i/design_1_i/transformer_axi_0/U0/s00_axi_inst/slv_reg1[0]_i_1_n_0                                                     |                4 |              8 |         2.00 |
|  design_1_wrapper_i/design_1_i/processing_system7_0/inst/FCLK_CLK0 | design_1_wrapper_i/design_1_i/transformer_axi_0/U0/s00_axi_inst/xmat_regs[61][23]_i_1_n_0                                                                                            | design_1_wrapper_i/design_1_i/transformer_axi_0/U0/s00_axi_inst/slv_reg1[0]_i_1_n_0                                                     |                5 |              8 |         1.60 |
|  design_1_wrapper_i/design_1_i/processing_system7_0/inst/FCLK_CLK0 | design_1_wrapper_i/design_1_i/transformer_axi_0/U0/s00_axi_inst/xmat_regs[62][15]_i_1_n_0                                                                                            | design_1_wrapper_i/design_1_i/transformer_axi_0/U0/s00_axi_inst/slv_reg1[0]_i_1_n_0                                                     |                3 |              8 |         2.67 |
|  design_1_wrapper_i/design_1_i/processing_system7_0/inst/FCLK_CLK0 | design_1_wrapper_i/design_1_i/transformer_axi_0/U0/s00_axi_inst/xmat_regs[59][31]_i_1_n_0                                                                                            | design_1_wrapper_i/design_1_i/transformer_axi_0/U0/s00_axi_inst/slv_reg1[0]_i_1_n_0                                                     |                6 |              8 |         1.33 |
|  design_1_wrapper_i/design_1_i/processing_system7_0/inst/FCLK_CLK0 | design_1_wrapper_i/design_1_i/transformer_axi_0/U0/s00_axi_inst/xmat_regs[62][23]_i_1_n_0                                                                                            | design_1_wrapper_i/design_1_i/transformer_axi_0/U0/s00_axi_inst/slv_reg1[0]_i_1_n_0                                                     |                2 |              8 |         4.00 |
|  design_1_wrapper_i/design_1_i/processing_system7_0/inst/FCLK_CLK0 | design_1_wrapper_i/design_1_i/transformer_axi_0/U0/s00_axi_inst/xmat_regs[52][7]_i_1_n_0                                                                                             | design_1_wrapper_i/design_1_i/transformer_axi_0/U0/s00_axi_inst/slv_reg1[0]_i_1_n_0                                                     |                4 |              8 |         2.00 |
|  design_1_wrapper_i/design_1_i/processing_system7_0/inst/FCLK_CLK0 | design_1_wrapper_i/design_1_i/transformer_axi_0/U0/s00_axi_inst/xmat_regs[54][23]_i_1_n_0                                                                                            | design_1_wrapper_i/design_1_i/transformer_axi_0/U0/s00_axi_inst/slv_reg1[0]_i_1_n_0                                                     |                2 |              8 |         4.00 |
|  design_1_wrapper_i/design_1_i/processing_system7_0/inst/FCLK_CLK0 | design_1_wrapper_i/design_1_i/transformer_axi_0/U0/s00_axi_inst/xmat_regs[56][23]_i_1_n_0                                                                                            | design_1_wrapper_i/design_1_i/transformer_axi_0/U0/s00_axi_inst/slv_reg1[0]_i_1_n_0                                                     |                2 |              8 |         4.00 |
|  design_1_wrapper_i/design_1_i/processing_system7_0/inst/FCLK_CLK0 | design_1_wrapper_i/design_1_i/transformer_axi_0/U0/s00_axi_inst/xmat_regs[57][7]_i_1_n_0                                                                                             | design_1_wrapper_i/design_1_i/transformer_axi_0/U0/s00_axi_inst/slv_reg1[0]_i_1_n_0                                                     |                3 |              8 |         2.67 |
|  design_1_wrapper_i/design_1_i/processing_system7_0/inst/FCLK_CLK0 | design_1_wrapper_i/design_1_i/transformer_axi_0/U0/s00_axi_inst/xmat_regs[62][7]_i_1_n_0                                                                                             | design_1_wrapper_i/design_1_i/transformer_axi_0/U0/s00_axi_inst/slv_reg1[0]_i_1_n_0                                                     |                5 |              8 |         1.60 |
|  design_1_wrapper_i/design_1_i/processing_system7_0/inst/FCLK_CLK0 | design_1_wrapper_i/design_1_i/transformer_axi_0/U0/s00_axi_inst/xmat_regs[55][15]_i_1_n_0                                                                                            | design_1_wrapper_i/design_1_i/transformer_axi_0/U0/s00_axi_inst/slv_reg1[0]_i_1_n_0                                                     |                4 |              8 |         2.00 |
|  design_1_wrapper_i/design_1_i/processing_system7_0/inst/FCLK_CLK0 | design_1_wrapper_i/design_1_i/transformer_axi_0/U0/s00_axi_inst/xmat_regs[57][15]_i_1_n_0                                                                                            | design_1_wrapper_i/design_1_i/transformer_axi_0/U0/s00_axi_inst/slv_reg1[0]_i_1_n_0                                                     |                4 |              8 |         2.00 |
|  design_1_wrapper_i/design_1_i/processing_system7_0/inst/FCLK_CLK0 | design_1_wrapper_i/design_1_i/transformer_axi_0/U0/s00_axi_inst/xmat_regs[58][15]_i_1_n_0                                                                                            | design_1_wrapper_i/design_1_i/transformer_axi_0/U0/s00_axi_inst/slv_reg1[0]_i_1_n_0                                                     |                4 |              8 |         2.00 |
|  design_1_wrapper_i/design_1_i/processing_system7_0/inst/FCLK_CLK0 | design_1_wrapper_i/design_1_i/transformer_axi_0/U0/s00_axi_inst/xmat_regs[60][31]_i_1_n_0                                                                                            | design_1_wrapper_i/design_1_i/transformer_axi_0/U0/s00_axi_inst/slv_reg1[0]_i_1_n_0                                                     |                3 |              8 |         2.67 |
|  design_1_wrapper_i/design_1_i/processing_system7_0/inst/FCLK_CLK0 | design_1_wrapper_i/design_1_i/transformer_axi_0/U0/s00_axi_inst/xmat_regs[61][31]_i_1_n_0                                                                                            | design_1_wrapper_i/design_1_i/transformer_axi_0/U0/s00_axi_inst/slv_reg1[0]_i_1_n_0                                                     |                6 |              8 |         1.33 |
|  design_1_wrapper_i/design_1_i/processing_system7_0/inst/FCLK_CLK0 | design_1_wrapper_i/design_1_i/transformer_axi_0/U0/s00_axi_inst/xmat_regs[64][15]_i_1_n_0                                                                                            | design_1_wrapper_i/design_1_i/transformer_axi_0/U0/s00_axi_inst/slv_reg1[0]_i_1_n_0                                                     |                3 |              8 |         2.67 |
|  design_1_wrapper_i/design_1_i/processing_system7_0/inst/FCLK_CLK0 | design_1_wrapper_i/design_1_i/transformer_axi_0/U0/s00_axi_inst/xmat_regs[52][15]_i_1_n_0                                                                                            | design_1_wrapper_i/design_1_i/transformer_axi_0/U0/s00_axi_inst/slv_reg1[0]_i_1_n_0                                                     |                2 |              8 |         4.00 |
|  design_1_wrapper_i/design_1_i/processing_system7_0/inst/FCLK_CLK0 | design_1_wrapper_i/design_1_i/transformer_axi_0/U0/s00_axi_inst/xmat_regs[52][31]_i_1_n_0                                                                                            | design_1_wrapper_i/design_1_i/transformer_axi_0/U0/s00_axi_inst/slv_reg1[0]_i_1_n_0                                                     |                5 |              8 |         1.60 |
|  design_1_wrapper_i/design_1_i/processing_system7_0/inst/FCLK_CLK0 | design_1_wrapper_i/design_1_i/transformer_axi_0/U0/s00_axi_inst/xmat_regs[53][23]_i_1_n_0                                                                                            | design_1_wrapper_i/design_1_i/transformer_axi_0/U0/s00_axi_inst/slv_reg1[0]_i_1_n_0                                                     |                4 |              8 |         2.00 |
|  design_1_wrapper_i/design_1_i/processing_system7_0/inst/FCLK_CLK0 | design_1_wrapper_i/design_1_i/transformer_axi_0/U0/s00_axi_inst/xmat_regs[54][15]_i_1_n_0                                                                                            | design_1_wrapper_i/design_1_i/transformer_axi_0/U0/s00_axi_inst/slv_reg1[0]_i_1_n_0                                                     |                7 |              8 |         1.14 |
|  design_1_wrapper_i/design_1_i/processing_system7_0/inst/FCLK_CLK0 | design_1_wrapper_i/design_1_i/transformer_axi_0/U0/s00_axi_inst/xmat_regs[55][31]_i_1_n_0                                                                                            | design_1_wrapper_i/design_1_i/transformer_axi_0/U0/s00_axi_inst/slv_reg1[0]_i_1_n_0                                                     |                3 |              8 |         2.67 |
|  design_1_wrapper_i/design_1_i/processing_system7_0/inst/FCLK_CLK0 | design_1_wrapper_i/design_1_i/transformer_axi_0/U0/s00_axi_inst/xmat_regs[53][31]_i_1_n_0                                                                                            | design_1_wrapper_i/design_1_i/transformer_axi_0/U0/s00_axi_inst/slv_reg1[0]_i_1_n_0                                                     |                1 |              8 |         8.00 |
|  design_1_wrapper_i/design_1_i/processing_system7_0/inst/FCLK_CLK0 | design_1_wrapper_i/design_1_i/transformer_axi_0/U0/s00_axi_inst/xmat_regs[5][31]_i_1_n_0                                                                                             | design_1_wrapper_i/design_1_i/transformer_axi_0/U0/s00_axi_inst/slv_reg1[0]_i_1_n_0                                                     |                5 |              8 |         1.60 |
|  design_1_wrapper_i/design_1_i/processing_system7_0/inst/FCLK_CLK0 | design_1_wrapper_i/design_1_i/transformer_axi_0/U0/s00_axi_inst/xmat_regs[57][23]_i_1_n_0                                                                                            | design_1_wrapper_i/design_1_i/transformer_axi_0/U0/s00_axi_inst/slv_reg1[0]_i_1_n_0                                                     |                5 |              8 |         1.60 |
|  design_1_wrapper_i/design_1_i/processing_system7_0/inst/FCLK_CLK0 | design_1_wrapper_i/design_1_i/transformer_axi_0/U0/s00_axi_inst/xmat_regs[5][23]_i_1_n_0                                                                                             | design_1_wrapper_i/design_1_i/transformer_axi_0/U0/s00_axi_inst/slv_reg1[0]_i_1_n_0                                                     |                1 |              8 |         8.00 |
|  design_1_wrapper_i/design_1_i/processing_system7_0/inst/FCLK_CLK0 | design_1_wrapper_i/design_1_i/transformer_axi_0/U0/s00_axi_inst/xmat_regs[61][15]_i_1_n_0                                                                                            | design_1_wrapper_i/design_1_i/transformer_axi_0/U0/s00_axi_inst/slv_reg1[0]_i_1_n_0                                                     |                5 |              8 |         1.60 |
|  design_1_wrapper_i/design_1_i/processing_system7_0/inst/FCLK_CLK0 | design_1_wrapper_i/design_1_i/transformer_axi_0/U0/s00_axi_inst/xmat_regs[63][15]_i_1_n_0                                                                                            | design_1_wrapper_i/design_1_i/transformer_axi_0/U0/s00_axi_inst/slv_reg1[0]_i_1_n_0                                                     |                3 |              8 |         2.67 |
|  design_1_wrapper_i/design_1_i/processing_system7_0/inst/FCLK_CLK0 | design_1_wrapper_i/design_1_i/transformer_axi_0/U0/s00_axi_inst/xmat_regs[58][31]_i_1_n_0                                                                                            | design_1_wrapper_i/design_1_i/transformer_axi_0/U0/s00_axi_inst/slv_reg1[0]_i_1_n_0                                                     |                2 |              8 |         4.00 |
|  design_1_wrapper_i/design_1_i/processing_system7_0/inst/FCLK_CLK0 | design_1_wrapper_i/design_1_i/transformer_axi_0/U0/s00_axi_inst/xmat_regs[63][23]_i_1_n_0                                                                                            | design_1_wrapper_i/design_1_i/transformer_axi_0/U0/s00_axi_inst/slv_reg1[0]_i_1_n_0                                                     |                1 |              8 |         8.00 |
|  design_1_wrapper_i/design_1_i/processing_system7_0/inst/FCLK_CLK0 | design_1_wrapper_i/design_1_i/transformer_axi_0/U0/s00_axi_inst/xmat_regs[51][23]_i_1_n_0                                                                                            | design_1_wrapper_i/design_1_i/transformer_axi_0/U0/s00_axi_inst/slv_reg1[0]_i_1_n_0                                                     |                4 |              8 |         2.00 |
|  design_1_wrapper_i/design_1_i/processing_system7_0/inst/FCLK_CLK0 | design_1_wrapper_i/design_1_i/transformer_axi_0/U0/s00_axi_inst/xmat_regs[54][7]_i_1_n_0                                                                                             | design_1_wrapper_i/design_1_i/transformer_axi_0/U0/s00_axi_inst/slv_reg1[0]_i_1_n_0                                                     |                3 |              8 |         2.67 |
|  design_1_wrapper_i/design_1_i/processing_system7_0/inst/FCLK_CLK0 | design_1_wrapper_i/design_1_i/transformer_axi_0/U0/s00_axi_inst/xmat_regs[60][7]_i_1_n_0                                                                                             | design_1_wrapper_i/design_1_i/transformer_axi_0/U0/s00_axi_inst/slv_reg1[0]_i_1_n_0                                                     |                6 |              8 |         1.33 |
|  design_1_wrapper_i/design_1_i/processing_system7_0/inst/FCLK_CLK0 | design_1_wrapper_i/design_1_i/transformer_axi_0/U0/s00_axi_inst/xmat_regs[64][23]_i_1_n_0                                                                                            | design_1_wrapper_i/design_1_i/transformer_axi_0/U0/s00_axi_inst/slv_reg1[0]_i_1_n_0                                                     |                3 |              8 |         2.67 |
|  design_1_wrapper_i/design_1_i/processing_system7_0/inst/FCLK_CLK0 | design_1_wrapper_i/design_1_i/transformer_axi_0/U0/s00_axi_inst/xmat_regs[58][23]_i_1_n_0                                                                                            | design_1_wrapper_i/design_1_i/transformer_axi_0/U0/s00_axi_inst/slv_reg1[0]_i_1_n_0                                                     |                4 |              8 |         2.00 |
|  design_1_wrapper_i/design_1_i/processing_system7_0/inst/FCLK_CLK0 | design_1_wrapper_i/design_1_i/transformer_axi_0/U0/s00_axi_inst/xmat_regs[51][31]_i_1_n_0                                                                                            | design_1_wrapper_i/design_1_i/transformer_axi_0/U0/s00_axi_inst/slv_reg1[0]_i_1_n_0                                                     |                2 |              8 |         4.00 |
|  design_1_wrapper_i/design_1_i/processing_system7_0/inst/FCLK_CLK0 | design_1_wrapper_i/design_1_i/transformer_axi_0/U0/s00_axi_inst/xmat_regs[64][31]_i_1_n_0                                                                                            | design_1_wrapper_i/design_1_i/transformer_axi_0/U0/s00_axi_inst/slv_reg1[0]_i_1_n_0                                                     |                3 |              8 |         2.67 |
|  design_1_wrapper_i/design_1_i/processing_system7_0/inst/FCLK_CLK0 | design_1_wrapper_i/design_1_i/transformer_axi_0/U0/s00_axi_inst/xmat_regs[57][31]_i_1_n_0                                                                                            | design_1_wrapper_i/design_1_i/transformer_axi_0/U0/s00_axi_inst/slv_reg1[0]_i_1_n_0                                                     |                2 |              8 |         4.00 |
|  design_1_wrapper_i/design_1_i/processing_system7_0/inst/FCLK_CLK0 | design_1_wrapper_i/design_1_i/transformer_axi_0/U0/s00_axi_inst/xmat_regs[59][7]_i_1_n_0                                                                                             | design_1_wrapper_i/design_1_i/transformer_axi_0/U0/s00_axi_inst/slv_reg1[0]_i_1_n_0                                                     |                2 |              8 |         4.00 |
|  design_1_wrapper_i/design_1_i/processing_system7_0/inst/FCLK_CLK0 | design_1_wrapper_i/design_1_i/transformer_axi_0/U0/s00_axi_inst/xmat_regs[56][15]_i_1_n_0                                                                                            | design_1_wrapper_i/design_1_i/transformer_axi_0/U0/s00_axi_inst/slv_reg1[0]_i_1_n_0                                                     |                4 |              8 |         2.00 |
|  design_1_wrapper_i/design_1_i/processing_system7_0/inst/FCLK_CLK0 | design_1_wrapper_i/design_1_i/transformer_axi_0/U0/s00_axi_inst/xmat_regs[56][31]_i_1_n_0                                                                                            | design_1_wrapper_i/design_1_i/transformer_axi_0/U0/s00_axi_inst/slv_reg1[0]_i_1_n_0                                                     |                5 |              8 |         1.60 |
|  design_1_wrapper_i/design_1_i/processing_system7_0/inst/FCLK_CLK0 | design_1_wrapper_i/design_1_i/transformer_axi_0/U0/s00_axi_inst/xmat_regs[60][23]_i_1_n_0                                                                                            | design_1_wrapper_i/design_1_i/transformer_axi_0/U0/s00_axi_inst/slv_reg1[0]_i_1_n_0                                                     |                3 |              8 |         2.67 |
|  design_1_wrapper_i/design_1_i/processing_system7_0/inst/FCLK_CLK0 | design_1_wrapper_i/design_1_i/transformer_axi_0/U0/s00_axi_inst/xmat_regs[61][7]_i_1_n_0                                                                                             | design_1_wrapper_i/design_1_i/transformer_axi_0/U0/s00_axi_inst/slv_reg1[0]_i_1_n_0                                                     |                5 |              8 |         1.60 |
|  design_1_wrapper_i/design_1_i/processing_system7_0/inst/FCLK_CLK0 | design_1_wrapper_i/design_1_i/transformer_axi_0/U0/s00_axi_inst/xmat_regs[59][23]_i_1_n_0                                                                                            | design_1_wrapper_i/design_1_i/transformer_axi_0/U0/s00_axi_inst/slv_reg1[0]_i_1_n_0                                                     |                3 |              8 |         2.67 |
|  design_1_wrapper_i/design_1_i/processing_system7_0/inst/FCLK_CLK0 | design_1_wrapper_i/design_1_i/transformer_axi_0/U0/s00_axi_inst/xmat_regs[56][7]_i_1_n_0                                                                                             | design_1_wrapper_i/design_1_i/transformer_axi_0/U0/s00_axi_inst/slv_reg1[0]_i_1_n_0                                                     |                2 |              8 |         4.00 |
|  design_1_wrapper_i/design_1_i/processing_system7_0/inst/FCLK_CLK0 | design_1_wrapper_i/design_1_i/transformer_axi_0/U0/s00_axi_inst/xmat_regs[52][23]_i_1_n_0                                                                                            | design_1_wrapper_i/design_1_i/transformer_axi_0/U0/s00_axi_inst/slv_reg1[0]_i_1_n_0                                                     |                1 |              8 |         8.00 |
|  design_1_wrapper_i/design_1_i/processing_system7_0/inst/FCLK_CLK0 | design_1_wrapper_i/design_1_i/transformer_axi_0/U0/s00_axi_inst/xmat_regs[53][7]_i_1_n_0                                                                                             | design_1_wrapper_i/design_1_i/transformer_axi_0/U0/s00_axi_inst/slv_reg1[0]_i_1_n_0                                                     |                3 |              8 |         2.67 |
|  design_1_wrapper_i/design_1_i/processing_system7_0/inst/FCLK_CLK0 | design_1_wrapper_i/design_1_i/transformer_axi_0/U0/s00_axi_inst/xmat_regs[55][7]_i_1_n_0                                                                                             | design_1_wrapper_i/design_1_i/transformer_axi_0/U0/s00_axi_inst/slv_reg1[0]_i_1_n_0                                                     |                2 |              8 |         4.00 |
|  design_1_wrapper_i/design_1_i/processing_system7_0/inst/FCLK_CLK0 | design_1_wrapper_i/design_1_i/transformer_axi_0/U0/s00_axi_inst/xmat_regs[51][7]_i_1_n_0                                                                                             | design_1_wrapper_i/design_1_i/transformer_axi_0/U0/s00_axi_inst/slv_reg1[0]_i_1_n_0                                                     |                2 |              8 |         4.00 |
|  design_1_wrapper_i/design_1_i/processing_system7_0/inst/FCLK_CLK0 | design_1_wrapper_i/design_1_i/transformer_axi_0/U0/s00_axi_inst/xmat_regs[55][23]_i_1_n_0                                                                                            | design_1_wrapper_i/design_1_i/transformer_axi_0/U0/s00_axi_inst/slv_reg1[0]_i_1_n_0                                                     |                2 |              8 |         4.00 |
|  design_1_wrapper_i/design_1_i/processing_system7_0/inst/FCLK_CLK0 | design_1_wrapper_i/design_1_i/transformer_axi_0/U0/s00_axi_inst/xmat_regs[60][15]_i_1_n_0                                                                                            | design_1_wrapper_i/design_1_i/transformer_axi_0/U0/s00_axi_inst/slv_reg1[0]_i_1_n_0                                                     |                6 |              8 |         1.33 |
|  design_1_wrapper_i/design_1_i/processing_system7_0/inst/FCLK_CLK0 | design_1_wrapper_i/design_1_i/transformer_axi_0/U0/s00_axi_inst/xmat_regs[62][31]_i_1_n_0                                                                                            | design_1_wrapper_i/design_1_i/transformer_axi_0/U0/s00_axi_inst/slv_reg1[0]_i_1_n_0                                                     |                2 |              8 |         4.00 |
|  design_1_wrapper_i/design_1_i/processing_system7_0/inst/FCLK_CLK0 | design_1_wrapper_i/design_1_i/transformer_axi_0/U0/s00_axi_inst/xmat_regs[63][31]_i_1_n_0                                                                                            | design_1_wrapper_i/design_1_i/transformer_axi_0/U0/s00_axi_inst/slv_reg1[0]_i_1_n_0                                                     |                3 |              8 |         2.67 |
|  design_1_wrapper_i/design_1_i/processing_system7_0/inst/FCLK_CLK0 | design_1_wrapper_i/design_1_i/transformer_axi_0/U0/s00_axi_inst/xmat_regs[63][7]_i_1_n_0                                                                                             | design_1_wrapper_i/design_1_i/transformer_axi_0/U0/s00_axi_inst/slv_reg1[0]_i_1_n_0                                                     |                5 |              8 |         1.60 |
|  design_1_wrapper_i/design_1_i/processing_system7_0/inst/FCLK_CLK0 | design_1_wrapper_i/design_1_i/transformer_axi_0/U0/s00_axi_inst/xmat_regs[66][15]_i_1_n_0                                                                                            | design_1_wrapper_i/design_1_i/transformer_axi_0/U0/s00_axi_inst/slv_reg1[0]_i_1_n_0                                                     |                6 |              8 |         1.33 |
|  design_1_wrapper_i/design_1_i/processing_system7_0/inst/FCLK_CLK0 | design_1_wrapper_i/design_1_i/transformer_axi_0/U0/s00_axi_inst/xmat_regs[65][7]_i_1_n_0                                                                                             | design_1_wrapper_i/design_1_i/transformer_axi_0/U0/s00_axi_inst/slv_reg1[0]_i_1_n_0                                                     |                5 |              8 |         1.60 |
|  design_1_wrapper_i/design_1_i/processing_system7_0/inst/FCLK_CLK0 | design_1_wrapper_i/design_1_i/transformer_axi_0/U0/s00_axi_inst/xmat_regs[66][7]_i_1_n_0                                                                                             | design_1_wrapper_i/design_1_i/transformer_axi_0/U0/s00_axi_inst/slv_reg1[0]_i_1_n_0                                                     |                5 |              8 |         1.60 |
|  design_1_wrapper_i/design_1_i/processing_system7_0/inst/FCLK_CLK0 | design_1_wrapper_i/design_1_i/transformer_axi_0/U0/s00_axi_inst/xmat_regs[65][23]_i_1_n_0                                                                                            | design_1_wrapper_i/design_1_i/transformer_axi_0/U0/s00_axi_inst/slv_reg1[0]_i_1_n_0                                                     |                1 |              8 |         8.00 |
|  design_1_wrapper_i/design_1_i/processing_system7_0/inst/FCLK_CLK0 | design_1_wrapper_i/design_1_i/transformer_axi_0/U0/s00_axi_inst/xmat_regs[67][7]_i_1_n_0                                                                                             | design_1_wrapper_i/design_1_i/transformer_axi_0/U0/s00_axi_inst/slv_reg1[0]_i_1_n_0                                                     |                4 |              8 |         2.00 |
|  design_1_wrapper_i/design_1_i/processing_system7_0/inst/FCLK_CLK0 | design_1_wrapper_i/design_1_i/transformer_axi_0/U0/s00_axi_inst/xmat_regs[68][15]_i_1_n_0                                                                                            | design_1_wrapper_i/design_1_i/transformer_axi_0/U0/s00_axi_inst/slv_reg1[0]_i_1_n_0                                                     |                3 |              8 |         2.67 |
|  design_1_wrapper_i/design_1_i/processing_system7_0/inst/FCLK_CLK0 | design_1_wrapper_i/design_1_i/transformer_axi_0/U0/s00_axi_inst/xmat_regs[72][15]_i_1_n_0                                                                                            | design_1_wrapper_i/design_1_i/transformer_axi_0/U0/s00_axi_inst/slv_reg1[0]_i_1_n_0                                                     |                2 |              8 |         4.00 |
|  design_1_wrapper_i/design_1_i/processing_system7_0/inst/FCLK_CLK0 | design_1_wrapper_i/design_1_i/transformer_axi_0/U0/s00_axi_inst/xmat_regs[72][23]_i_1_n_0                                                                                            | design_1_wrapper_i/design_1_i/transformer_axi_0/U0/s00_axi_inst/slv_reg1[0]_i_1_n_0                                                     |                5 |              8 |         1.60 |
|  design_1_wrapper_i/design_1_i/processing_system7_0/inst/FCLK_CLK0 | design_1_wrapper_i/design_1_i/transformer_axi_0/U0/s00_axi_inst/xmat_regs[73][31]_i_1_n_0                                                                                            | design_1_wrapper_i/design_1_i/transformer_axi_0/U0/s00_axi_inst/slv_reg1[0]_i_1_n_0                                                     |                1 |              8 |         8.00 |
|  design_1_wrapper_i/design_1_i/processing_system7_0/inst/FCLK_CLK0 | design_1_wrapper_i/design_1_i/transformer_axi_0/U0/s00_axi_inst/xmat_regs[67][31]_i_1_n_0                                                                                            | design_1_wrapper_i/design_1_i/transformer_axi_0/U0/s00_axi_inst/slv_reg1[0]_i_1_n_0                                                     |                4 |              8 |         2.00 |
|  design_1_wrapper_i/design_1_i/processing_system7_0/inst/FCLK_CLK0 | design_1_wrapper_i/design_1_i/transformer_axi_0/U0/s00_axi_inst/xmat_regs[74][23]_i_1_n_0                                                                                            | design_1_wrapper_i/design_1_i/transformer_axi_0/U0/s00_axi_inst/slv_reg1[0]_i_1_n_0                                                     |                6 |              8 |         1.33 |
|  design_1_wrapper_i/design_1_i/processing_system7_0/inst/FCLK_CLK0 | design_1_wrapper_i/design_1_i/transformer_axi_0/U0/s00_axi_inst/xmat_regs[72][7]_i_1_n_0                                                                                             | design_1_wrapper_i/design_1_i/transformer_axi_0/U0/s00_axi_inst/slv_reg1[0]_i_1_n_0                                                     |                3 |              8 |         2.67 |
|  design_1_wrapper_i/design_1_i/processing_system7_0/inst/FCLK_CLK0 | design_1_wrapper_i/design_1_i/transformer_axi_0/U0/s00_axi_inst/xmat_regs[73][7]_i_1_n_0                                                                                             | design_1_wrapper_i/design_1_i/transformer_axi_0/U0/s00_axi_inst/slv_reg1[0]_i_1_n_0                                                     |                5 |              8 |         1.60 |
|  design_1_wrapper_i/design_1_i/processing_system7_0/inst/FCLK_CLK0 | design_1_wrapper_i/design_1_i/transformer_axi_0/U0/s00_axi_inst/xmat_regs[75][23]_i_1_n_0                                                                                            | design_1_wrapper_i/design_1_i/transformer_axi_0/U0/s00_axi_inst/slv_reg1[0]_i_1_n_0                                                     |                3 |              8 |         2.67 |
|  design_1_wrapper_i/design_1_i/processing_system7_0/inst/FCLK_CLK0 | design_1_wrapper_i/design_1_i/transformer_axi_0/U0/s00_axi_inst/xmat_regs[70][31]_i_1_n_0                                                                                            | design_1_wrapper_i/design_1_i/transformer_axi_0/U0/s00_axi_inst/slv_reg1[0]_i_1_n_0                                                     |                2 |              8 |         4.00 |
|  design_1_wrapper_i/design_1_i/processing_system7_0/inst/FCLK_CLK0 | design_1_wrapper_i/design_1_i/transformer_axi_0/U0/s00_axi_inst/xmat_regs[71][31]_i_1_n_0                                                                                            | design_1_wrapper_i/design_1_i/transformer_axi_0/U0/s00_axi_inst/slv_reg1[0]_i_1_n_0                                                     |                2 |              8 |         4.00 |
|  design_1_wrapper_i/design_1_i/processing_system7_0/inst/FCLK_CLK0 | design_1_wrapper_i/design_1_i/transformer_axi_0/U0/s00_axi_inst/xmat_regs[65][31]_i_1_n_0                                                                                            | design_1_wrapper_i/design_1_i/transformer_axi_0/U0/s00_axi_inst/slv_reg1[0]_i_1_n_0                                                     |                1 |              8 |         8.00 |
|  design_1_wrapper_i/design_1_i/processing_system7_0/inst/FCLK_CLK0 | design_1_wrapper_i/design_1_i/transformer_axi_0/U0/s00_axi_inst/xmat_regs[67][23]_i_1_n_0                                                                                            | design_1_wrapper_i/design_1_i/transformer_axi_0/U0/s00_axi_inst/slv_reg1[0]_i_1_n_0                                                     |                3 |              8 |         2.67 |
|  design_1_wrapper_i/design_1_i/processing_system7_0/inst/FCLK_CLK0 | design_1_wrapper_i/design_1_i/transformer_axi_0/U0/s00_axi_inst/xmat_regs[71][7]_i_1_n_0                                                                                             | design_1_wrapper_i/design_1_i/transformer_axi_0/U0/s00_axi_inst/slv_reg1[0]_i_1_n_0                                                     |                3 |              8 |         2.67 |
|  design_1_wrapper_i/design_1_i/processing_system7_0/inst/FCLK_CLK0 | design_1_wrapper_i/design_1_i/transformer_axi_0/U0/s00_axi_inst/xmat_regs[72][31]_i_1_n_0                                                                                            | design_1_wrapper_i/design_1_i/transformer_axi_0/U0/s00_axi_inst/slv_reg1[0]_i_1_n_0                                                     |                3 |              8 |         2.67 |
|  design_1_wrapper_i/design_1_i/processing_system7_0/inst/FCLK_CLK0 | design_1_wrapper_i/design_1_i/transformer_axi_0/U0/s00_axi_inst/xmat_regs[74][31]_i_1_n_0                                                                                            | design_1_wrapper_i/design_1_i/transformer_axi_0/U0/s00_axi_inst/slv_reg1[0]_i_1_n_0                                                     |                5 |              8 |         1.60 |
|  design_1_wrapper_i/design_1_i/processing_system7_0/inst/FCLK_CLK0 | design_1_wrapper_i/design_1_i/transformer_axi_0/U0/s00_axi_inst/xmat_regs[75][15]_i_1_n_0                                                                                            | design_1_wrapper_i/design_1_i/transformer_axi_0/U0/s00_axi_inst/slv_reg1[0]_i_1_n_0                                                     |                6 |              8 |         1.33 |
|  design_1_wrapper_i/design_1_i/processing_system7_0/inst/FCLK_CLK0 | design_1_wrapper_i/design_1_i/transformer_axi_0/U0/s00_axi_inst/xmat_regs[75][31]_i_1_n_0                                                                                            | design_1_wrapper_i/design_1_i/transformer_axi_0/U0/s00_axi_inst/slv_reg1[0]_i_1_n_0                                                     |                2 |              8 |         4.00 |
|  design_1_wrapper_i/design_1_i/processing_system7_0/inst/FCLK_CLK0 | design_1_wrapper_i/design_1_i/transformer_axi_0/U0/s00_axi_inst/xmat_regs[66][23]_i_1_n_0                                                                                            | design_1_wrapper_i/design_1_i/transformer_axi_0/U0/s00_axi_inst/slv_reg1[0]_i_1_n_0                                                     |                3 |              8 |         2.67 |
|  design_1_wrapper_i/design_1_i/processing_system7_0/inst/FCLK_CLK0 | design_1_wrapper_i/design_1_i/transformer_axi_0/U0/s00_axi_inst/xmat_regs[6][7]_i_1_n_0                                                                                              | design_1_wrapper_i/design_1_i/transformer_axi_0/U0/s00_axi_inst/slv_reg1[0]_i_1_n_0                                                     |                4 |              8 |         2.00 |
|  design_1_wrapper_i/design_1_i/processing_system7_0/inst/FCLK_CLK0 | design_1_wrapper_i/design_1_i/transformer_axi_0/U0/s00_axi_inst/xmat_regs[75][7]_i_1_n_0                                                                                             | design_1_wrapper_i/design_1_i/transformer_axi_0/U0/s00_axi_inst/slv_reg1[0]_i_1_n_0                                                     |                6 |              8 |         1.33 |
|  design_1_wrapper_i/design_1_i/processing_system7_0/inst/FCLK_CLK0 | design_1_wrapper_i/design_1_i/transformer_axi_0/U0/s00_axi_inst/xmat_regs[76][23]_i_1_n_0                                                                                            | design_1_wrapper_i/design_1_i/transformer_axi_0/U0/s00_axi_inst/slv_reg1[0]_i_1_n_0                                                     |                5 |              8 |         1.60 |
|  design_1_wrapper_i/design_1_i/processing_system7_0/inst/FCLK_CLK0 | design_1_wrapper_i/design_1_i/transformer_axi_0/U0/s00_axi_inst/xmat_regs[74][7]_i_1_n_0                                                                                             | design_1_wrapper_i/design_1_i/transformer_axi_0/U0/s00_axi_inst/slv_reg1[0]_i_1_n_0                                                     |                7 |              8 |         1.14 |
|  design_1_wrapper_i/design_1_i/processing_system7_0/inst/FCLK_CLK0 | design_1_wrapper_i/design_1_i/transformer_axi_0/U0/s00_axi_inst/xmat_regs[69][15]_i_1_n_0                                                                                            | design_1_wrapper_i/design_1_i/transformer_axi_0/U0/s00_axi_inst/slv_reg1[0]_i_1_n_0                                                     |                6 |              8 |         1.33 |
|  design_1_wrapper_i/design_1_i/processing_system7_0/inst/FCLK_CLK0 | design_1_wrapper_i/design_1_i/transformer_axi_0/U0/s00_axi_inst/xmat_regs[73][23]_i_1_n_0                                                                                            | design_1_wrapper_i/design_1_i/transformer_axi_0/U0/s00_axi_inst/slv_reg1[0]_i_1_n_0                                                     |                2 |              8 |         4.00 |
|  design_1_wrapper_i/design_1_i/processing_system7_0/inst/FCLK_CLK0 | design_1_wrapper_i/design_1_i/transformer_axi_0/U0/s00_axi_inst/xmat_regs[76][15]_i_1_n_0                                                                                            | design_1_wrapper_i/design_1_i/transformer_axi_0/U0/s00_axi_inst/slv_reg1[0]_i_1_n_0                                                     |                7 |              8 |         1.14 |
|  design_1_wrapper_i/design_1_i/processing_system7_0/inst/FCLK_CLK0 | design_1_wrapper_i/design_1_i/transformer_axi_0/U0/s00_axi_inst/xmat_regs[69][23]_i_1_n_0                                                                                            | design_1_wrapper_i/design_1_i/transformer_axi_0/U0/s00_axi_inst/slv_reg1[0]_i_1_n_0                                                     |                2 |              8 |         4.00 |
|  design_1_wrapper_i/design_1_i/processing_system7_0/inst/FCLK_CLK0 | design_1_wrapper_i/design_1_i/transformer_axi_0/U0/s00_axi_inst/xmat_regs[71][23]_i_1_n_0                                                                                            | design_1_wrapper_i/design_1_i/transformer_axi_0/U0/s00_axi_inst/slv_reg1[0]_i_1_n_0                                                     |                2 |              8 |         4.00 |
|  design_1_wrapper_i/design_1_i/processing_system7_0/inst/FCLK_CLK0 | design_1_wrapper_i/design_1_i/transformer_axi_0/U0/s00_axi_inst/xmat_regs[74][15]_i_1_n_0                                                                                            | design_1_wrapper_i/design_1_i/transformer_axi_0/U0/s00_axi_inst/slv_reg1[0]_i_1_n_0                                                     |                5 |              8 |         1.60 |
|  design_1_wrapper_i/design_1_i/processing_system7_0/inst/FCLK_CLK0 | design_1_wrapper_i/design_1_i/transformer_axi_0/U0/s00_axi_inst/xmat_regs[76][31]_i_1_n_0                                                                                            | design_1_wrapper_i/design_1_i/transformer_axi_0/U0/s00_axi_inst/slv_reg1[0]_i_1_n_0                                                     |                7 |              8 |         1.14 |
|  design_1_wrapper_i/design_1_i/processing_system7_0/inst/FCLK_CLK0 | design_1_wrapper_i/design_1_i/transformer_axi_0/U0/s00_axi_inst/xmat_regs[77][23]_i_1_n_0                                                                                            | design_1_wrapper_i/design_1_i/transformer_axi_0/U0/s00_axi_inst/slv_reg1[0]_i_1_n_0                                                     |                2 |              8 |         4.00 |
|  design_1_wrapper_i/design_1_i/processing_system7_0/inst/FCLK_CLK0 | design_1_wrapper_i/design_1_i/transformer_axi_0/U0/s00_axi_inst/xmat_regs[73][15]_i_1_n_0                                                                                            | design_1_wrapper_i/design_1_i/transformer_axi_0/U0/s00_axi_inst/slv_reg1[0]_i_1_n_0                                                     |                7 |              8 |         1.14 |
|  design_1_wrapper_i/design_1_i/processing_system7_0/inst/FCLK_CLK0 | design_1_wrapper_i/design_1_i/transformer_axi_0/U0/s00_axi_inst/xmat_regs[78][15]_i_1_n_0                                                                                            | design_1_wrapper_i/design_1_i/transformer_axi_0/U0/s00_axi_inst/slv_reg1[0]_i_1_n_0                                                     |                4 |              8 |         2.00 |
|  design_1_wrapper_i/design_1_i/processing_system7_0/inst/FCLK_CLK0 | design_1_wrapper_i/design_1_i/transformer_axi_0/U0/s00_axi_inst/xmat_regs[78][23]_i_1_n_0                                                                                            | design_1_wrapper_i/design_1_i/transformer_axi_0/U0/s00_axi_inst/slv_reg1[0]_i_1_n_0                                                     |                1 |              8 |         8.00 |
|  design_1_wrapper_i/design_1_i/processing_system7_0/inst/FCLK_CLK0 | design_1_wrapper_i/design_1_i/transformer_axi_0/U0/s00_axi_inst/xmat_regs[78][31]_i_1_n_0                                                                                            | design_1_wrapper_i/design_1_i/transformer_axi_0/U0/s00_axi_inst/slv_reg1[0]_i_1_n_0                                                     |                2 |              8 |         4.00 |
|  design_1_wrapper_i/design_1_i/processing_system7_0/inst/FCLK_CLK0 | design_1_wrapper_i/design_1_i/transformer_axi_0/U0/s00_axi_inst/xmat_regs[78][7]_i_1_n_0                                                                                             | design_1_wrapper_i/design_1_i/transformer_axi_0/U0/s00_axi_inst/slv_reg1[0]_i_1_n_0                                                     |                6 |              8 |         1.33 |
|  design_1_wrapper_i/design_1_i/processing_system7_0/inst/FCLK_CLK0 | design_1_wrapper_i/design_1_i/transformer_axi_0/U0/s00_axi_inst/xmat_regs[79][15]_i_1_n_0                                                                                            | design_1_wrapper_i/design_1_i/transformer_axi_0/U0/s00_axi_inst/slv_reg1[0]_i_1_n_0                                                     |                2 |              8 |         4.00 |
|  design_1_wrapper_i/design_1_i/processing_system7_0/inst/FCLK_CLK0 | design_1_wrapper_i/design_1_i/transformer_axi_0/U0/s00_axi_inst/xmat_regs[79][23]_i_1_n_0                                                                                            | design_1_wrapper_i/design_1_i/transformer_axi_0/U0/s00_axi_inst/slv_reg1[0]_i_1_n_0                                                     |                1 |              8 |         8.00 |
|  design_1_wrapper_i/design_1_i/processing_system7_0/inst/FCLK_CLK0 | design_1_wrapper_i/design_1_i/transformer_axi_0/U0/s00_axi_inst/xmat_regs[67][15]_i_1_n_0                                                                                            | design_1_wrapper_i/design_1_i/transformer_axi_0/U0/s00_axi_inst/slv_reg1[0]_i_1_n_0                                                     |                4 |              8 |         2.00 |
|  design_1_wrapper_i/design_1_i/processing_system7_0/inst/FCLK_CLK0 | design_1_wrapper_i/design_1_i/transformer_axi_0/U0/s00_axi_inst/xmat_regs[79][31]_i_1_n_0                                                                                            | design_1_wrapper_i/design_1_i/transformer_axi_0/U0/s00_axi_inst/slv_reg1[0]_i_1_n_0                                                     |                2 |              8 |         4.00 |
|  design_1_wrapper_i/design_1_i/processing_system7_0/inst/FCLK_CLK0 | design_1_wrapper_i/design_1_i/transformer_axi_0/U0/s00_axi_inst/xmat_regs[77][31]_i_1_n_0                                                                                            | design_1_wrapper_i/design_1_i/transformer_axi_0/U0/s00_axi_inst/slv_reg1[0]_i_1_n_0                                                     |                2 |              8 |         4.00 |
|  design_1_wrapper_i/design_1_i/processing_system7_0/inst/FCLK_CLK0 | design_1_wrapper_i/design_1_i/transformer_axi_0/U0/s00_axi_inst/xmat_regs[77][15]_i_1_n_0                                                                                            | design_1_wrapper_i/design_1_i/transformer_axi_0/U0/s00_axi_inst/slv_reg1[0]_i_1_n_0                                                     |                4 |              8 |         2.00 |
|  design_1_wrapper_i/design_1_i/processing_system7_0/inst/FCLK_CLK0 | design_1_wrapper_i/design_1_i/transformer_axi_0/U0/s00_axi_inst/xmat_regs[79][7]_i_1_n_0                                                                                             | design_1_wrapper_i/design_1_i/transformer_axi_0/U0/s00_axi_inst/slv_reg1[0]_i_1_n_0                                                     |                2 |              8 |         4.00 |
|  design_1_wrapper_i/design_1_i/processing_system7_0/inst/FCLK_CLK0 | design_1_wrapper_i/design_1_i/transformer_axi_0/U0/s00_axi_inst/xmat_regs[68][7]_i_1_n_0                                                                                             | design_1_wrapper_i/design_1_i/transformer_axi_0/U0/s00_axi_inst/slv_reg1[0]_i_1_n_0                                                     |                3 |              8 |         2.67 |
|  design_1_wrapper_i/design_1_i/processing_system7_0/inst/FCLK_CLK0 | design_1_wrapper_i/design_1_i/transformer_axi_0/U0/s00_axi_inst/xmat_regs[70][23]_i_1_n_0                                                                                            | design_1_wrapper_i/design_1_i/transformer_axi_0/U0/s00_axi_inst/slv_reg1[0]_i_1_n_0                                                     |                2 |              8 |         4.00 |
|  design_1_wrapper_i/design_1_i/processing_system7_0/inst/FCLK_CLK0 | design_1_wrapper_i/design_1_i/transformer_axi_0/U0/s00_axi_inst/xmat_regs[66][31]_i_1_n_0                                                                                            | design_1_wrapper_i/design_1_i/transformer_axi_0/U0/s00_axi_inst/slv_reg1[0]_i_1_n_0                                                     |                6 |              8 |         1.33 |
|  design_1_wrapper_i/design_1_i/processing_system7_0/inst/FCLK_CLK0 | design_1_wrapper_i/design_1_i/transformer_axi_0/U0/s00_axi_inst/xmat_regs[70][7]_i_1_n_0                                                                                             | design_1_wrapper_i/design_1_i/transformer_axi_0/U0/s00_axi_inst/slv_reg1[0]_i_1_n_0                                                     |                5 |              8 |         1.60 |
|  design_1_wrapper_i/design_1_i/processing_system7_0/inst/FCLK_CLK0 | design_1_wrapper_i/design_1_i/transformer_axi_0/U0/s00_axi_inst/xmat_regs[77][7]_i_1_n_0                                                                                             | design_1_wrapper_i/design_1_i/transformer_axi_0/U0/s00_axi_inst/slv_reg1[0]_i_1_n_0                                                     |                8 |              8 |         1.00 |
|  design_1_wrapper_i/design_1_i/processing_system7_0/inst/FCLK_CLK0 | design_1_wrapper_i/design_1_i/transformer_axi_0/U0/s00_axi_inst/xmat_regs[6][15]_i_1_n_0                                                                                             | design_1_wrapper_i/design_1_i/transformer_axi_0/U0/s00_axi_inst/slv_reg1[0]_i_1_n_0                                                     |                3 |              8 |         2.67 |
|  design_1_wrapper_i/design_1_i/processing_system7_0/inst/FCLK_CLK0 | design_1_wrapper_i/design_1_i/transformer_axi_0/U0/s00_axi_inst/xmat_regs[68][31]_i_1_n_0                                                                                            | design_1_wrapper_i/design_1_i/transformer_axi_0/U0/s00_axi_inst/slv_reg1[0]_i_1_n_0                                                     |                2 |              8 |         4.00 |
|  design_1_wrapper_i/design_1_i/processing_system7_0/inst/FCLK_CLK0 | design_1_wrapper_i/design_1_i/transformer_axi_0/U0/s00_axi_inst/xmat_regs[70][15]_i_1_n_0                                                                                            | design_1_wrapper_i/design_1_i/transformer_axi_0/U0/s00_axi_inst/slv_reg1[0]_i_1_n_0                                                     |                3 |              8 |         2.67 |
|  design_1_wrapper_i/design_1_i/processing_system7_0/inst/FCLK_CLK0 | design_1_wrapper_i/design_1_i/transformer_axi_0/U0/s00_axi_inst/xmat_regs[71][15]_i_1_n_0                                                                                            | design_1_wrapper_i/design_1_i/transformer_axi_0/U0/s00_axi_inst/slv_reg1[0]_i_1_n_0                                                     |                6 |              8 |         1.33 |
|  design_1_wrapper_i/design_1_i/processing_system7_0/inst/FCLK_CLK0 | design_1_wrapper_i/design_1_i/transformer_axi_0/U0/s00_axi_inst/xmat_regs[76][7]_i_1_n_0                                                                                             | design_1_wrapper_i/design_1_i/transformer_axi_0/U0/s00_axi_inst/slv_reg1[0]_i_1_n_0                                                     |                5 |              8 |         1.60 |
|  design_1_wrapper_i/design_1_i/processing_system7_0/inst/FCLK_CLK0 | design_1_wrapper_i/design_1_i/transformer_axi_0/U0/s00_axi_inst/xmat_regs[68][23]_i_1_n_0                                                                                            | design_1_wrapper_i/design_1_i/transformer_axi_0/U0/s00_axi_inst/slv_reg1[0]_i_1_n_0                                                     |                1 |              8 |         8.00 |
|  design_1_wrapper_i/design_1_i/processing_system7_0/inst/FCLK_CLK0 | design_1_wrapper_i/design_1_i/transformer_axi_0/U0/s00_axi_inst/xmat_regs[69][31]_i_1_n_0                                                                                            | design_1_wrapper_i/design_1_i/transformer_axi_0/U0/s00_axi_inst/slv_reg1[0]_i_1_n_0                                                     |                3 |              8 |         2.67 |
|  design_1_wrapper_i/design_1_i/processing_system7_0/inst/FCLK_CLK0 | design_1_wrapper_i/design_1_i/transformer_axi_0/U0/s00_axi_inst/xmat_regs[6][23]_i_1_n_0                                                                                             | design_1_wrapper_i/design_1_i/transformer_axi_0/U0/s00_axi_inst/slv_reg1[0]_i_1_n_0                                                     |                4 |              8 |         2.00 |
|  design_1_wrapper_i/design_1_i/processing_system7_0/inst/FCLK_CLK0 | design_1_wrapper_i/design_1_i/transformer_axi_0/U0/s00_axi_inst/xmat_regs[69][7]_i_1_n_0                                                                                             | design_1_wrapper_i/design_1_i/transformer_axi_0/U0/s00_axi_inst/slv_reg1[0]_i_1_n_0                                                     |                5 |              8 |         1.60 |
|  design_1_wrapper_i/design_1_i/processing_system7_0/inst/FCLK_CLK0 | design_1_wrapper_i/design_1_i/transformer_axi_0/U0/s00_axi_inst/xmat_regs[6][31]_i_1_n_0                                                                                             | design_1_wrapper_i/design_1_i/transformer_axi_0/U0/s00_axi_inst/slv_reg1[0]_i_1_n_0                                                     |                4 |              8 |         2.00 |
|  design_1_wrapper_i/design_1_i/processing_system7_0/inst/FCLK_CLK0 | design_1_wrapper_i/design_1_i/transformer_axi_0/U0/s00_axi_inst/xmat_regs[65][15]_i_1_n_0                                                                                            | design_1_wrapper_i/design_1_i/transformer_axi_0/U0/s00_axi_inst/slv_reg1[0]_i_1_n_0                                                     |                5 |              8 |         1.60 |
|  design_1_wrapper_i/design_1_i/processing_system7_0/inst/FCLK_CLK0 | design_1_wrapper_i/design_1_i/transformer_axi_0/U0/s00_axi_inst/xmat_regs[90][23]_i_1_n_0                                                                                            | design_1_wrapper_i/design_1_i/transformer_axi_0/U0/s00_axi_inst/slv_reg1[0]_i_1_n_0                                                     |                4 |              8 |         2.00 |
|  design_1_wrapper_i/design_1_i/processing_system7_0/inst/FCLK_CLK0 | design_1_wrapper_i/design_1_i/transformer_axi_0/U0/s00_axi_inst/xmat_regs[90][7]_i_1_n_0                                                                                             | design_1_wrapper_i/design_1_i/transformer_axi_0/U0/s00_axi_inst/slv_reg1[0]_i_1_n_0                                                     |                4 |              8 |         2.00 |
|  design_1_wrapper_i/design_1_i/processing_system7_0/inst/FCLK_CLK0 | design_1_wrapper_i/design_1_i/transformer_axi_0/U0/s00_axi_inst/xmat_regs[91][15]_i_1_n_0                                                                                            | design_1_wrapper_i/design_1_i/transformer_axi_0/U0/s00_axi_inst/slv_reg1[0]_i_1_n_0                                                     |                7 |              8 |         1.14 |
|  design_1_wrapper_i/design_1_i/processing_system7_0/inst/FCLK_CLK0 | design_1_wrapper_i/design_1_i/transformer_axi_0/U0/s00_axi_inst/xmat_regs[7][15]_i_1_n_0                                                                                             | design_1_wrapper_i/design_1_i/transformer_axi_0/U0/s00_axi_inst/slv_reg1[0]_i_1_n_0                                                     |                2 |              8 |         4.00 |
|  design_1_wrapper_i/design_1_i/processing_system7_0/inst/FCLK_CLK0 | design_1_wrapper_i/design_1_i/transformer_axi_0/U0/s00_axi_inst/xmat_regs[91][23]_i_1_n_0                                                                                            | design_1_wrapper_i/design_1_i/transformer_axi_0/U0/s00_axi_inst/slv_reg1[0]_i_1_n_0                                                     |                4 |              8 |         2.00 |
|  design_1_wrapper_i/design_1_i/processing_system7_0/inst/FCLK_CLK0 | design_1_wrapper_i/design_1_i/transformer_axi_0/U0/s00_axi_inst/xmat_regs[83][31]_i_1_n_0                                                                                            | design_1_wrapper_i/design_1_i/transformer_axi_0/U0/s00_axi_inst/slv_reg1[0]_i_1_n_0                                                     |                1 |              8 |         8.00 |
|  design_1_wrapper_i/design_1_i/processing_system7_0/inst/FCLK_CLK0 | design_1_wrapper_i/design_1_i/transformer_axi_0/U0/s00_axi_inst/xmat_regs[91][7]_i_1_n_0                                                                                             | design_1_wrapper_i/design_1_i/transformer_axi_0/U0/s00_axi_inst/slv_reg1[0]_i_1_n_0                                                     |                5 |              8 |         1.60 |
|  design_1_wrapper_i/design_1_i/processing_system7_0/inst/FCLK_CLK0 | design_1_wrapper_i/design_1_i/transformer_axi_0/U0/s00_axi_inst/xmat_regs[92][15]_i_1_n_0                                                                                            | design_1_wrapper_i/design_1_i/transformer_axi_0/U0/s00_axi_inst/slv_reg1[0]_i_1_n_0                                                     |                5 |              8 |         1.60 |
|  design_1_wrapper_i/design_1_i/processing_system7_0/inst/FCLK_CLK0 | design_1_wrapper_i/design_1_i/transformer_axi_0/U0/s00_axi_inst/xmat_regs[87][31]_i_1_n_0                                                                                            | design_1_wrapper_i/design_1_i/transformer_axi_0/U0/s00_axi_inst/slv_reg1[0]_i_1_n_0                                                     |                1 |              8 |         8.00 |
|  design_1_wrapper_i/design_1_i/processing_system7_0/inst/FCLK_CLK0 | design_1_wrapper_i/design_1_i/transformer_axi_0/U0/s00_axi_inst/xmat_regs[80][15]_i_1_n_0                                                                                            | design_1_wrapper_i/design_1_i/transformer_axi_0/U0/s00_axi_inst/slv_reg1[0]_i_1_n_0                                                     |                3 |              8 |         2.67 |
|  design_1_wrapper_i/design_1_i/processing_system7_0/inst/FCLK_CLK0 | design_1_wrapper_i/design_1_i/transformer_axi_0/U0/s00_axi_inst/xmat_regs[82][31]_i_1_n_0                                                                                            | design_1_wrapper_i/design_1_i/transformer_axi_0/U0/s00_axi_inst/slv_reg1[0]_i_1_n_0                                                     |                2 |              8 |         4.00 |
|  design_1_wrapper_i/design_1_i/processing_system7_0/inst/FCLK_CLK0 | design_1_wrapper_i/design_1_i/transformer_axi_0/U0/s00_axi_inst/xmat_regs[86][23]_i_1_n_0                                                                                            | design_1_wrapper_i/design_1_i/transformer_axi_0/U0/s00_axi_inst/slv_reg1[0]_i_1_n_0                                                     |                2 |              8 |         4.00 |
|  design_1_wrapper_i/design_1_i/processing_system7_0/inst/FCLK_CLK0 | design_1_wrapper_i/design_1_i/transformer_axi_0/U0/s00_axi_inst/xmat_regs[92][23]_i_1_n_0                                                                                            | design_1_wrapper_i/design_1_i/transformer_axi_0/U0/s00_axi_inst/slv_reg1[0]_i_1_n_0                                                     |                5 |              8 |         1.60 |
|  design_1_wrapper_i/design_1_i/processing_system7_0/inst/FCLK_CLK0 | design_1_wrapper_i/design_1_i/transformer_axi_0/U0/s00_axi_inst/xmat_regs[92][31]_i_1_n_0                                                                                            | design_1_wrapper_i/design_1_i/transformer_axi_0/U0/s00_axi_inst/slv_reg1[0]_i_1_n_0                                                     |                2 |              8 |         4.00 |
|  design_1_wrapper_i/design_1_i/processing_system7_0/inst/FCLK_CLK0 | design_1_wrapper_i/design_1_i/transformer_axi_0/U0/s00_axi_inst/xmat_regs[81][15]_i_1_n_0                                                                                            | design_1_wrapper_i/design_1_i/transformer_axi_0/U0/s00_axi_inst/slv_reg1[0]_i_1_n_0                                                     |                4 |              8 |         2.00 |
|  design_1_wrapper_i/design_1_i/processing_system7_0/inst/FCLK_CLK0 | design_1_wrapper_i/design_1_i/transformer_axi_0/U0/s00_axi_inst/xmat_regs[84][7]_i_1_n_0                                                                                             | design_1_wrapper_i/design_1_i/transformer_axi_0/U0/s00_axi_inst/slv_reg1[0]_i_1_n_0                                                     |                4 |              8 |         2.00 |
|  design_1_wrapper_i/design_1_i/processing_system7_0/inst/FCLK_CLK0 | design_1_wrapper_i/design_1_i/transformer_axi_0/U0/s00_axi_inst/xmat_regs[83][15]_i_1_n_0                                                                                            | design_1_wrapper_i/design_1_i/transformer_axi_0/U0/s00_axi_inst/slv_reg1[0]_i_1_n_0                                                     |                6 |              8 |         1.33 |
|  design_1_wrapper_i/design_1_i/processing_system7_0/inst/FCLK_CLK0 | design_1_wrapper_i/design_1_i/transformer_axi_0/U0/s00_axi_inst/xmat_regs[81][7]_i_1_n_0                                                                                             | design_1_wrapper_i/design_1_i/transformer_axi_0/U0/s00_axi_inst/slv_reg1[0]_i_1_n_0                                                     |                4 |              8 |         2.00 |
|  design_1_wrapper_i/design_1_i/processing_system7_0/inst/FCLK_CLK0 | design_1_wrapper_i/design_1_i/transformer_axi_0/U0/s00_axi_inst/xmat_regs[85][23]_i_1_n_0                                                                                            | design_1_wrapper_i/design_1_i/transformer_axi_0/U0/s00_axi_inst/slv_reg1[0]_i_1_n_0                                                     |                2 |              8 |         4.00 |
|  design_1_wrapper_i/design_1_i/processing_system7_0/inst/FCLK_CLK0 | design_1_wrapper_i/design_1_i/transformer_axi_0/U0/s00_axi_inst/xmat_regs[86][7]_i_1_n_0                                                                                             | design_1_wrapper_i/design_1_i/transformer_axi_0/U0/s00_axi_inst/slv_reg1[0]_i_1_n_0                                                     |                3 |              8 |         2.67 |
|  design_1_wrapper_i/design_1_i/processing_system7_0/inst/FCLK_CLK0 | design_1_wrapper_i/design_1_i/transformer_axi_0/U0/s00_axi_inst/xmat_regs[82][23]_i_1_n_0                                                                                            | design_1_wrapper_i/design_1_i/transformer_axi_0/U0/s00_axi_inst/slv_reg1[0]_i_1_n_0                                                     |                2 |              8 |         4.00 |
|  design_1_wrapper_i/design_1_i/processing_system7_0/inst/FCLK_CLK0 | design_1_wrapper_i/design_1_i/transformer_axi_0/U0/s00_axi_inst/xmat_regs[81][23]_i_1_n_0                                                                                            | design_1_wrapper_i/design_1_i/transformer_axi_0/U0/s00_axi_inst/slv_reg1[0]_i_1_n_0                                                     |                1 |              8 |         8.00 |
|  design_1_wrapper_i/design_1_i/processing_system7_0/inst/FCLK_CLK0 | design_1_wrapper_i/design_1_i/transformer_axi_0/U0/s00_axi_inst/xmat_regs[86][15]_i_1_n_0                                                                                            | design_1_wrapper_i/design_1_i/transformer_axi_0/U0/s00_axi_inst/slv_reg1[0]_i_1_n_0                                                     |                6 |              8 |         1.33 |
|  design_1_wrapper_i/design_1_i/processing_system7_0/inst/FCLK_CLK0 | design_1_wrapper_i/design_1_i/transformer_axi_0/U0/s00_axi_inst/xmat_regs[83][23]_i_1_n_0                                                                                            | design_1_wrapper_i/design_1_i/transformer_axi_0/U0/s00_axi_inst/slv_reg1[0]_i_1_n_0                                                     |                1 |              8 |         8.00 |
|  design_1_wrapper_i/design_1_i/processing_system7_0/inst/FCLK_CLK0 | design_1_wrapper_i/design_1_i/transformer_axi_0/U0/s00_axi_inst/xmat_regs[87][15]_i_1_n_0                                                                                            | design_1_wrapper_i/design_1_i/transformer_axi_0/U0/s00_axi_inst/slv_reg1[0]_i_1_n_0                                                     |                8 |              8 |         1.00 |
|  design_1_wrapper_i/design_1_i/processing_system7_0/inst/FCLK_CLK0 | design_1_wrapper_i/design_1_i/transformer_axi_0/U0/s00_axi_inst/xmat_regs[87][7]_i_1_n_0                                                                                             | design_1_wrapper_i/design_1_i/transformer_axi_0/U0/s00_axi_inst/slv_reg1[0]_i_1_n_0                                                     |                5 |              8 |         1.60 |
|  design_1_wrapper_i/design_1_i/processing_system7_0/inst/FCLK_CLK0 | design_1_wrapper_i/design_1_i/transformer_axi_0/U0/s00_axi_inst/xmat_regs[88][31]_i_1_n_0                                                                                            | design_1_wrapper_i/design_1_i/transformer_axi_0/U0/s00_axi_inst/slv_reg1[0]_i_1_n_0                                                     |                4 |              8 |         2.00 |
|  design_1_wrapper_i/design_1_i/processing_system7_0/inst/FCLK_CLK0 | design_1_wrapper_i/design_1_i/transformer_axi_0/U0/s00_axi_inst/xmat_regs[88][7]_i_1_n_0                                                                                             | design_1_wrapper_i/design_1_i/transformer_axi_0/U0/s00_axi_inst/slv_reg1[0]_i_1_n_0                                                     |                5 |              8 |         1.60 |
|  design_1_wrapper_i/design_1_i/processing_system7_0/inst/FCLK_CLK0 | design_1_wrapper_i/design_1_i/transformer_axi_0/U0/s00_axi_inst/xmat_regs[80][23]_i_1_n_0                                                                                            | design_1_wrapper_i/design_1_i/transformer_axi_0/U0/s00_axi_inst/slv_reg1[0]_i_1_n_0                                                     |                2 |              8 |         4.00 |
|  design_1_wrapper_i/design_1_i/processing_system7_0/inst/FCLK_CLK0 | design_1_wrapper_i/design_1_i/transformer_axi_0/U0/s00_axi_inst/xmat_regs[89][23]_i_1_n_0                                                                                            | design_1_wrapper_i/design_1_i/transformer_axi_0/U0/s00_axi_inst/slv_reg1[0]_i_1_n_0                                                     |                1 |              8 |         8.00 |
|  design_1_wrapper_i/design_1_i/processing_system7_0/inst/FCLK_CLK0 | design_1_wrapper_i/design_1_i/transformer_axi_0/U0/s00_axi_inst/xmat_regs[89][31]_i_1_n_0                                                                                            | design_1_wrapper_i/design_1_i/transformer_axi_0/U0/s00_axi_inst/slv_reg1[0]_i_1_n_0                                                     |                3 |              8 |         2.67 |
|  design_1_wrapper_i/design_1_i/processing_system7_0/inst/FCLK_CLK0 | design_1_wrapper_i/design_1_i/transformer_axi_0/U0/s00_axi_inst/xmat_regs[8][15]_i_1_n_0                                                                                             | design_1_wrapper_i/design_1_i/transformer_axi_0/U0/s00_axi_inst/slv_reg1[0]_i_1_n_0                                                     |                4 |              8 |         2.00 |
|  design_1_wrapper_i/design_1_i/processing_system7_0/inst/FCLK_CLK0 | design_1_wrapper_i/design_1_i/transformer_axi_0/U0/s00_axi_inst/xmat_regs[8][23]_i_1_n_0                                                                                             | design_1_wrapper_i/design_1_i/transformer_axi_0/U0/s00_axi_inst/slv_reg1[0]_i_1_n_0                                                     |                4 |              8 |         2.00 |
|  design_1_wrapper_i/design_1_i/processing_system7_0/inst/FCLK_CLK0 | design_1_wrapper_i/design_1_i/transformer_axi_0/U0/s00_axi_inst/xmat_regs[8][31]_i_1_n_0                                                                                             | design_1_wrapper_i/design_1_i/transformer_axi_0/U0/s00_axi_inst/slv_reg1[0]_i_1_n_0                                                     |                4 |              8 |         2.00 |
|  design_1_wrapper_i/design_1_i/processing_system7_0/inst/FCLK_CLK0 | design_1_wrapper_i/design_1_i/transformer_axi_0/U0/s00_axi_inst/xmat_regs[87][23]_i_1_n_0                                                                                            | design_1_wrapper_i/design_1_i/transformer_axi_0/U0/s00_axi_inst/slv_reg1[0]_i_1_n_0                                                     |                2 |              8 |         4.00 |
|  design_1_wrapper_i/design_1_i/processing_system7_0/inst/FCLK_CLK0 | design_1_wrapper_i/design_1_i/transformer_axi_0/U0/s00_axi_inst/xmat_regs[92][7]_i_1_n_0                                                                                             | design_1_wrapper_i/design_1_i/transformer_axi_0/U0/s00_axi_inst/slv_reg1[0]_i_1_n_0                                                     |                5 |              8 |         1.60 |
|  design_1_wrapper_i/design_1_i/processing_system7_0/inst/FCLK_CLK0 | design_1_wrapper_i/design_1_i/transformer_axi_0/U0/s00_axi_inst/xmat_regs[90][31]_i_1_n_0                                                                                            | design_1_wrapper_i/design_1_i/transformer_axi_0/U0/s00_axi_inst/slv_reg1[0]_i_1_n_0                                                     |                2 |              8 |         4.00 |
|  design_1_wrapper_i/design_1_i/processing_system7_0/inst/FCLK_CLK0 | design_1_wrapper_i/design_1_i/transformer_axi_0/U0/s00_axi_inst/xmat_regs[91][31]_i_1_n_0                                                                                            | design_1_wrapper_i/design_1_i/transformer_axi_0/U0/s00_axi_inst/slv_reg1[0]_i_1_n_0                                                     |                3 |              8 |         2.67 |
|  design_1_wrapper_i/design_1_i/processing_system7_0/inst/FCLK_CLK0 | design_1_wrapper_i/design_1_i/transformer_axi_0/U0/s00_axi_inst/xmat_regs[85][31]_i_1_n_0                                                                                            | design_1_wrapper_i/design_1_i/transformer_axi_0/U0/s00_axi_inst/slv_reg1[0]_i_1_n_0                                                     |                1 |              8 |         8.00 |
|  design_1_wrapper_i/design_1_i/processing_system7_0/inst/FCLK_CLK0 | design_1_wrapper_i/design_1_i/transformer_axi_0/U0/s00_axi_inst/xmat_regs[93][15]_i_1_n_0                                                                                            | design_1_wrapper_i/design_1_i/transformer_axi_0/U0/s00_axi_inst/slv_reg1[0]_i_1_n_0                                                     |                7 |              8 |         1.14 |
|  design_1_wrapper_i/design_1_i/processing_system7_0/inst/FCLK_CLK0 | design_1_wrapper_i/design_1_i/transformer_axi_0/U0/s00_axi_inst/xmat_regs[93][23]_i_1_n_0                                                                                            | design_1_wrapper_i/design_1_i/transformer_axi_0/U0/s00_axi_inst/slv_reg1[0]_i_1_n_0                                                     |                4 |              8 |         2.00 |
|  design_1_wrapper_i/design_1_i/processing_system7_0/inst/FCLK_CLK0 | design_1_wrapper_i/design_1_i/transformer_axi_0/U0/s00_axi_inst/xmat_regs[7][7]_i_1_n_0                                                                                              | design_1_wrapper_i/design_1_i/transformer_axi_0/U0/s00_axi_inst/slv_reg1[0]_i_1_n_0                                                     |                6 |              8 |         1.33 |
|  design_1_wrapper_i/design_1_i/processing_system7_0/inst/FCLK_CLK0 | design_1_wrapper_i/design_1_i/transformer_axi_0/U0/s00_axi_inst/xmat_regs[88][23]_i_1_n_0                                                                                            | design_1_wrapper_i/design_1_i/transformer_axi_0/U0/s00_axi_inst/slv_reg1[0]_i_1_n_0                                                     |                4 |              8 |         2.00 |
|  design_1_wrapper_i/design_1_i/processing_system7_0/inst/FCLK_CLK0 | design_1_wrapper_i/design_1_i/transformer_axi_0/U0/s00_axi_inst/xmat_regs[7][31]_i_1_n_0                                                                                             | design_1_wrapper_i/design_1_i/transformer_axi_0/U0/s00_axi_inst/slv_reg1[0]_i_1_n_0                                                     |                2 |              8 |         4.00 |
|  design_1_wrapper_i/design_1_i/processing_system7_0/inst/FCLK_CLK0 | design_1_wrapper_i/design_1_i/transformer_axi_0/U0/s00_axi_inst/xmat_regs[82][15]_i_1_n_0                                                                                            | design_1_wrapper_i/design_1_i/transformer_axi_0/U0/s00_axi_inst/slv_reg1[0]_i_1_n_0                                                     |                6 |              8 |         1.33 |
|  design_1_wrapper_i/design_1_i/processing_system7_0/inst/FCLK_CLK0 | design_1_wrapper_i/design_1_i/transformer_axi_0/U0/s00_axi_inst/xmat_regs[80][31]_i_1_n_0                                                                                            | design_1_wrapper_i/design_1_i/transformer_axi_0/U0/s00_axi_inst/slv_reg1[0]_i_1_n_0                                                     |                1 |              8 |         8.00 |
|  design_1_wrapper_i/design_1_i/processing_system7_0/inst/FCLK_CLK0 | design_1_wrapper_i/design_1_i/transformer_axi_0/U0/s00_axi_inst/xmat_regs[80][7]_i_1_n_0                                                                                             | design_1_wrapper_i/design_1_i/transformer_axi_0/U0/s00_axi_inst/slv_reg1[0]_i_1_n_0                                                     |                2 |              8 |         4.00 |
|  design_1_wrapper_i/design_1_i/processing_system7_0/inst/FCLK_CLK0 | design_1_wrapper_i/design_1_i/transformer_axi_0/U0/s00_axi_inst/xmat_regs[83][7]_i_1_n_0                                                                                             | design_1_wrapper_i/design_1_i/transformer_axi_0/U0/s00_axi_inst/slv_reg1[0]_i_1_n_0                                                     |                6 |              8 |         1.33 |
|  design_1_wrapper_i/design_1_i/processing_system7_0/inst/FCLK_CLK0 | design_1_wrapper_i/design_1_i/transformer_axi_0/U0/s00_axi_inst/xmat_regs[84][15]_i_1_n_0                                                                                            | design_1_wrapper_i/design_1_i/transformer_axi_0/U0/s00_axi_inst/slv_reg1[0]_i_1_n_0                                                     |                4 |              8 |         2.00 |
|  design_1_wrapper_i/design_1_i/processing_system7_0/inst/FCLK_CLK0 | design_1_wrapper_i/design_1_i/transformer_axi_0/U0/s00_axi_inst/xmat_regs[84][23]_i_1_n_0                                                                                            | design_1_wrapper_i/design_1_i/transformer_axi_0/U0/s00_axi_inst/slv_reg1[0]_i_1_n_0                                                     |                1 |              8 |         8.00 |
|  design_1_wrapper_i/design_1_i/processing_system7_0/inst/FCLK_CLK0 | design_1_wrapper_i/design_1_i/transformer_axi_0/U0/s00_axi_inst/xmat_regs[84][31]_i_1_n_0                                                                                            | design_1_wrapper_i/design_1_i/transformer_axi_0/U0/s00_axi_inst/slv_reg1[0]_i_1_n_0                                                     |                4 |              8 |         2.00 |
|  design_1_wrapper_i/design_1_i/processing_system7_0/inst/FCLK_CLK0 | design_1_wrapper_i/design_1_i/transformer_axi_0/U0/s00_axi_inst/xmat_regs[82][7]_i_1_n_0                                                                                             | design_1_wrapper_i/design_1_i/transformer_axi_0/U0/s00_axi_inst/slv_reg1[0]_i_1_n_0                                                     |                4 |              8 |         2.00 |
|  design_1_wrapper_i/design_1_i/processing_system7_0/inst/FCLK_CLK0 | design_1_wrapper_i/design_1_i/transformer_axi_0/U0/s00_axi_inst/xmat_regs[7][23]_i_1_n_0                                                                                             | design_1_wrapper_i/design_1_i/transformer_axi_0/U0/s00_axi_inst/slv_reg1[0]_i_1_n_0                                                     |                2 |              8 |         4.00 |
|  design_1_wrapper_i/design_1_i/processing_system7_0/inst/FCLK_CLK0 | design_1_wrapper_i/design_1_i/transformer_axi_0/U0/s00_axi_inst/xmat_regs[85][15]_i_1_n_0                                                                                            | design_1_wrapper_i/design_1_i/transformer_axi_0/U0/s00_axi_inst/slv_reg1[0]_i_1_n_0                                                     |                4 |              8 |         2.00 |
|  design_1_wrapper_i/design_1_i/processing_system7_0/inst/FCLK_CLK0 | design_1_wrapper_i/design_1_i/transformer_axi_0/U0/s00_axi_inst/xmat_regs[85][7]_i_1_n_0                                                                                             | design_1_wrapper_i/design_1_i/transformer_axi_0/U0/s00_axi_inst/slv_reg1[0]_i_1_n_0                                                     |                6 |              8 |         1.33 |
|  design_1_wrapper_i/design_1_i/processing_system7_0/inst/FCLK_CLK0 | design_1_wrapper_i/design_1_i/transformer_axi_0/U0/s00_axi_inst/xmat_regs[86][31]_i_1_n_0                                                                                            | design_1_wrapper_i/design_1_i/transformer_axi_0/U0/s00_axi_inst/slv_reg1[0]_i_1_n_0                                                     |                2 |              8 |         4.00 |
|  design_1_wrapper_i/design_1_i/processing_system7_0/inst/FCLK_CLK0 | design_1_wrapper_i/design_1_i/transformer_axi_0/U0/s00_axi_inst/xmat_regs[88][15]_i_1_n_0                                                                                            | design_1_wrapper_i/design_1_i/transformer_axi_0/U0/s00_axi_inst/slv_reg1[0]_i_1_n_0                                                     |                5 |              8 |         1.60 |
|  design_1_wrapper_i/design_1_i/processing_system7_0/inst/FCLK_CLK0 | design_1_wrapper_i/design_1_i/transformer_axi_0/U0/s00_axi_inst/xmat_regs[89][7]_i_1_n_0                                                                                             | design_1_wrapper_i/design_1_i/transformer_axi_0/U0/s00_axi_inst/slv_reg1[0]_i_1_n_0                                                     |                6 |              8 |         1.33 |
|  design_1_wrapper_i/design_1_i/processing_system7_0/inst/FCLK_CLK0 | design_1_wrapper_i/design_1_i/transformer_axi_0/U0/s00_axi_inst/xmat_regs[8][7]_i_1_n_0                                                                                              | design_1_wrapper_i/design_1_i/transformer_axi_0/U0/s00_axi_inst/slv_reg1[0]_i_1_n_0                                                     |                4 |              8 |         2.00 |
|  design_1_wrapper_i/design_1_i/processing_system7_0/inst/FCLK_CLK0 | design_1_wrapper_i/design_1_i/transformer_axi_0/U0/s00_axi_inst/xmat_regs[81][31]_i_1_n_0                                                                                            | design_1_wrapper_i/design_1_i/transformer_axi_0/U0/s00_axi_inst/slv_reg1[0]_i_1_n_0                                                     |                2 |              8 |         4.00 |
|  design_1_wrapper_i/design_1_i/processing_system7_0/inst/FCLK_CLK0 | design_1_wrapper_i/design_1_i/transformer_axi_0/U0/s00_axi_inst/xmat_regs[89][15]_i_1_n_0                                                                                            | design_1_wrapper_i/design_1_i/transformer_axi_0/U0/s00_axi_inst/slv_reg1[0]_i_1_n_0                                                     |                2 |              8 |         4.00 |
|  design_1_wrapper_i/design_1_i/processing_system7_0/inst/FCLK_CLK0 | design_1_wrapper_i/design_1_i/transformer_axi_0/U0/s00_axi_inst/xmat_regs[90][15]_i_1_n_0                                                                                            | design_1_wrapper_i/design_1_i/transformer_axi_0/U0/s00_axi_inst/slv_reg1[0]_i_1_n_0                                                     |                4 |              8 |         2.00 |
|  design_1_wrapper_i/design_1_i/processing_system7_0/inst/FCLK_CLK0 | design_1_wrapper_i/design_1_i/transformer_axi_0/U0/s00_axi_inst/xmat_regs[99][7]_i_1_n_0                                                                                             | design_1_wrapper_i/design_1_i/transformer_axi_0/U0/s00_axi_inst/slv_reg1[0]_i_1_n_0                                                     |                6 |              8 |         1.33 |
|  design_1_wrapper_i/design_1_i/processing_system7_0/inst/FCLK_CLK0 | design_1_wrapper_i/design_1_i/transformer_axi_0/U0/s00_axi_inst/xmat_regs[94][7]_i_1_n_0                                                                                             | design_1_wrapper_i/design_1_i/transformer_axi_0/U0/s00_axi_inst/slv_reg1[0]_i_1_n_0                                                     |                3 |              8 |         2.67 |
|  design_1_wrapper_i/design_1_i/processing_system7_0/inst/FCLK_CLK0 | design_1_wrapper_i/design_1_i/transformer_axi_0/U0/s00_axi_inst/xmat_regs[93][31]_i_1_n_0                                                                                            | design_1_wrapper_i/design_1_i/transformer_axi_0/U0/s00_axi_inst/slv_reg1[0]_i_1_n_0                                                     |                7 |              8 |         1.14 |
|  design_1_wrapper_i/design_1_i/processing_system7_0/inst/FCLK_CLK0 | design_1_wrapper_i/design_1_i/transformer_axi_0/U0/s00_axi_inst/xmat_regs[99][23]_i_1_n_0                                                                                            | design_1_wrapper_i/design_1_i/transformer_axi_0/U0/s00_axi_inst/slv_reg1[0]_i_1_n_0                                                     |                6 |              8 |         1.33 |
|  design_1_wrapper_i/design_1_i/processing_system7_0/inst/FCLK_CLK0 | design_1_wrapper_i/design_1_i/transformer_axi_0/U0/s00_axi_inst/xmat_regs[9][7]_i_1_n_0                                                                                              | design_1_wrapper_i/design_1_i/transformer_axi_0/U0/s00_axi_inst/slv_reg1[0]_i_1_n_0                                                     |                4 |              8 |         2.00 |
|  design_1_wrapper_i/design_1_i/processing_system7_0/inst/FCLK_CLK0 | design_1_wrapper_i/design_1_i/transformer_axi_0/U0/s00_axi_inst/xmat_regs[94][15]_i_1_n_0                                                                                            | design_1_wrapper_i/design_1_i/transformer_axi_0/U0/s00_axi_inst/slv_reg1[0]_i_1_n_0                                                     |                4 |              8 |         2.00 |
|  design_1_wrapper_i/design_1_i/processing_system7_0/inst/FCLK_CLK0 | design_1_wrapper_i/design_1_i/transformer_axi_0/U0/s00_axi_inst/xmat_regs[95][7]_i_1_n_0                                                                                             | design_1_wrapper_i/design_1_i/transformer_axi_0/U0/s00_axi_inst/slv_reg1[0]_i_1_n_0                                                     |                5 |              8 |         1.60 |
|  design_1_wrapper_i/design_1_i/processing_system7_0/inst/FCLK_CLK0 | design_1_wrapper_i/design_1_i/transformer_axi_0/U0/s00_axi_inst/xmat_regs[9][15]_i_1_n_0                                                                                             | design_1_wrapper_i/design_1_i/transformer_axi_0/U0/s00_axi_inst/slv_reg1[0]_i_1_n_0                                                     |                5 |              8 |         1.60 |
|  design_1_wrapper_i/design_1_i/processing_system7_0/inst/FCLK_CLK0 | design_1_wrapper_i/design_1_i/transformer_axi_0/U0/s00_axi_inst/xmat_regs[9][31]_i_1_n_0                                                                                             | design_1_wrapper_i/design_1_i/transformer_axi_0/U0/s00_axi_inst/slv_reg1[0]_i_1_n_0                                                     |                7 |              8 |         1.14 |
|  design_1_wrapper_i/design_1_i/processing_system7_0/inst/FCLK_CLK0 | design_1_wrapper_i/design_1_i/transformer_axi_0/U0/s00_axi_inst/xmat_regs[96][23]_i_1_n_0                                                                                            | design_1_wrapper_i/design_1_i/transformer_axi_0/U0/s00_axi_inst/slv_reg1[0]_i_1_n_0                                                     |                2 |              8 |         4.00 |
|  design_1_wrapper_i/design_1_i/processing_system7_0/inst/FCLK_CLK0 | design_1_wrapper_i/design_1_i/transformer_axi_0/U0/s00_axi_inst/xmat_regs[97][15]_i_1_n_0                                                                                            | design_1_wrapper_i/design_1_i/transformer_axi_0/U0/s00_axi_inst/slv_reg1[0]_i_1_n_0                                                     |                5 |              8 |         1.60 |
|  design_1_wrapper_i/design_1_i/processing_system7_0/inst/FCLK_CLK0 | design_1_wrapper_i/design_1_i/transformer_axi_0/U0/s00_axi_inst/xmat_regs[95][31]_i_1_n_0                                                                                            | design_1_wrapper_i/design_1_i/transformer_axi_0/U0/s00_axi_inst/slv_reg1[0]_i_1_n_0                                                     |                1 |              8 |         8.00 |
|  design_1_wrapper_i/design_1_i/processing_system7_0/inst/FCLK_CLK0 | design_1_wrapper_i/design_1_i/transformer_axi_0/U0/s00_axi_inst/xmat_regs[96][15]_i_1_n_0                                                                                            | design_1_wrapper_i/design_1_i/transformer_axi_0/U0/s00_axi_inst/slv_reg1[0]_i_1_n_0                                                     |                7 |              8 |         1.14 |
|  design_1_wrapper_i/design_1_i/processing_system7_0/inst/FCLK_CLK0 | design_1_wrapper_i/design_1_i/transformer_axi_0/U0/s00_axi_inst/xmat_regs[97][23]_i_1_n_0                                                                                            | design_1_wrapper_i/design_1_i/transformer_axi_0/U0/s00_axi_inst/slv_reg1[0]_i_1_n_0                                                     |                3 |              8 |         2.67 |
|  design_1_wrapper_i/design_1_i/processing_system7_0/inst/FCLK_CLK0 | design_1_wrapper_i/design_1_i/transformer_axi_0/U0/s00_axi_inst/xmat_regs[98][15]_i_1_n_0                                                                                            | design_1_wrapper_i/design_1_i/transformer_axi_0/U0/s00_axi_inst/slv_reg1[0]_i_1_n_0                                                     |                6 |              8 |         1.33 |
|  design_1_wrapper_i/design_1_i/processing_system7_0/inst/FCLK_CLK0 | design_1_wrapper_i/design_1_i/transformer_axi_0/U0/s00_axi_inst/xmat_regs[98][7]_i_1_n_0                                                                                             | design_1_wrapper_i/design_1_i/transformer_axi_0/U0/s00_axi_inst/slv_reg1[0]_i_1_n_0                                                     |                6 |              8 |         1.33 |
|  design_1_wrapper_i/design_1_i/processing_system7_0/inst/FCLK_CLK0 | design_1_wrapper_i/design_1_i/transformer_axi_0/U0/s00_axi_inst/xmat_regs[9][23]_i_1_n_0                                                                                             | design_1_wrapper_i/design_1_i/transformer_axi_0/U0/s00_axi_inst/slv_reg1[0]_i_1_n_0                                                     |                3 |              8 |         2.67 |
|  design_1_wrapper_i/design_1_i/processing_system7_0/inst/FCLK_CLK0 | design_1_wrapper_i/design_1_i/transformer_axi_0/U0/s00_axi_inst/xmat_regs[96][31]_i_1_n_0                                                                                            | design_1_wrapper_i/design_1_i/transformer_axi_0/U0/s00_axi_inst/slv_reg1[0]_i_1_n_0                                                     |                3 |              8 |         2.67 |
|  design_1_wrapper_i/design_1_i/processing_system7_0/inst/FCLK_CLK0 | design_1_wrapper_i/design_1_i/transformer_axi_0/U0/s00_axi_inst/xmat_regs[94][23]_i_1_n_0                                                                                            | design_1_wrapper_i/design_1_i/transformer_axi_0/U0/s00_axi_inst/slv_reg1[0]_i_1_n_0                                                     |                5 |              8 |         1.60 |
|  design_1_wrapper_i/design_1_i/processing_system7_0/inst/FCLK_CLK0 | design_1_wrapper_i/design_1_i/transformer_axi_0/U0/s00_axi_inst/xmat_regs[93][7]_i_1_n_0                                                                                             | design_1_wrapper_i/design_1_i/transformer_axi_0/U0/s00_axi_inst/slv_reg1[0]_i_1_n_0                                                     |                5 |              8 |         1.60 |
|  design_1_wrapper_i/design_1_i/processing_system7_0/inst/FCLK_CLK0 | design_1_wrapper_i/design_1_i/transformer_axi_0/U0/s00_axi_inst/xmat_regs[98][31]_i_1_n_0                                                                                            | design_1_wrapper_i/design_1_i/transformer_axi_0/U0/s00_axi_inst/slv_reg1[0]_i_1_n_0                                                     |                2 |              8 |         4.00 |
|  design_1_wrapper_i/design_1_i/processing_system7_0/inst/FCLK_CLK0 | design_1_wrapper_i/design_1_i/transformer_axi_0/U0/s00_axi_inst/xmat_regs[99][15]_i_1_n_0                                                                                            | design_1_wrapper_i/design_1_i/transformer_axi_0/U0/s00_axi_inst/slv_reg1[0]_i_1_n_0                                                     |                7 |              8 |         1.14 |
|  design_1_wrapper_i/design_1_i/processing_system7_0/inst/FCLK_CLK0 | design_1_wrapper_i/design_1_i/transformer_axi_0/U0/s00_axi_inst/xmat_regs[96][7]_i_1_n_0                                                                                             | design_1_wrapper_i/design_1_i/transformer_axi_0/U0/s00_axi_inst/slv_reg1[0]_i_1_n_0                                                     |                4 |              8 |         2.00 |
|  design_1_wrapper_i/design_1_i/processing_system7_0/inst/FCLK_CLK0 | design_1_wrapper_i/design_1_i/transformer_axi_0/U0/s00_axi_inst/xmat_regs[97][31]_i_1_n_0                                                                                            | design_1_wrapper_i/design_1_i/transformer_axi_0/U0/s00_axi_inst/slv_reg1[0]_i_1_n_0                                                     |                7 |              8 |         1.14 |
|  design_1_wrapper_i/design_1_i/processing_system7_0/inst/FCLK_CLK0 | design_1_wrapper_i/design_1_i/transformer_axi_0/U0/s00_axi_inst/xmat_regs[95][23]_i_1_n_0                                                                                            | design_1_wrapper_i/design_1_i/transformer_axi_0/U0/s00_axi_inst/slv_reg1[0]_i_1_n_0                                                     |                4 |              8 |         2.00 |
|  design_1_wrapper_i/design_1_i/processing_system7_0/inst/FCLK_CLK0 | design_1_wrapper_i/design_1_i/transformer_axi_0/U0/s00_axi_inst/xmat_regs[98][23]_i_1_n_0                                                                                            | design_1_wrapper_i/design_1_i/transformer_axi_0/U0/s00_axi_inst/slv_reg1[0]_i_1_n_0                                                     |                4 |              8 |         2.00 |
|  design_1_wrapper_i/design_1_i/processing_system7_0/inst/FCLK_CLK0 | design_1_wrapper_i/design_1_i/transformer_axi_0/U0/s00_axi_inst/xmat_regs[95][15]_i_1_n_0                                                                                            | design_1_wrapper_i/design_1_i/transformer_axi_0/U0/s00_axi_inst/slv_reg1[0]_i_1_n_0                                                     |                5 |              8 |         1.60 |
|  design_1_wrapper_i/design_1_i/processing_system7_0/inst/FCLK_CLK0 | design_1_wrapper_i/design_1_i/transformer_axi_0/U0/s00_axi_inst/xmat_regs[97][7]_i_1_n_0                                                                                             | design_1_wrapper_i/design_1_i/transformer_axi_0/U0/s00_axi_inst/slv_reg1[0]_i_1_n_0                                                     |                6 |              8 |         1.33 |
|  design_1_wrapper_i/design_1_i/processing_system7_0/inst/FCLK_CLK0 | design_1_wrapper_i/design_1_i/transformer_axi_0/U0/s00_axi_inst/xmat_regs[99][31]_i_1_n_0                                                                                            | design_1_wrapper_i/design_1_i/transformer_axi_0/U0/s00_axi_inst/slv_reg1[0]_i_1_n_0                                                     |                4 |              8 |         2.00 |
|  design_1_wrapper_i/design_1_i/processing_system7_0/inst/FCLK_CLK0 | design_1_wrapper_i/design_1_i/transformer_axi_0/U0/s00_axi_inst/xmat_regs[94][31]_i_1_n_0                                                                                            | design_1_wrapper_i/design_1_i/transformer_axi_0/U0/s00_axi_inst/slv_reg1[0]_i_1_n_0                                                     |                2 |              8 |         4.00 |
|  design_1_wrapper_i/design_1_i/processing_system7_0/inst/FCLK_CLK0 | design_1_wrapper_i/design_1_i/transformer_axi_0/U0/s00_axi_inst/attn_regs[100]_217[7]                                                                                                | design_1_wrapper_i/design_1_i/transformer_axi_0/U0/s00_axi_inst/slv_reg1[0]_i_1_n_0                                                     |                1 |              8 |         8.00 |
|  design_1_wrapper_i/design_1_i/processing_system7_0/inst/FCLK_CLK0 | design_1_wrapper_i/design_1_i/transformer_axi_0/U0/s00_axi_inst/attn_regs[100]_217[15]                                                                                               | design_1_wrapper_i/design_1_i/transformer_axi_0/U0/s00_axi_inst/slv_reg1[0]_i_1_n_0                                                     |                1 |              8 |         8.00 |
|  design_1_wrapper_i/design_1_i/processing_system7_0/inst/FCLK_CLK0 | design_1_wrapper_i/design_1_i/axi_smc/inst/s00_entry_pipeline/s00_si_converter/inst/gen_axilite_conv.axilite_conv_inst/b_cnt                                                         | design_1_wrapper_i/design_1_i/axi_smc/inst/s00_entry_pipeline/s00_si_converter/inst/gen_axilite_conv.axilite_conv_inst/b_cnt[8]_i_1_n_0 |                2 |              9 |         4.50 |
|  design_1_wrapper_i/design_1_i/processing_system7_0/inst/FCLK_CLK0 | design_1_wrapper_i/design_1_i/axi_smc/inst/s00_entry_pipeline/s00_si_converter/inst/gen_axilite_conv.axilite_conv_inst/w_cnt[8]_i_1_n_0                                              | design_1_wrapper_i/design_1_i/axi_smc/inst/s00_entry_pipeline/s00_si_converter/inst/areset                                              |                2 |              9 |         4.50 |
|  design_1_wrapper_i/design_1_i/processing_system7_0/inst/FCLK_CLK0 | design_1_wrapper_i/design_1_i/axi_smc/inst/s00_nodes/s00_ar_node/inst/inst_mi_handler/gen_normal_area.inst_fifo_node_payld/gen_reg_fifo.inst_reg_fifo/gen_single_rank.inst_cntr/E[0] |                                                                                                                                         |                2 |              9 |         4.50 |
|  design_1_wrapper_i/design_1_i/processing_system7_0/inst/FCLK_CLK0 | design_1_wrapper_i/design_1_i/axi_smc/inst/s00_nodes/s00_aw_node/inst/inst_mi_handler/gen_normal_area.inst_fifo_node_payld/gen_reg_fifo.inst_reg_fifo/gen_single_rank.inst_cntr/E[0] |                                                                                                                                         |                3 |              9 |         3.00 |
|  design_1_wrapper_i/design_1_i/processing_system7_0/inst/FCLK_CLK0 | attention_score_i/col_j[3]_i_1_n_0                                                                                                                                                   | design_1_wrapper_i/rst                                                                                                                  |                4 |              9 |         2.25 |
|  design_1_wrapper_i/design_1_i/processing_system7_0/inst/FCLK_CLK0 | design_1_wrapper_i/design_1_i/axi_smc/inst/s00_entry_pipeline/s00_si_converter/inst/gen_axilite_conv.axilite_conv_inst/ar_cnt[8]_i_1_n_0                                             | design_1_wrapper_i/design_1_i/axi_smc/inst/s00_entry_pipeline/s00_si_converter/inst/areset                                              |                3 |              9 |         3.00 |
|  design_1_wrapper_i/design_1_i/processing_system7_0/inst/FCLK_CLK0 | design_1_wrapper_i/design_1_i/axi_smc/inst/s00_entry_pipeline/s00_si_converter/inst/gen_axilite_conv.axilite_conv_inst/ar_addr_d[10]_i_1_n_0                                         | design_1_wrapper_i/design_1_i/axi_smc/inst/s00_entry_pipeline/s00_si_converter/inst/areset                                              |                2 |              9 |         4.50 |
|  design_1_wrapper_i/design_1_i/processing_system7_0/inst/FCLK_CLK0 | design_1_wrapper_i/design_1_i/axi_smc/inst/s00_entry_pipeline/s00_si_converter/inst/gen_axilite_conv.axilite_conv_inst/m_aruser                                                      | design_1_wrapper_i/design_1_i/axi_smc/inst/s00_entry_pipeline/s00_si_converter/inst/areset                                              |                2 |              9 |         4.50 |
|  design_1_wrapper_i/design_1_i/processing_system7_0/inst/FCLK_CLK0 | design_1_wrapper_i/design_1_i/axi_smc/inst/s00_entry_pipeline/s00_transaction_regulator/inst/gen_endpoint.gen_r_singleorder.r_singleorder/gen_id_reg.s_rid_i0                        |                                                                                                                                         |                2 |             12 |         6.00 |
|  design_1_wrapper_i/design_1_i/processing_system7_0/inst/FCLK_CLK0 | design_1_wrapper_i/design_1_i/axi_smc/inst/s00_entry_pipeline/s00_mmu/inst/gen_endpoint.decerr_slave_inst/gen_axi.gen_read.s_axi_rvalid_i                                            | design_1_wrapper_i/design_1_i/axi_smc/inst/s00_entry_pipeline/s00_mmu/inst/areset                                                       |                3 |             12 |         4.00 |
|  design_1_wrapper_i/design_1_i/processing_system7_0/inst/FCLK_CLK0 | design_1_wrapper_i/design_1_i/axi_smc/inst/s00_entry_pipeline/s00_mmu/inst/gen_endpoint.decerr_slave_inst/gen_axi.gen_write.s_axi_bid_i[11]_i_1_n_0                                  | design_1_wrapper_i/design_1_i/axi_smc/inst/s00_entry_pipeline/s00_mmu/inst/areset                                                       |                2 |             12 |         6.00 |
|  design_1_wrapper_i/design_1_i/processing_system7_0/inst/FCLK_CLK0 | design_1_wrapper_i/design_1_i/axi_smc/inst/s00_entry_pipeline/s00_transaction_regulator/inst/gen_endpoint.gen_w_singleorder.w_singleorder/gen_id_reg.s_rid_i0                        |                                                                                                                                         |                3 |             12 |         4.00 |
|  design_1_wrapper_i/design_1_i/processing_system7_0/inst/FCLK_CLK0 | design_1_wrapper_i/design_1_i/axi_smc/inst/s00_entry_pipeline/s00_si_converter/inst/gen_axilite_conv.axilite_conv_inst/aw_addr[10]_i_1_n_0                                           | design_1_wrapper_i/design_1_i/axi_smc/inst/s00_entry_pipeline/s00_si_converter/inst/areset                                              |                3 |             12 |         4.00 |
|  design_1_wrapper_i/design_1_i/processing_system7_0/inst/FCLK_CLK0 | qkv_projector_i/Q_reg[7,6]                                                                                                                                                           | qkv_projector_i/Q_reg[7,6][14]_i_1_n_0                                                                                                  |                6 |             15 |         2.50 |
|  design_1_wrapper_i/design_1_i/processing_system7_0/inst/FCLK_CLK0 | qkv_projector_i/Q_reg[7,6]                                                                                                                                                           | qkv_projector_i/K_reg[7,6][14]_i_1_n_0                                                                                                  |                7 |             15 |         2.14 |
|  design_1_wrapper_i/design_1_i/processing_system7_0/inst/FCLK_CLK0 | qkv_projector_i/Q_reg[8,5][14]_i_2_n_0                                                                                                                                               | qkv_projector_i/Q_reg[8,5][14]_i_1_n_0                                                                                                  |                5 |             15 |         3.00 |
|  design_1_wrapper_i/design_1_i/processing_system7_0/inst/FCLK_CLK0 | qkv_projector_i/Q_reg[8,5][14]_i_2_n_0                                                                                                                                               | qkv_projector_i/K_reg[8,5][14]_i_1_n_0                                                                                                  |                5 |             15 |         3.00 |
|  design_1_wrapper_i/design_1_i/processing_system7_0/inst/FCLK_CLK0 | qkv_projector_i/Q_reg[9,7]                                                                                                                                                           | qkv_projector_i/Q_reg[9,7][14]_i_1_n_0                                                                                                  |                3 |             15 |         5.00 |
|  design_1_wrapper_i/design_1_i/processing_system7_0/inst/FCLK_CLK0 | qkv_projector_i/Q_reg[9,7]                                                                                                                                                           | qkv_projector_i/K_reg[9,7][14]_i_1_n_0                                                                                                  |                8 |             15 |         1.88 |
|  design_1_wrapper_i/design_1_i/processing_system7_0/inst/FCLK_CLK0 | qkv_projector_i/Q_reg[8,4][14]_i_2_n_0                                                                                                                                               | qkv_projector_i/Q_reg[8,4][14]_i_1_n_0                                                                                                  |                6 |             15 |         2.50 |
|  design_1_wrapper_i/design_1_i/processing_system7_0/inst/FCLK_CLK0 | qkv_projector_i/Q_reg[8,4][14]_i_2_n_0                                                                                                                                               | qkv_projector_i/K_reg[8,4][14]_i_1_n_0                                                                                                  |                5 |             15 |         3.00 |
|  design_1_wrapper_i/design_1_i/processing_system7_0/inst/FCLK_CLK0 | qkv_projector_i/Q_reg[9,5]                                                                                                                                                           | qkv_projector_i/Q_reg[9,5][14]_i_1_n_0                                                                                                  |                7 |             15 |         2.14 |
|  design_1_wrapper_i/design_1_i/processing_system7_0/inst/FCLK_CLK0 | qkv_projector_i/Q_reg[9,5]                                                                                                                                                           | qkv_projector_i/K_reg[9,5][14]_i_1_n_0                                                                                                  |                4 |             15 |         3.75 |
|  design_1_wrapper_i/design_1_i/processing_system7_0/inst/FCLK_CLK0 | qkv_projector_i/Q_reg[8,6][14]_i_2_n_0                                                                                                                                               | qkv_projector_i/Q_reg[8,6][14]_i_1_n_0                                                                                                  |                5 |             15 |         3.00 |
|  design_1_wrapper_i/design_1_i/processing_system7_0/inst/FCLK_CLK0 | qkv_projector_i/Q_reg[8,6][14]_i_2_n_0                                                                                                                                               | qkv_projector_i/K_reg[8,6][14]_i_1_n_0                                                                                                  |                7 |             15 |         2.14 |
|  design_1_wrapper_i/design_1_i/processing_system7_0/inst/FCLK_CLK0 | qkv_projector_i/Q_reg[8,8][14]_i_2_n_0                                                                                                                                               | qkv_projector_i/Q_reg[8,8][14]_i_1_n_0                                                                                                  |                7 |             15 |         2.14 |
|  design_1_wrapper_i/design_1_i/processing_system7_0/inst/FCLK_CLK0 | qkv_projector_i/Q_reg[8,8][14]_i_2_n_0                                                                                                                                               | qkv_projector_i/K_reg[8,8][14]_i_1_n_0                                                                                                  |                4 |             15 |         3.75 |
|  design_1_wrapper_i/design_1_i/processing_system7_0/inst/FCLK_CLK0 | qkv_projector_i/Q_reg[9,3]                                                                                                                                                           | qkv_projector_i/Q_reg[9,3][14]_i_1_n_0                                                                                                  |                5 |             15 |         3.00 |
|  design_1_wrapper_i/design_1_i/processing_system7_0/inst/FCLK_CLK0 | qkv_projector_i/Q_reg[9,3]                                                                                                                                                           | qkv_projector_i/K_reg[9,3][14]_i_1_n_0                                                                                                  |                4 |             15 |         3.75 |
|  design_1_wrapper_i/design_1_i/processing_system7_0/inst/FCLK_CLK0 | qkv_projector_i/Q_reg[8,7][14]_i_2_n_0                                                                                                                                               | qkv_projector_i/Q_reg[8,7][14]_i_1_n_0                                                                                                  |                5 |             15 |         3.00 |
|  design_1_wrapper_i/design_1_i/processing_system7_0/inst/FCLK_CLK0 | qkv_projector_i/Q_reg[8,7][14]_i_2_n_0                                                                                                                                               | qkv_projector_i/K_reg[8,7][14]_i_1_n_0                                                                                                  |                9 |             15 |         1.67 |
|  design_1_wrapper_i/design_1_i/processing_system7_0/inst/FCLK_CLK0 | qkv_projector_i/Q_reg[9,6]                                                                                                                                                           | qkv_projector_i/Q_reg[9,6][14]_i_1_n_0                                                                                                  |                4 |             15 |         3.75 |
|  design_1_wrapper_i/design_1_i/processing_system7_0/inst/FCLK_CLK0 | qkv_projector_i/Q_reg[9,6]                                                                                                                                                           | qkv_projector_i/K_reg[9,6][14]_i_1_n_0                                                                                                  |                6 |             15 |         2.50 |
|  design_1_wrapper_i/design_1_i/processing_system7_0/inst/FCLK_CLK0 | qkv_projector_i/Q_reg[9,0]                                                                                                                                                           | qkv_projector_i/Q_reg[9,0][14]_i_1_n_0                                                                                                  |                9 |             15 |         1.67 |
|  design_1_wrapper_i/design_1_i/processing_system7_0/inst/FCLK_CLK0 | qkv_projector_i/Q_reg[9,0]                                                                                                                                                           | qkv_projector_i/K_reg[9,0][14]_i_1_n_0                                                                                                  |                7 |             15 |         2.14 |
|  design_1_wrapper_i/design_1_i/processing_system7_0/inst/FCLK_CLK0 | qkv_projector_i/Q_reg[9,1]                                                                                                                                                           | qkv_projector_i/Q_reg[9,1][14]_i_1_n_0                                                                                                  |                8 |             15 |         1.88 |
|  design_1_wrapper_i/design_1_i/processing_system7_0/inst/FCLK_CLK0 | qkv_projector_i/Q_reg[9,1]                                                                                                                                                           | qkv_projector_i/K_reg[9,1][14]_i_1_n_0                                                                                                  |                5 |             15 |         3.00 |
|  design_1_wrapper_i/design_1_i/processing_system7_0/inst/FCLK_CLK0 | qkv_projector_i/Q_reg[9,8]                                                                                                                                                           | qkv_projector_i/Q_reg[9,8][14]_i_1_n_0                                                                                                  |                5 |             15 |         3.00 |
|  design_1_wrapper_i/design_1_i/processing_system7_0/inst/FCLK_CLK0 | qkv_projector_i/Q_reg[9,8]                                                                                                                                                           | qkv_projector_i/K_reg[9,8][14]_i_1_n_0                                                                                                  |                7 |             15 |         2.14 |
|  design_1_wrapper_i/design_1_i/processing_system7_0/inst/FCLK_CLK0 | qkv_projector_i/Q_reg[9,2]                                                                                                                                                           | qkv_projector_i/Q_reg[9,2][14]_i_1_n_0                                                                                                  |                4 |             15 |         3.75 |
|  design_1_wrapper_i/design_1_i/processing_system7_0/inst/FCLK_CLK0 | qkv_projector_i/Q_reg[9,2]                                                                                                                                                           | qkv_projector_i/K_reg[9,2][14]_i_1_n_0                                                                                                  |                8 |             15 |         1.88 |
|  design_1_wrapper_i/design_1_i/processing_system7_0/inst/FCLK_CLK0 | qkv_projector_i/Q_reg[9,4]                                                                                                                                                           | qkv_projector_i/Q_reg[9,4][14]_i_1_n_0                                                                                                  |                4 |             15 |         3.75 |
|  design_1_wrapper_i/design_1_i/processing_system7_0/inst/FCLK_CLK0 | qkv_projector_i/Q_reg[9,4]                                                                                                                                                           | qkv_projector_i/K_reg[9,4][14]_i_1_n_0                                                                                                  |                5 |             15 |         3.00 |
|  design_1_wrapper_i/design_1_i/processing_system7_0/inst/FCLK_CLK0 | qkv_projector_i/Q_reg[6,1]                                                                                                                                                           | qkv_projector_i/Q_reg[6,1][14]_i_1_n_0                                                                                                  |                5 |             15 |         3.00 |
|  design_1_wrapper_i/design_1_i/processing_system7_0/inst/FCLK_CLK0 | qkv_projector_i/Q_reg[6,1]                                                                                                                                                           | qkv_projector_i/K_reg[6,1][14]_i_1_n_0                                                                                                  |                6 |             15 |         2.50 |
|  design_1_wrapper_i/design_1_i/processing_system7_0/inst/FCLK_CLK0 | qkv_projector_i/Q_reg[6,3]                                                                                                                                                           | qkv_projector_i/Q_reg[6,3][14]_i_1_n_0                                                                                                  |                5 |             15 |         3.00 |
|  design_1_wrapper_i/design_1_i/processing_system7_0/inst/FCLK_CLK0 | qkv_projector_i/Q_reg[6,3]                                                                                                                                                           | qkv_projector_i/K_reg[6,3][14]_i_1_n_0                                                                                                  |                5 |             15 |         3.00 |
|  design_1_wrapper_i/design_1_i/processing_system7_0/inst/FCLK_CLK0 | qkv_projector_i/Q_reg[6,4]                                                                                                                                                           | qkv_projector_i/Q_reg[6,4][14]_i_1_n_0                                                                                                  |                5 |             15 |         3.00 |
|  design_1_wrapper_i/design_1_i/processing_system7_0/inst/FCLK_CLK0 | qkv_projector_i/Q_reg[6,4]                                                                                                                                                           | qkv_projector_i/K_reg[6,4][14]_i_1_n_0                                                                                                  |                4 |             15 |         3.75 |
|  design_1_wrapper_i/design_1_i/processing_system7_0/inst/FCLK_CLK0 | qkv_projector_i/Q_reg[5,6]                                                                                                                                                           | qkv_projector_i/Q_reg[5,6][14]_i_1_n_0                                                                                                  |                7 |             15 |         2.14 |
|  design_1_wrapper_i/design_1_i/processing_system7_0/inst/FCLK_CLK0 | qkv_projector_i/Q_reg[5,6]                                                                                                                                                           | qkv_projector_i/K_reg[5,6][14]_i_1_n_0                                                                                                  |                5 |             15 |         3.00 |
|  design_1_wrapper_i/design_1_i/processing_system7_0/inst/FCLK_CLK0 | qkv_projector_i/Q_reg[5,1]                                                                                                                                                           | qkv_projector_i/Q_reg[5,1][14]_i_1_n_0                                                                                                  |                6 |             15 |         2.50 |
|  design_1_wrapper_i/design_1_i/processing_system7_0/inst/FCLK_CLK0 | qkv_projector_i/Q_reg[5,1]                                                                                                                                                           | qkv_projector_i/K_reg[5,1][14]_i_1_n_0                                                                                                  |                4 |             15 |         3.75 |
|  design_1_wrapper_i/design_1_i/processing_system7_0/inst/FCLK_CLK0 | qkv_projector_i/Q_reg[5,7]                                                                                                                                                           | qkv_projector_i/Q_reg[5,7][14]_i_1_n_0                                                                                                  |                5 |             15 |         3.00 |
|  design_1_wrapper_i/design_1_i/processing_system7_0/inst/FCLK_CLK0 | qkv_projector_i/Q_reg[5,7]                                                                                                                                                           | qkv_projector_i/K_reg[5,7][14]_i_1_n_0                                                                                                  |                4 |             15 |         3.75 |
|  design_1_wrapper_i/design_1_i/processing_system7_0/inst/FCLK_CLK0 | qkv_projector_i/Q_reg[5,8]                                                                                                                                                           | qkv_projector_i/Q_reg[5,8][14]_i_1_n_0                                                                                                  |                7 |             15 |         2.14 |
|  design_1_wrapper_i/design_1_i/processing_system7_0/inst/FCLK_CLK0 | qkv_projector_i/Q_reg[5,8]                                                                                                                                                           | qkv_projector_i/K_reg[5,8][14]_i_1_n_0                                                                                                  |                3 |             15 |         5.00 |
|  design_1_wrapper_i/design_1_i/processing_system7_0/inst/FCLK_CLK0 | qkv_projector_i/Q_reg[6,0]                                                                                                                                                           | qkv_projector_i/Q_reg[6,0][14]_i_1_n_0                                                                                                  |                5 |             15 |         3.00 |
|  design_1_wrapper_i/design_1_i/processing_system7_0/inst/FCLK_CLK0 | qkv_projector_i/Q_reg[6,0]                                                                                                                                                           | qkv_projector_i/K_reg[6,0][14]_i_1_n_0                                                                                                  |                5 |             15 |         3.00 |
|  design_1_wrapper_i/design_1_i/processing_system7_0/inst/FCLK_CLK0 | qkv_projector_i/Q_reg[5,4]                                                                                                                                                           | qkv_projector_i/Q_reg[5,4][14]_i_1_n_0                                                                                                  |                4 |             15 |         3.75 |
|  design_1_wrapper_i/design_1_i/processing_system7_0/inst/FCLK_CLK0 | qkv_projector_i/Q_reg[5,4]                                                                                                                                                           | qkv_projector_i/K_reg[5,4][14]_i_1_n_0                                                                                                  |                8 |             15 |         1.88 |
|  design_1_wrapper_i/design_1_i/processing_system7_0/inst/FCLK_CLK0 | qkv_projector_i/Q_reg[6,2]                                                                                                                                                           | qkv_projector_i/Q_reg[6,2][14]_i_1_n_0                                                                                                  |                6 |             15 |         2.50 |
|  design_1_wrapper_i/design_1_i/processing_system7_0/inst/FCLK_CLK0 | qkv_projector_i/Q_reg[6,2]                                                                                                                                                           | qkv_projector_i/K_reg[6,2][14]_i_1_n_0                                                                                                  |                3 |             15 |         5.00 |
|  design_1_wrapper_i/design_1_i/processing_system7_0/inst/FCLK_CLK0 | qkv_projector_i/Q_reg[5,3]                                                                                                                                                           | qkv_projector_i/Q_reg[5,3][14]_i_1_n_0                                                                                                  |                4 |             15 |         3.75 |
|  design_1_wrapper_i/design_1_i/processing_system7_0/inst/FCLK_CLK0 | qkv_projector_i/Q_reg[5,3]                                                                                                                                                           | qkv_projector_i/K_reg[5,3][14]_i_1_n_0                                                                                                  |                5 |             15 |         3.00 |
|  design_1_wrapper_i/design_1_i/processing_system7_0/inst/FCLK_CLK0 | qkv_projector_i/Q_reg[5,2]                                                                                                                                                           | qkv_projector_i/Q_reg[5,2][14]_i_1_n_0                                                                                                  |                3 |             15 |         5.00 |
|  design_1_wrapper_i/design_1_i/processing_system7_0/inst/FCLK_CLK0 | qkv_projector_i/Q_reg[6,5]                                                                                                                                                           | qkv_projector_i/Q_reg[6,5][14]_i_1_n_0                                                                                                  |                6 |             15 |         2.50 |
|  design_1_wrapper_i/design_1_i/processing_system7_0/inst/FCLK_CLK0 | qkv_projector_i/Q_reg[6,5]                                                                                                                                                           | qkv_projector_i/K_reg[6,5][14]_i_1_n_0                                                                                                  |                5 |             15 |         3.00 |
|  design_1_wrapper_i/design_1_i/processing_system7_0/inst/FCLK_CLK0 | qkv_projector_i/Q_reg[5,5]                                                                                                                                                           | qkv_projector_i/Q_reg[5,5][14]_i_1_n_0                                                                                                  |                4 |             15 |         3.75 |
|  design_1_wrapper_i/design_1_i/processing_system7_0/inst/FCLK_CLK0 | qkv_projector_i/Q_reg[5,5]                                                                                                                                                           | qkv_projector_i/K_reg[5,5][14]_i_1_n_0                                                                                                  |                6 |             15 |         2.50 |
|  design_1_wrapper_i/design_1_i/processing_system7_0/inst/FCLK_CLK0 | qkv_projector_i/Q_reg[6,6]                                                                                                                                                           | qkv_projector_i/Q_reg[6,6][14]_i_1_n_0                                                                                                  |                9 |             15 |         1.67 |
|  design_1_wrapper_i/design_1_i/processing_system7_0/inst/FCLK_CLK0 | qkv_projector_i/Q_reg[6,6]                                                                                                                                                           | qkv_projector_i/K_reg[6,6][14]_i_1_n_0                                                                                                  |                3 |             15 |         5.00 |
|  design_1_wrapper_i/design_1_i/processing_system7_0/inst/FCLK_CLK0 | qkv_projector_i/Q_reg[0,0]                                                                                                                                                           | qkv_projector_i/K_reg[0,0][14]_i_1_n_0                                                                                                  |                4 |             15 |         3.75 |
|  design_1_wrapper_i/design_1_i/processing_system7_0/inst/FCLK_CLK0 | qkv_projector_i/Q_reg[0,0]                                                                                                                                                           | qkv_projector_i/Q_reg[0,0][14]_i_1_n_0                                                                                                  |                6 |             15 |         2.50 |
|  design_1_wrapper_i/design_1_i/processing_system7_0/inst/FCLK_CLK0 | qkv_projector_i/Q_reg[0,1]                                                                                                                                                           | qkv_projector_i/K_reg[0,1][14]_i_1_n_0                                                                                                  |                3 |             15 |         5.00 |
|  design_1_wrapper_i/design_1_i/processing_system7_0/inst/FCLK_CLK0 | qkv_projector_i/Q_reg[0,1]                                                                                                                                                           | qkv_projector_i/Q_reg[0,1][14]_i_1_n_0                                                                                                  |                7 |             15 |         2.14 |
|  design_1_wrapper_i/design_1_i/processing_system7_0/inst/FCLK_CLK0 | qkv_projector_i/Q_reg[5,2]                                                                                                                                                           | qkv_projector_i/K_reg[5,2][14]_i_1_n_0                                                                                                  |                4 |             15 |         3.75 |
|  design_1_wrapper_i/design_1_i/processing_system7_0/inst/FCLK_CLK0 | qkv_projector_i/Q_reg[1,4]                                                                                                                                                           | qkv_projector_i/Q_reg[1,4][14]_i_1_n_0                                                                                                  |                4 |             15 |         3.75 |
|  design_1_wrapper_i/design_1_i/processing_system7_0/inst/FCLK_CLK0 | qkv_projector_i/Q_reg[0,2]                                                                                                                                                           | qkv_projector_i/K_reg[0,2][14]_i_1_n_0                                                                                                  |                2 |             15 |         7.50 |
|  design_1_wrapper_i/design_1_i/processing_system7_0/inst/FCLK_CLK0 | qkv_projector_i/Q_reg[0,2]                                                                                                                                                           | qkv_projector_i/Q_reg[0,2][14]_i_1_n_0                                                                                                  |                4 |             15 |         3.75 |
|  design_1_wrapper_i/design_1_i/processing_system7_0/inst/FCLK_CLK0 | qkv_projector_i/Q_reg[1,2]                                                                                                                                                           | qkv_projector_i/K_reg[1,2][14]_i_1_n_0                                                                                                  |                3 |             15 |         5.00 |
|  design_1_wrapper_i/design_1_i/processing_system7_0/inst/FCLK_CLK0 | qkv_projector_i/Q_reg[1,2]                                                                                                                                                           | qkv_projector_i/Q_reg[1,2][14]_i_1_n_0                                                                                                  |                5 |             15 |         3.00 |
|  design_1_wrapper_i/design_1_i/processing_system7_0/inst/FCLK_CLK0 | qkv_projector_i/Q_reg[0,3]                                                                                                                                                           | qkv_projector_i/K_reg[0,3][14]_i_1_n_0                                                                                                  |                2 |             15 |         7.50 |
|  design_1_wrapper_i/design_1_i/processing_system7_0/inst/FCLK_CLK0 | qkv_projector_i/Q_reg[0,3]                                                                                                                                                           | qkv_projector_i/Q_reg[0,3][14]_i_1_n_0                                                                                                  |                4 |             15 |         3.75 |
|  design_1_wrapper_i/design_1_i/processing_system7_0/inst/FCLK_CLK0 | qkv_projector_i/Q_reg[1,3]                                                                                                                                                           | qkv_projector_i/K_reg[1,3][14]_i_1_n_0                                                                                                  |                6 |             15 |         2.50 |
|  design_1_wrapper_i/design_1_i/processing_system7_0/inst/FCLK_CLK0 | qkv_projector_i/Q_reg[1,3]                                                                                                                                                           | qkv_projector_i/Q_reg[1,3][14]_i_1_n_0                                                                                                  |                5 |             15 |         3.00 |
|  design_1_wrapper_i/design_1_i/processing_system7_0/inst/FCLK_CLK0 | qkv_projector_i/Q_reg[1,6]                                                                                                                                                           | qkv_projector_i/K_reg[1,6][14]_i_1_n_0                                                                                                  |                3 |             15 |         5.00 |
|  design_1_wrapper_i/design_1_i/processing_system7_0/inst/FCLK_CLK0 | qkv_projector_i/Q_reg[1,6]                                                                                                                                                           | qkv_projector_i/Q_reg[1,6][14]_i_1_n_0                                                                                                  |                4 |             15 |         3.75 |
|  design_1_wrapper_i/design_1_i/processing_system7_0/inst/FCLK_CLK0 | qkv_projector_i/Q_reg[1,0]                                                                                                                                                           | qkv_projector_i/K_reg[1,0][14]_i_1_n_0                                                                                                  |                7 |             15 |         2.14 |
|  design_1_wrapper_i/design_1_i/processing_system7_0/inst/FCLK_CLK0 | qkv_projector_i/Q_reg[1,0]                                                                                                                                                           | qkv_projector_i/Q_reg[1,0][14]_i_1_n_0                                                                                                  |                5 |             15 |         3.00 |
|  design_1_wrapper_i/design_1_i/processing_system7_0/inst/FCLK_CLK0 | qkv_projector_i/Q_reg[0,8]                                                                                                                                                           | qkv_projector_i/K_reg[0,8][14]_i_1_n_0                                                                                                  |                6 |             15 |         2.50 |
|  design_1_wrapper_i/design_1_i/processing_system7_0/inst/FCLK_CLK0 | qkv_projector_i/Q_reg[0,8]                                                                                                                                                           | qkv_projector_i/Q_reg[0,8][14]_i_1_n_0                                                                                                  |                6 |             15 |         2.50 |
|  design_1_wrapper_i/design_1_i/processing_system7_0/inst/FCLK_CLK0 | qkv_projector_i/Q_reg[1,7]                                                                                                                                                           | qkv_projector_i/K_reg[1,7][14]_i_1_n_0                                                                                                  |                3 |             15 |         5.00 |
|  design_1_wrapper_i/design_1_i/processing_system7_0/inst/FCLK_CLK0 | qkv_projector_i/Q_reg[1,7]                                                                                                                                                           | qkv_projector_i/Q_reg[1,7][14]_i_1_n_0                                                                                                  |                4 |             15 |         3.75 |
|  design_1_wrapper_i/design_1_i/processing_system7_0/inst/FCLK_CLK0 | qkv_projector_i/Q_reg[0,7]                                                                                                                                                           | qkv_projector_i/K_reg[0,7][14]_i_1_n_0                                                                                                  |                7 |             15 |         2.14 |
|  design_1_wrapper_i/design_1_i/processing_system7_0/inst/FCLK_CLK0 | qkv_projector_i/Q_reg[0,7]                                                                                                                                                           | qkv_projector_i/Q_reg[0,7][14]_i_1_n_0                                                                                                  |                2 |             15 |         7.50 |
|  design_1_wrapper_i/design_1_i/processing_system7_0/inst/FCLK_CLK0 | qkv_projector_i/Q_reg[0,4]                                                                                                                                                           | qkv_projector_i/K_reg[0,4][14]_i_1_n_0                                                                                                  |                3 |             15 |         5.00 |
|  design_1_wrapper_i/design_1_i/processing_system7_0/inst/FCLK_CLK0 | qkv_projector_i/Q_reg[0,4]                                                                                                                                                           | qkv_projector_i/Q_reg[0,4][14]_i_1_n_0                                                                                                  |                4 |             15 |         3.75 |
|  design_1_wrapper_i/design_1_i/processing_system7_0/inst/FCLK_CLK0 | qkv_projector_i/Q_reg[0,5]                                                                                                                                                           | qkv_projector_i/K_reg[0,5][14]_i_1_n_0                                                                                                  |                3 |             15 |         5.00 |
|  design_1_wrapper_i/design_1_i/processing_system7_0/inst/FCLK_CLK0 | qkv_projector_i/Q_reg[0,5]                                                                                                                                                           | qkv_projector_i/Q_reg[0,5][14]_i_1_n_0                                                                                                  |                5 |             15 |         3.00 |
|  design_1_wrapper_i/design_1_i/processing_system7_0/inst/FCLK_CLK0 | qkv_projector_i/Q_reg[0,6]                                                                                                                                                           | qkv_projector_i/K_reg[0,6][14]_i_1_n_0                                                                                                  |                5 |             15 |         3.00 |
|  design_1_wrapper_i/design_1_i/processing_system7_0/inst/FCLK_CLK0 | qkv_projector_i/Q_reg[0,6]                                                                                                                                                           | qkv_projector_i/Q_reg[0,6][14]_i_1_n_0                                                                                                  |                5 |             15 |         3.00 |
|  design_1_wrapper_i/design_1_i/processing_system7_0/inst/FCLK_CLK0 | qkv_projector_i/Q_reg[1,1]                                                                                                                                                           | qkv_projector_i/K_reg[1,1][14]_i_1_n_0                                                                                                  |                4 |             15 |         3.75 |
|  design_1_wrapper_i/design_1_i/processing_system7_0/inst/FCLK_CLK0 | qkv_projector_i/Q_reg[1,1]                                                                                                                                                           | qkv_projector_i/Q_reg[1,1][14]_i_1_n_0                                                                                                  |                4 |             15 |         3.75 |
|  design_1_wrapper_i/design_1_i/processing_system7_0/inst/FCLK_CLK0 | qkv_projector_i/Q_reg[1,5]                                                                                                                                                           | qkv_projector_i/K_reg[1,5][14]_i_1_n_0                                                                                                  |                5 |             15 |         3.00 |
|  design_1_wrapper_i/design_1_i/processing_system7_0/inst/FCLK_CLK0 | qkv_projector_i/Q_reg[1,5]                                                                                                                                                           | qkv_projector_i/Q_reg[1,5][14]_i_1_n_0                                                                                                  |                5 |             15 |         3.00 |
|  design_1_wrapper_i/design_1_i/processing_system7_0/inst/FCLK_CLK0 | qkv_projector_i/Q_reg[10,7][14]_i_2_n_0                                                                                                                                              | qkv_projector_i/K_reg[10,7][14]_i_1_n_0                                                                                                 |                4 |             15 |         3.75 |
|  design_1_wrapper_i/design_1_i/processing_system7_0/inst/FCLK_CLK0 | qkv_projector_i/Q_reg[10,7][14]_i_2_n_0                                                                                                                                              | qkv_projector_i/Q_reg[10,7][14]_i_1_n_0                                                                                                 |                2 |             15 |         7.50 |
|  design_1_wrapper_i/design_1_i/processing_system7_0/inst/FCLK_CLK0 | qkv_projector_i/Q_reg[10,0]                                                                                                                                                          | qkv_projector_i/K_reg[10,0][14]_i_1_n_0                                                                                                 |                5 |             15 |         3.00 |
|  design_1_wrapper_i/design_1_i/processing_system7_0/inst/FCLK_CLK0 | qkv_projector_i/Q_reg[10,0]                                                                                                                                                          | qkv_projector_i/Q_reg[10,0][14]_i_1_n_0                                                                                                 |                5 |             15 |         3.00 |
|  design_1_wrapper_i/design_1_i/processing_system7_0/inst/FCLK_CLK0 | qkv_projector_i/Q_reg[10,3][14]_i_2_n_0                                                                                                                                              | qkv_projector_i/K_reg[10,3][14]_i_1_n_0                                                                                                 |                5 |             15 |         3.00 |
|  design_1_wrapper_i/design_1_i/processing_system7_0/inst/FCLK_CLK0 | qkv_projector_i/Q_reg[10,3][14]_i_2_n_0                                                                                                                                              | qkv_projector_i/Q_reg[10,3][14]_i_1_n_0                                                                                                 |                5 |             15 |         3.00 |
|  design_1_wrapper_i/design_1_i/processing_system7_0/inst/FCLK_CLK0 | qkv_projector_i/Q_reg[10,5][14]_i_2_n_0                                                                                                                                              | qkv_projector_i/K_reg[10,5][14]_i_1_n_0                                                                                                 |                3 |             15 |         5.00 |
|  design_1_wrapper_i/design_1_i/processing_system7_0/inst/FCLK_CLK0 | qkv_projector_i/Q_reg[10,5][14]_i_2_n_0                                                                                                                                              | qkv_projector_i/Q_reg[10,5][14]_i_1_n_0                                                                                                 |                4 |             15 |         3.75 |
|  design_1_wrapper_i/design_1_i/processing_system7_0/inst/FCLK_CLK0 | qkv_projector_i/Q_reg[11,0]                                                                                                                                                          | qkv_projector_i/K_reg[11,0][14]_i_1_n_0                                                                                                 |                3 |             15 |         5.00 |
|  design_1_wrapper_i/design_1_i/processing_system7_0/inst/FCLK_CLK0 | qkv_projector_i/Q_reg[11,0]                                                                                                                                                          | qkv_projector_i/Q_reg[11,0][14]_i_1_n_0                                                                                                 |                5 |             15 |         3.00 |
|  design_1_wrapper_i/design_1_i/processing_system7_0/inst/FCLK_CLK0 | qkv_projector_i/Q_reg[11,1]                                                                                                                                                          | qkv_projector_i/K_reg[11,1][14]_i_1_n_0                                                                                                 |                2 |             15 |         7.50 |
|  design_1_wrapper_i/design_1_i/processing_system7_0/inst/FCLK_CLK0 | qkv_projector_i/Q_reg[11,1]                                                                                                                                                          | qkv_projector_i/Q_reg[11,1][14]_i_1_n_0                                                                                                 |                7 |             15 |         2.14 |
|  design_1_wrapper_i/design_1_i/processing_system7_0/inst/FCLK_CLK0 | qkv_projector_i/Q_reg[11,2]                                                                                                                                                          | qkv_projector_i/K_reg[11,2][14]_i_1_n_0                                                                                                 |                3 |             15 |         5.00 |
|  design_1_wrapper_i/design_1_i/processing_system7_0/inst/FCLK_CLK0 | qkv_projector_i/Q_reg[11,2]                                                                                                                                                          | qkv_projector_i/Q_reg[11,2][14]_i_1_n_0                                                                                                 |                5 |             15 |         3.00 |
|  design_1_wrapper_i/design_1_i/processing_system7_0/inst/FCLK_CLK0 | qkv_projector_i/Q_reg[10,6][14]_i_2_n_0                                                                                                                                              | qkv_projector_i/K_reg[10,6][14]_i_1_n_0                                                                                                 |                6 |             15 |         2.50 |
|  design_1_wrapper_i/design_1_i/processing_system7_0/inst/FCLK_CLK0 | qkv_projector_i/Q_reg[10,6][14]_i_2_n_0                                                                                                                                              | qkv_projector_i/Q_reg[10,6][14]_i_1_n_0                                                                                                 |                3 |             15 |         5.00 |
|  design_1_wrapper_i/design_1_i/processing_system7_0/inst/FCLK_CLK0 | qkv_projector_i/Q_reg[10,8][14]_i_2_n_0                                                                                                                                              | qkv_projector_i/K_reg[10,8][14]_i_1_n_0                                                                                                 |                4 |             15 |         3.75 |
|  design_1_wrapper_i/design_1_i/processing_system7_0/inst/FCLK_CLK0 | qkv_projector_i/Q_reg[10,8][14]_i_2_n_0                                                                                                                                              | qkv_projector_i/Q_reg[10,8][14]_i_1_n_0                                                                                                 |                5 |             15 |         3.00 |
|  design_1_wrapper_i/design_1_i/processing_system7_0/inst/FCLK_CLK0 | qkv_projector_i/Q_reg[11,3]                                                                                                                                                          | qkv_projector_i/K_reg[11,3][14]_i_1_n_0                                                                                                 |                3 |             15 |         5.00 |
|  design_1_wrapper_i/design_1_i/processing_system7_0/inst/FCLK_CLK0 | qkv_projector_i/Q_reg[11,3]                                                                                                                                                          | qkv_projector_i/Q_reg[11,3][14]_i_1_n_0                                                                                                 |                4 |             15 |         3.75 |
|  design_1_wrapper_i/design_1_i/processing_system7_0/inst/FCLK_CLK0 | qkv_projector_i/Q_reg[11,4]                                                                                                                                                          | qkv_projector_i/K_reg[11,4][14]_i_1_n_0                                                                                                 |                7 |             15 |         2.14 |
|  design_1_wrapper_i/design_1_i/processing_system7_0/inst/FCLK_CLK0 | qkv_projector_i/Q_reg[11,4]                                                                                                                                                          | qkv_projector_i/Q_reg[11,4][14]_i_1_n_0                                                                                                 |                5 |             15 |         3.00 |
|  design_1_wrapper_i/design_1_i/processing_system7_0/inst/FCLK_CLK0 | qkv_projector_i/Q_reg[1,8]                                                                                                                                                           | qkv_projector_i/K_reg[1,8][14]_i_1_n_0                                                                                                  |                4 |             15 |         3.75 |
|  design_1_wrapper_i/design_1_i/processing_system7_0/inst/FCLK_CLK0 | qkv_projector_i/Q_reg[1,8]                                                                                                                                                           | qkv_projector_i/Q_reg[1,8][14]_i_1_n_0                                                                                                  |                4 |             15 |         3.75 |
|  design_1_wrapper_i/design_1_i/processing_system7_0/inst/FCLK_CLK0 | qkv_projector_i/Q_reg[10,4][14]_i_2_n_0                                                                                                                                              | qkv_projector_i/K_reg[10,4][14]_i_1_n_0                                                                                                 |                6 |             15 |         2.50 |
|  design_1_wrapper_i/design_1_i/processing_system7_0/inst/FCLK_CLK0 | qkv_projector_i/Q_reg[10,4][14]_i_2_n_0                                                                                                                                              | qkv_projector_i/Q_reg[10,4][14]_i_1_n_0                                                                                                 |                4 |             15 |         3.75 |
|  design_1_wrapper_i/design_1_i/processing_system7_0/inst/FCLK_CLK0 | qkv_projector_i/Q_reg[10,1][14]_i_2_n_0                                                                                                                                              | qkv_projector_i/K_reg[10,1][14]_i_1_n_0                                                                                                 |                3 |             15 |         5.00 |
|  design_1_wrapper_i/design_1_i/processing_system7_0/inst/FCLK_CLK0 | qkv_projector_i/Q_reg[10,1][14]_i_2_n_0                                                                                                                                              | qkv_projector_i/Q_reg[10,1][14]_i_1_n_0                                                                                                 |                4 |             15 |         3.75 |
|  design_1_wrapper_i/design_1_i/processing_system7_0/inst/FCLK_CLK0 | qkv_projector_i/Q_reg[10,2][14]_i_2_n_0                                                                                                                                              | qkv_projector_i/K_reg[10,2][14]_i_1_n_0                                                                                                 |                3 |             15 |         5.00 |
|  design_1_wrapper_i/design_1_i/processing_system7_0/inst/FCLK_CLK0 | qkv_projector_i/Q_reg[10,2][14]_i_2_n_0                                                                                                                                              | qkv_projector_i/Q_reg[10,2][14]_i_1_n_0                                                                                                 |                5 |             15 |         3.00 |
|  design_1_wrapper_i/design_1_i/processing_system7_0/inst/FCLK_CLK0 | qkv_projector_i/Q_reg[12,1]                                                                                                                                                          | qkv_projector_i/K_reg[12,1][14]_i_1_n_0                                                                                                 |                7 |             15 |         2.14 |
|  design_1_wrapper_i/design_1_i/processing_system7_0/inst/FCLK_CLK0 | qkv_projector_i/Q_reg[12,1]                                                                                                                                                          | qkv_projector_i/Q_reg[12,1][14]_i_1_n_0                                                                                                 |                5 |             15 |         3.00 |
|  design_1_wrapper_i/design_1_i/processing_system7_0/inst/FCLK_CLK0 | qkv_projector_i/Q_reg[12,2]                                                                                                                                                          | qkv_projector_i/K_reg[12,2][14]_i_1_n_0                                                                                                 |                3 |             15 |         5.00 |
|  design_1_wrapper_i/design_1_i/processing_system7_0/inst/FCLK_CLK0 | qkv_projector_i/Q_reg[12,2]                                                                                                                                                          | qkv_projector_i/Q_reg[12,2][14]_i_1_n_0                                                                                                 |                4 |             15 |         3.75 |
|  design_1_wrapper_i/design_1_i/processing_system7_0/inst/FCLK_CLK0 | qkv_projector_i/Q_reg[13,0]                                                                                                                                                          | qkv_projector_i/K_reg[13,0][14]_i_1_n_0                                                                                                 |                4 |             15 |         3.75 |
|  design_1_wrapper_i/design_1_i/processing_system7_0/inst/FCLK_CLK0 | qkv_projector_i/Q_reg[13,0]                                                                                                                                                          | qkv_projector_i/Q_reg[13,0][14]_i_1_n_0                                                                                                 |                3 |             15 |         5.00 |
|  design_1_wrapper_i/design_1_i/processing_system7_0/inst/FCLK_CLK0 | qkv_projector_i/Q_reg[13,1]                                                                                                                                                          | qkv_projector_i/K_reg[13,1][14]_i_1_n_0                                                                                                 |                4 |             15 |         3.75 |
|  design_1_wrapper_i/design_1_i/processing_system7_0/inst/FCLK_CLK0 | qkv_projector_i/Q_reg[13,1]                                                                                                                                                          | qkv_projector_i/Q_reg[13,1][14]_i_1_n_0                                                                                                 |                7 |             15 |         2.14 |
|  design_1_wrapper_i/design_1_i/processing_system7_0/inst/FCLK_CLK0 | qkv_projector_i/Q_reg[12,5]                                                                                                                                                          | qkv_projector_i/K_reg[12,5][14]_i_1_n_0                                                                                                 |                5 |             15 |         3.00 |
|  design_1_wrapper_i/design_1_i/processing_system7_0/inst/FCLK_CLK0 | qkv_projector_i/Q_reg[12,5]                                                                                                                                                          | qkv_projector_i/Q_reg[12,5][14]_i_1_n_0                                                                                                 |                5 |             15 |         3.00 |
|  design_1_wrapper_i/design_1_i/processing_system7_0/inst/FCLK_CLK0 | qkv_projector_i/Q_reg[12,0]                                                                                                                                                          | qkv_projector_i/K_reg[12,0][14]_i_1_n_0                                                                                                 |                5 |             15 |         3.00 |
|  design_1_wrapper_i/design_1_i/processing_system7_0/inst/FCLK_CLK0 | qkv_projector_i/Q_reg[12,0]                                                                                                                                                          | qkv_projector_i/Q_reg[12,0][14]_i_1_n_0                                                                                                 |                6 |             15 |         2.50 |
|  design_1_wrapper_i/design_1_i/processing_system7_0/inst/FCLK_CLK0 | qkv_projector_i/Q_reg[11,6]                                                                                                                                                          | qkv_projector_i/K_reg[11,6][14]_i_1_n_0                                                                                                 |                6 |             15 |         2.50 |
|  design_1_wrapper_i/design_1_i/processing_system7_0/inst/FCLK_CLK0 | qkv_projector_i/Q_reg[11,6]                                                                                                                                                          | qkv_projector_i/Q_reg[11,6][14]_i_1_n_0                                                                                                 |                4 |             15 |         3.75 |
|  design_1_wrapper_i/design_1_i/processing_system7_0/inst/FCLK_CLK0 | qkv_projector_i/Q_reg[12,8]                                                                                                                                                          | qkv_projector_i/K_reg[12,8][14]_i_1_n_0                                                                                                 |                4 |             15 |         3.75 |
|  design_1_wrapper_i/design_1_i/processing_system7_0/inst/FCLK_CLK0 | qkv_projector_i/Q_reg[12,8]                                                                                                                                                          | qkv_projector_i/Q_reg[12,8][14]_i_1_n_0                                                                                                 |                3 |             15 |         5.00 |
|  design_1_wrapper_i/design_1_i/processing_system7_0/inst/FCLK_CLK0 | qkv_projector_i/Q_reg[11,5]                                                                                                                                                          | qkv_projector_i/K_reg[11,5][14]_i_1_n_0                                                                                                 |                3 |             15 |         5.00 |
|  design_1_wrapper_i/design_1_i/processing_system7_0/inst/FCLK_CLK0 | qkv_projector_i/Q_reg[11,5]                                                                                                                                                          | qkv_projector_i/Q_reg[11,5][14]_i_1_n_0                                                                                                 |                5 |             15 |         3.00 |
|  design_1_wrapper_i/design_1_i/processing_system7_0/inst/FCLK_CLK0 | qkv_projector_i/Q_reg[12,4]                                                                                                                                                          | qkv_projector_i/K_reg[12,4][14]_i_1_n_0                                                                                                 |                4 |             15 |         3.75 |
|  design_1_wrapper_i/design_1_i/processing_system7_0/inst/FCLK_CLK0 | qkv_projector_i/Q_reg[12,4]                                                                                                                                                          | qkv_projector_i/Q_reg[12,4][14]_i_1_n_0                                                                                                 |                3 |             15 |         5.00 |
|  design_1_wrapper_i/design_1_i/processing_system7_0/inst/FCLK_CLK0 | qkv_projector_i/Q_reg[12,3]                                                                                                                                                          | qkv_projector_i/K_reg[12,3][14]_i_1_n_0                                                                                                 |                2 |             15 |         7.50 |
|  design_1_wrapper_i/design_1_i/processing_system7_0/inst/FCLK_CLK0 | qkv_projector_i/Q_reg[12,3]                                                                                                                                                          | qkv_projector_i/Q_reg[12,3][14]_i_1_n_0                                                                                                 |                5 |             15 |         3.00 |
|  design_1_wrapper_i/design_1_i/processing_system7_0/inst/FCLK_CLK0 | qkv_projector_i/Q_reg[12,7]                                                                                                                                                          | qkv_projector_i/K_reg[12,7][14]_i_1_n_0                                                                                                 |                5 |             15 |         3.00 |
|  design_1_wrapper_i/design_1_i/processing_system7_0/inst/FCLK_CLK0 | qkv_projector_i/Q_reg[12,7]                                                                                                                                                          | qkv_projector_i/Q_reg[12,7][14]_i_1_n_0                                                                                                 |                4 |             15 |         3.75 |
|  design_1_wrapper_i/design_1_i/processing_system7_0/inst/FCLK_CLK0 | qkv_projector_i/Q_reg[13,2]                                                                                                                                                          | qkv_projector_i/K_reg[13,2][14]_i_1_n_0                                                                                                 |                3 |             15 |         5.00 |
|  design_1_wrapper_i/design_1_i/processing_system7_0/inst/FCLK_CLK0 | qkv_projector_i/Q_reg[13,2]                                                                                                                                                          | qkv_projector_i/Q_reg[13,2][14]_i_1_n_0                                                                                                 |                5 |             15 |         3.00 |
|  design_1_wrapper_i/design_1_i/processing_system7_0/inst/FCLK_CLK0 | qkv_projector_i/Q_reg[12,6]                                                                                                                                                          | qkv_projector_i/K_reg[12,6][14]_i_1_n_0                                                                                                 |                6 |             15 |         2.50 |
|  design_1_wrapper_i/design_1_i/processing_system7_0/inst/FCLK_CLK0 | qkv_projector_i/Q_reg[12,6]                                                                                                                                                          | qkv_projector_i/Q_reg[12,6][14]_i_1_n_0                                                                                                 |                4 |             15 |         3.75 |
|  design_1_wrapper_i/design_1_i/processing_system7_0/inst/FCLK_CLK0 | qkv_projector_i/Q_reg[11,8]                                                                                                                                                          | qkv_projector_i/K_reg[11,8][14]_i_1_n_0                                                                                                 |                5 |             15 |         3.00 |
|  design_1_wrapper_i/design_1_i/processing_system7_0/inst/FCLK_CLK0 | qkv_projector_i/Q_reg[11,8]                                                                                                                                                          | qkv_projector_i/Q_reg[11,8][14]_i_1_n_0                                                                                                 |                4 |             15 |         3.75 |
|  design_1_wrapper_i/design_1_i/processing_system7_0/inst/FCLK_CLK0 | qkv_projector_i/Q_reg[11,7]                                                                                                                                                          | qkv_projector_i/K_reg[11,7][14]_i_1_n_0                                                                                                 |                3 |             15 |         5.00 |
|  design_1_wrapper_i/design_1_i/processing_system7_0/inst/FCLK_CLK0 | qkv_projector_i/Q_reg[11,7]                                                                                                                                                          | qkv_projector_i/Q_reg[11,7][14]_i_1_n_0                                                                                                 |                3 |             15 |         5.00 |
|  design_1_wrapper_i/design_1_i/processing_system7_0/inst/FCLK_CLK0 | qkv_projector_i/Q_reg[15,0]                                                                                                                                                          | qkv_projector_i/K_reg[15,0][14]_i_1_n_0                                                                                                 |                3 |             15 |         5.00 |
|  design_1_wrapper_i/design_1_i/processing_system7_0/inst/FCLK_CLK0 | qkv_projector_i/Q_reg[15,0]                                                                                                                                                          | qkv_projector_i/Q_reg[15,0][14]_i_1_n_0                                                                                                 |                5 |             15 |         3.00 |
|  design_1_wrapper_i/design_1_i/processing_system7_0/inst/FCLK_CLK0 | qkv_projector_i/Q_reg[13,3]                                                                                                                                                          | qkv_projector_i/K_reg[13,3][14]_i_1_n_0                                                                                                 |                4 |             15 |         3.75 |
|  design_1_wrapper_i/design_1_i/processing_system7_0/inst/FCLK_CLK0 | qkv_projector_i/Q_reg[13,3]                                                                                                                                                          | qkv_projector_i/Q_reg[13,3][14]_i_1_n_0                                                                                                 |                3 |             15 |         5.00 |
|  design_1_wrapper_i/design_1_i/processing_system7_0/inst/FCLK_CLK0 | qkv_projector_i/Q_reg[13,4]                                                                                                                                                          | qkv_projector_i/K_reg[13,4][14]_i_1_n_0                                                                                                 |                5 |             15 |         3.00 |
|  design_1_wrapper_i/design_1_i/processing_system7_0/inst/FCLK_CLK0 | qkv_projector_i/Q_reg[13,4]                                                                                                                                                          | qkv_projector_i/Q_reg[13,4][14]_i_1_n_0                                                                                                 |                4 |             15 |         3.75 |
|  design_1_wrapper_i/design_1_i/processing_system7_0/inst/FCLK_CLK0 | qkv_projector_i/Q_reg[13,7]                                                                                                                                                          | qkv_projector_i/K_reg[13,7][14]_i_1_n_0                                                                                                 |                5 |             15 |         3.00 |
|  design_1_wrapper_i/design_1_i/processing_system7_0/inst/FCLK_CLK0 | qkv_projector_i/Q_reg[13,7]                                                                                                                                                          | qkv_projector_i/Q_reg[13,7][14]_i_1_n_0                                                                                                 |                5 |             15 |         3.00 |
|  design_1_wrapper_i/design_1_i/processing_system7_0/inst/FCLK_CLK0 | qkv_projector_i/Q_reg[13,8]                                                                                                                                                          | qkv_projector_i/K_reg[13,8][14]_i_1_n_0                                                                                                 |                6 |             15 |         2.50 |
|  design_1_wrapper_i/design_1_i/processing_system7_0/inst/FCLK_CLK0 | qkv_projector_i/Q_reg[13,8]                                                                                                                                                          | qkv_projector_i/Q_reg[13,8][14]_i_1_n_0                                                                                                 |                6 |             15 |         2.50 |
|  design_1_wrapper_i/design_1_i/processing_system7_0/inst/FCLK_CLK0 | qkv_projector_i/Q_reg[14,0]                                                                                                                                                          | qkv_projector_i/K_reg[14,0][14]_i_1_n_0                                                                                                 |                5 |             15 |         3.00 |
|  design_1_wrapper_i/design_1_i/processing_system7_0/inst/FCLK_CLK0 | qkv_projector_i/Q_reg[14,0]                                                                                                                                                          | qkv_projector_i/Q_reg[14,0][14]_i_1_n_0                                                                                                 |                6 |             15 |         2.50 |
|  design_1_wrapper_i/design_1_i/processing_system7_0/inst/FCLK_CLK0 | qkv_projector_i/Q_reg[14,3]                                                                                                                                                          | qkv_projector_i/K_reg[14,3][14]_i_1_n_0                                                                                                 |                3 |             15 |         5.00 |
|  design_1_wrapper_i/design_1_i/processing_system7_0/inst/FCLK_CLK0 | qkv_projector_i/Q_reg[14,3]                                                                                                                                                          | qkv_projector_i/Q_reg[14,3][14]_i_1_n_0                                                                                                 |                5 |             15 |         3.00 |
|  design_1_wrapper_i/design_1_i/processing_system7_0/inst/FCLK_CLK0 | qkv_projector_i/Q_reg[13,5]                                                                                                                                                          | qkv_projector_i/K_reg[13,5][14]_i_1_n_0                                                                                                 |                5 |             15 |         3.00 |
|  design_1_wrapper_i/design_1_i/processing_system7_0/inst/FCLK_CLK0 | qkv_projector_i/Q_reg[13,5]                                                                                                                                                          | qkv_projector_i/Q_reg[13,5][14]_i_1_n_0                                                                                                 |                4 |             15 |         3.75 |
|  design_1_wrapper_i/design_1_i/processing_system7_0/inst/FCLK_CLK0 | qkv_projector_i/Q_reg[13,6]                                                                                                                                                          | qkv_projector_i/K_reg[13,6][14]_i_1_n_0                                                                                                 |                5 |             15 |         3.00 |
|  design_1_wrapper_i/design_1_i/processing_system7_0/inst/FCLK_CLK0 | qkv_projector_i/Q_reg[13,6]                                                                                                                                                          | qkv_projector_i/Q_reg[13,6][14]_i_1_n_0                                                                                                 |                4 |             15 |         3.75 |
|  design_1_wrapper_i/design_1_i/processing_system7_0/inst/FCLK_CLK0 | qkv_projector_i/Q_reg[14,4]                                                                                                                                                          | qkv_projector_i/K_reg[14,4][14]_i_1_n_0                                                                                                 |                5 |             15 |         3.00 |
|  design_1_wrapper_i/design_1_i/processing_system7_0/inst/FCLK_CLK0 | qkv_projector_i/Q_reg[14,4]                                                                                                                                                          | qkv_projector_i/Q_reg[14,4][14]_i_1_n_0                                                                                                 |                6 |             15 |         2.50 |
|  design_1_wrapper_i/design_1_i/processing_system7_0/inst/FCLK_CLK0 | qkv_projector_i/Q_reg[14,6]                                                                                                                                                          | qkv_projector_i/K_reg[14,6][14]_i_1_n_0                                                                                                 |                4 |             15 |         3.75 |
|  design_1_wrapper_i/design_1_i/processing_system7_0/inst/FCLK_CLK0 | qkv_projector_i/Q_reg[14,6]                                                                                                                                                          | qkv_projector_i/Q_reg[14,6][14]_i_1_n_0                                                                                                 |                3 |             15 |         5.00 |
|  design_1_wrapper_i/design_1_i/processing_system7_0/inst/FCLK_CLK0 | qkv_projector_i/Q_reg[14,1]                                                                                                                                                          | qkv_projector_i/K_reg[14,1][14]_i_1_n_0                                                                                                 |                4 |             15 |         3.75 |
|  design_1_wrapper_i/design_1_i/processing_system7_0/inst/FCLK_CLK0 | qkv_projector_i/Q_reg[14,1]                                                                                                                                                          | qkv_projector_i/Q_reg[14,1][14]_i_1_n_0                                                                                                 |                6 |             15 |         2.50 |
|  design_1_wrapper_i/design_1_i/processing_system7_0/inst/FCLK_CLK0 | qkv_projector_i/Q_reg[14,7]                                                                                                                                                          | qkv_projector_i/K_reg[14,7][14]_i_1_n_0                                                                                                 |                6 |             15 |         2.50 |
|  design_1_wrapper_i/design_1_i/processing_system7_0/inst/FCLK_CLK0 | qkv_projector_i/Q_reg[14,7]                                                                                                                                                          | qkv_projector_i/Q_reg[14,7][14]_i_1_n_0                                                                                                 |                3 |             15 |         5.00 |
|  design_1_wrapper_i/design_1_i/processing_system7_0/inst/FCLK_CLK0 | qkv_projector_i/Q_reg[14,8]                                                                                                                                                          | qkv_projector_i/K_reg[14,8][14]_i_1_n_0                                                                                                 |                5 |             15 |         3.00 |
|  design_1_wrapper_i/design_1_i/processing_system7_0/inst/FCLK_CLK0 | qkv_projector_i/Q_reg[14,8]                                                                                                                                                          | qkv_projector_i/Q_reg[14,8][14]_i_1_n_0                                                                                                 |                5 |             15 |         3.00 |
|  design_1_wrapper_i/design_1_i/processing_system7_0/inst/FCLK_CLK0 | qkv_projector_i/Q_reg[14,2]                                                                                                                                                          | qkv_projector_i/K_reg[14,2][14]_i_1_n_0                                                                                                 |                3 |             15 |         5.00 |
|  design_1_wrapper_i/design_1_i/processing_system7_0/inst/FCLK_CLK0 | qkv_projector_i/Q_reg[14,2]                                                                                                                                                          | qkv_projector_i/Q_reg[14,2][14]_i_1_n_0                                                                                                 |                2 |             15 |         7.50 |
|  design_1_wrapper_i/design_1_i/processing_system7_0/inst/FCLK_CLK0 | qkv_projector_i/Q_reg[14,5]                                                                                                                                                          | qkv_projector_i/K_reg[14,5][14]_i_1_n_0                                                                                                 |                6 |             15 |         2.50 |
|  design_1_wrapper_i/design_1_i/processing_system7_0/inst/FCLK_CLK0 | qkv_projector_i/Q_reg[14,5]                                                                                                                                                          | qkv_projector_i/Q_reg[14,5][14]_i_1_n_0                                                                                                 |                7 |             15 |         2.14 |
|  design_1_wrapper_i/design_1_i/processing_system7_0/inst/FCLK_CLK0 | qkv_projector_i/Q_reg[15,3]                                                                                                                                                          | qkv_projector_i/K_reg[15,3][14]_i_1_n_0                                                                                                 |                4 |             15 |         3.75 |
|  design_1_wrapper_i/design_1_i/processing_system7_0/inst/FCLK_CLK0 | qkv_projector_i/Q_reg[15,3]                                                                                                                                                          | qkv_projector_i/Q_reg[15,3][14]_i_1_n_0                                                                                                 |                5 |             15 |         3.00 |
|  design_1_wrapper_i/design_1_i/processing_system7_0/inst/FCLK_CLK0 | qkv_projector_i/Q_reg[15,7]                                                                                                                                                          | qkv_projector_i/K_reg[15,7][14]_i_1_n_0                                                                                                 |                5 |             15 |         3.00 |
|  design_1_wrapper_i/design_1_i/processing_system7_0/inst/FCLK_CLK0 | qkv_projector_i/Q_reg[15,7]                                                                                                                                                          | qkv_projector_i/Q_reg[15,7][14]_i_1_n_0                                                                                                 |                2 |             15 |         7.50 |
|  design_1_wrapper_i/design_1_i/processing_system7_0/inst/FCLK_CLK0 | qkv_projector_i/Q_reg[2,1]                                                                                                                                                           | qkv_projector_i/K_reg[2,1][14]_i_1_n_0                                                                                                  |                5 |             15 |         3.00 |
|  design_1_wrapper_i/design_1_i/processing_system7_0/inst/FCLK_CLK0 | qkv_projector_i/Q_reg[2,1]                                                                                                                                                           | qkv_projector_i/Q_reg[2,1][14]_i_1_n_0                                                                                                  |                4 |             15 |         3.75 |
|  design_1_wrapper_i/design_1_i/processing_system7_0/inst/FCLK_CLK0 | qkv_projector_i/Q_reg[15,5]                                                                                                                                                          | qkv_projector_i/K_reg[15,5][14]_i_1_n_0                                                                                                 |                2 |             15 |         7.50 |
|  design_1_wrapper_i/design_1_i/processing_system7_0/inst/FCLK_CLK0 | qkv_projector_i/Q_reg[15,5]                                                                                                                                                          | qkv_projector_i/Q_reg[15,5][14]_i_1_n_0                                                                                                 |                4 |             15 |         3.75 |
|  design_1_wrapper_i/design_1_i/processing_system7_0/inst/FCLK_CLK0 | qkv_projector_i/Q_reg[2,3]                                                                                                                                                           | qkv_projector_i/Q_reg[2,3][14]_i_1_n_0                                                                                                  |                4 |             15 |         3.75 |
|  design_1_wrapper_i/design_1_i/processing_system7_0/inst/FCLK_CLK0 | qkv_projector_i/Q_reg[15,4]                                                                                                                                                          | qkv_projector_i/K_reg[15,4][14]_i_1_n_0                                                                                                 |                3 |             15 |         5.00 |
|  design_1_wrapper_i/design_1_i/processing_system7_0/inst/FCLK_CLK0 | qkv_projector_i/Q_reg[15,4]                                                                                                                                                          | qkv_projector_i/Q_reg[15,4][14]_i_1_n_0                                                                                                 |                3 |             15 |         5.00 |
|  design_1_wrapper_i/design_1_i/processing_system7_0/inst/FCLK_CLK0 | qkv_projector_i/Q_reg[2,2]                                                                                                                                                           | qkv_projector_i/K_reg[2,2][14]_i_1_n_0                                                                                                  |                4 |             15 |         3.75 |
|  design_1_wrapper_i/design_1_i/processing_system7_0/inst/FCLK_CLK0 | qkv_projector_i/Q_reg[2,2]                                                                                                                                                           | qkv_projector_i/Q_reg[2,2][14]_i_1_n_0                                                                                                  |                4 |             15 |         3.75 |
|  design_1_wrapper_i/design_1_i/processing_system7_0/inst/FCLK_CLK0 | qkv_projector_i/Q_reg[2,4]                                                                                                                                                           | qkv_projector_i/K_reg[2,4][14]_i_1_n_0                                                                                                  |                5 |             15 |         3.00 |
|  design_1_wrapper_i/design_1_i/processing_system7_0/inst/FCLK_CLK0 | qkv_projector_i/Q_reg[2,4]                                                                                                                                                           | qkv_projector_i/Q_reg[2,4][14]_i_1_n_0                                                                                                  |                5 |             15 |         3.00 |
|  design_1_wrapper_i/design_1_i/processing_system7_0/inst/FCLK_CLK0 | qkv_projector_i/Q_reg[15,8]                                                                                                                                                          | qkv_projector_i/K_reg[15,8][14]_i_1_n_0                                                                                                 |                7 |             15 |         2.14 |
|  design_1_wrapper_i/design_1_i/processing_system7_0/inst/FCLK_CLK0 | qkv_projector_i/Q_reg[15,8]                                                                                                                                                          | qkv_projector_i/Q_reg[15,8][14]_i_1_n_0                                                                                                 |                5 |             15 |         3.00 |
|  design_1_wrapper_i/design_1_i/processing_system7_0/inst/FCLK_CLK0 | qkv_projector_i/Q_reg[2,5]                                                                                                                                                           | qkv_projector_i/K_reg[2,5][14]_i_1_n_0                                                                                                  |                3 |             15 |         5.00 |
|  design_1_wrapper_i/design_1_i/processing_system7_0/inst/FCLK_CLK0 | qkv_projector_i/Q_reg[2,5]                                                                                                                                                           | qkv_projector_i/Q_reg[2,5][14]_i_1_n_0                                                                                                  |                5 |             15 |         3.00 |
|  design_1_wrapper_i/design_1_i/processing_system7_0/inst/FCLK_CLK0 | qkv_projector_i/Q_reg[15,2]                                                                                                                                                          | qkv_projector_i/K_reg[15,2][14]_i_1_n_0                                                                                                 |                4 |             15 |         3.75 |
|  design_1_wrapper_i/design_1_i/processing_system7_0/inst/FCLK_CLK0 | qkv_projector_i/Q_reg[15,2]                                                                                                                                                          | qkv_projector_i/Q_reg[15,2][14]_i_1_n_0                                                                                                 |                6 |             15 |         2.50 |
|  design_1_wrapper_i/design_1_i/processing_system7_0/inst/FCLK_CLK0 | qkv_projector_i/Q_reg[8,2][14]_i_2_n_0                                                                                                                                               | qkv_projector_i/K_reg[8,2][14]_i_1_n_0                                                                                                  |                4 |             15 |         3.75 |
|  design_1_wrapper_i/design_1_i/processing_system7_0/inst/FCLK_CLK0 | qkv_projector_i/Q_reg[2,0]                                                                                                                                                           | qkv_projector_i/K_reg[2,0][14]_i_1_n_0                                                                                                  |                4 |             15 |         3.75 |
|  design_1_wrapper_i/design_1_i/processing_system7_0/inst/FCLK_CLK0 | qkv_projector_i/Q_reg[2,0]                                                                                                                                                           | qkv_projector_i/Q_reg[2,0][14]_i_1_n_0                                                                                                  |                4 |             15 |         3.75 |
|  design_1_wrapper_i/design_1_i/processing_system7_0/inst/FCLK_CLK0 | qkv_projector_i/Q_reg[15,1]                                                                                                                                                          | qkv_projector_i/K_reg[15,1][14]_i_1_n_0                                                                                                 |                6 |             15 |         2.50 |
|  design_1_wrapper_i/design_1_i/processing_system7_0/inst/FCLK_CLK0 | qkv_projector_i/Q_reg[15,1]                                                                                                                                                          | qkv_projector_i/Q_reg[15,1][14]_i_1_n_0                                                                                                 |                7 |             15 |         2.14 |
|  design_1_wrapper_i/design_1_i/processing_system7_0/inst/FCLK_CLK0 | qkv_projector_i/Q_reg[2,6]                                                                                                                                                           | qkv_projector_i/K_reg[2,6][14]_i_1_n_0                                                                                                  |                4 |             15 |         3.75 |
|  design_1_wrapper_i/design_1_i/processing_system7_0/inst/FCLK_CLK0 | qkv_projector_i/Q_reg[2,6]                                                                                                                                                           | qkv_projector_i/Q_reg[2,6][14]_i_1_n_0                                                                                                  |                4 |             15 |         3.75 |
|  design_1_wrapper_i/design_1_i/processing_system7_0/inst/FCLK_CLK0 | qkv_projector_i/Q_reg[15,6]                                                                                                                                                          | qkv_projector_i/K_reg[15,6][14]_i_1_n_0                                                                                                 |                6 |             15 |         2.50 |
|  design_1_wrapper_i/design_1_i/processing_system7_0/inst/FCLK_CLK0 | qkv_projector_i/Q_reg[15,6]                                                                                                                                                          | qkv_projector_i/Q_reg[15,6][14]_i_1_n_0                                                                                                 |                4 |             15 |         3.75 |
|  design_1_wrapper_i/design_1_i/processing_system7_0/inst/FCLK_CLK0 | qkv_projector_i/Q_reg[3,2]                                                                                                                                                           | qkv_projector_i/K_reg[3,2][14]_i_1_n_0                                                                                                  |                3 |             15 |         5.00 |
|  design_1_wrapper_i/design_1_i/processing_system7_0/inst/FCLK_CLK0 | qkv_projector_i/Q_reg[3,2]                                                                                                                                                           | qkv_projector_i/Q_reg[3,2][14]_i_1_n_0                                                                                                  |                4 |             15 |         3.75 |
|  design_1_wrapper_i/design_1_i/processing_system7_0/inst/FCLK_CLK0 | qkv_projector_i/Q_reg[4,1]                                                                                                                                                           | qkv_projector_i/K_reg[4,1][14]_i_1_n_0                                                                                                  |                2 |             15 |         7.50 |
|  design_1_wrapper_i/design_1_i/processing_system7_0/inst/FCLK_CLK0 | qkv_projector_i/Q_reg[4,1]                                                                                                                                                           | qkv_projector_i/Q_reg[4,1][14]_i_1_n_0                                                                                                  |                6 |             15 |         2.50 |
|  design_1_wrapper_i/design_1_i/processing_system7_0/inst/FCLK_CLK0 | qkv_projector_i/Q_reg[4,2]                                                                                                                                                           | qkv_projector_i/K_reg[4,2][14]_i_1_n_0                                                                                                  |                4 |             15 |         3.75 |
|  design_1_wrapper_i/design_1_i/processing_system7_0/inst/FCLK_CLK0 | qkv_projector_i/Q_reg[4,2]                                                                                                                                                           | qkv_projector_i/Q_reg[4,2][14]_i_1_n_0                                                                                                  |                3 |             15 |         5.00 |
|  design_1_wrapper_i/design_1_i/processing_system7_0/inst/FCLK_CLK0 | qkv_projector_i/Q_reg[2,8]                                                                                                                                                           | qkv_projector_i/K_reg[2,8][14]_i_1_n_0                                                                                                  |                5 |             15 |         3.00 |
|  design_1_wrapper_i/design_1_i/processing_system7_0/inst/FCLK_CLK0 | qkv_projector_i/Q_reg[2,8]                                                                                                                                                           | qkv_projector_i/Q_reg[2,8][14]_i_1_n_0                                                                                                  |                5 |             15 |         3.00 |
|  design_1_wrapper_i/design_1_i/processing_system7_0/inst/FCLK_CLK0 | qkv_projector_i/Q_reg[3,7]                                                                                                                                                           | qkv_projector_i/K_reg[3,7][14]_i_1_n_0                                                                                                  |                7 |             15 |         2.14 |
|  design_1_wrapper_i/design_1_i/processing_system7_0/inst/FCLK_CLK0 | qkv_projector_i/Q_reg[3,7]                                                                                                                                                           | qkv_projector_i/Q_reg[3,7][14]_i_1_n_0                                                                                                  |                2 |             15 |         7.50 |
|  design_1_wrapper_i/design_1_i/processing_system7_0/inst/FCLK_CLK0 | qkv_projector_i/Q_reg[3,5]                                                                                                                                                           | qkv_projector_i/K_reg[3,5][14]_i_1_n_0                                                                                                  |                4 |             15 |         3.75 |
|  design_1_wrapper_i/design_1_i/processing_system7_0/inst/FCLK_CLK0 | qkv_projector_i/Q_reg[3,5]                                                                                                                                                           | qkv_projector_i/Q_reg[3,5][14]_i_1_n_0                                                                                                  |                4 |             15 |         3.75 |
|  design_1_wrapper_i/design_1_i/processing_system7_0/inst/FCLK_CLK0 | qkv_projector_i/Q_reg[3,8]                                                                                                                                                           | qkv_projector_i/K_reg[3,8][14]_i_1_n_0                                                                                                  |                5 |             15 |         3.00 |
|  design_1_wrapper_i/design_1_i/processing_system7_0/inst/FCLK_CLK0 | qkv_projector_i/Q_reg[3,8]                                                                                                                                                           | qkv_projector_i/Q_reg[3,8][14]_i_1_n_0                                                                                                  |                3 |             15 |         5.00 |
|  design_1_wrapper_i/design_1_i/processing_system7_0/inst/FCLK_CLK0 | qkv_projector_i/Q_reg[4,0]                                                                                                                                                           | qkv_projector_i/K_reg[4,0][14]_i_1_n_0                                                                                                  |                5 |             15 |         3.00 |
|  design_1_wrapper_i/design_1_i/processing_system7_0/inst/FCLK_CLK0 | qkv_projector_i/Q_reg[4,0]                                                                                                                                                           | qkv_projector_i/Q_reg[4,0][14]_i_1_n_0                                                                                                  |                5 |             15 |         3.00 |
|  design_1_wrapper_i/design_1_i/processing_system7_0/inst/FCLK_CLK0 | qkv_projector_i/Q_reg[4,3]                                                                                                                                                           | qkv_projector_i/K_reg[4,3][14]_i_1_n_0                                                                                                  |                5 |             15 |         3.00 |
|  design_1_wrapper_i/design_1_i/processing_system7_0/inst/FCLK_CLK0 | qkv_projector_i/Q_reg[4,3]                                                                                                                                                           | qkv_projector_i/Q_reg[4,3][14]_i_1_n_0                                                                                                  |                6 |             15 |         2.50 |
|  design_1_wrapper_i/design_1_i/processing_system7_0/inst/FCLK_CLK0 | qkv_projector_i/Q_reg[2,7]                                                                                                                                                           | qkv_projector_i/K_reg[2,7][14]_i_1_n_0                                                                                                  |                5 |             15 |         3.00 |
|  design_1_wrapper_i/design_1_i/processing_system7_0/inst/FCLK_CLK0 | qkv_projector_i/Q_reg[2,7]                                                                                                                                                           | qkv_projector_i/Q_reg[2,7][14]_i_1_n_0                                                                                                  |                4 |             15 |         3.75 |
|  design_1_wrapper_i/design_1_i/processing_system7_0/inst/FCLK_CLK0 | qkv_projector_i/Q_reg[4,4]                                                                                                                                                           | qkv_projector_i/K_reg[4,4][14]_i_1_n_0                                                                                                  |                4 |             15 |         3.75 |
|  design_1_wrapper_i/design_1_i/processing_system7_0/inst/FCLK_CLK0 | qkv_projector_i/Q_reg[4,4]                                                                                                                                                           | qkv_projector_i/Q_reg[4,4][14]_i_1_n_0                                                                                                  |                2 |             15 |         7.50 |
|  design_1_wrapper_i/design_1_i/processing_system7_0/inst/FCLK_CLK0 | qkv_projector_i/Q_reg[3,6]                                                                                                                                                           | qkv_projector_i/K_reg[3,6][14]_i_1_n_0                                                                                                  |                6 |             15 |         2.50 |
|  design_1_wrapper_i/design_1_i/processing_system7_0/inst/FCLK_CLK0 | qkv_projector_i/Q_reg[3,6]                                                                                                                                                           | qkv_projector_i/Q_reg[3,6][14]_i_1_n_0                                                                                                  |                3 |             15 |         5.00 |
|  design_1_wrapper_i/design_1_i/processing_system7_0/inst/FCLK_CLK0 | qkv_projector_i/Q_reg[3,3]                                                                                                                                                           | qkv_projector_i/K_reg[3,3][14]_i_1_n_0                                                                                                  |                3 |             15 |         5.00 |
|  design_1_wrapper_i/design_1_i/processing_system7_0/inst/FCLK_CLK0 | qkv_projector_i/Q_reg[3,3]                                                                                                                                                           | qkv_projector_i/Q_reg[3,3][14]_i_1_n_0                                                                                                  |                6 |             15 |         2.50 |
|  design_1_wrapper_i/design_1_i/processing_system7_0/inst/FCLK_CLK0 | qkv_projector_i/Q_reg[3,1]                                                                                                                                                           | qkv_projector_i/K_reg[3,1][14]_i_1_n_0                                                                                                  |                4 |             15 |         3.75 |
|  design_1_wrapper_i/design_1_i/processing_system7_0/inst/FCLK_CLK0 | qkv_projector_i/Q_reg[3,1]                                                                                                                                                           | qkv_projector_i/Q_reg[3,1][14]_i_1_n_0                                                                                                  |                5 |             15 |         3.00 |
|  design_1_wrapper_i/design_1_i/processing_system7_0/inst/FCLK_CLK0 | qkv_projector_i/Q_reg[3,4]                                                                                                                                                           | qkv_projector_i/K_reg[3,4][14]_i_1_n_0                                                                                                  |                4 |             15 |         3.75 |
|  design_1_wrapper_i/design_1_i/processing_system7_0/inst/FCLK_CLK0 | qkv_projector_i/Q_reg[3,4]                                                                                                                                                           | qkv_projector_i/Q_reg[3,4][14]_i_1_n_0                                                                                                  |                5 |             15 |         3.00 |
|  design_1_wrapper_i/design_1_i/processing_system7_0/inst/FCLK_CLK0 | qkv_projector_i/Q_reg[3,0]                                                                                                                                                           | qkv_projector_i/K_reg[3,0][14]_i_1_n_0                                                                                                  |                4 |             15 |         3.75 |
|  design_1_wrapper_i/design_1_i/processing_system7_0/inst/FCLK_CLK0 | qkv_projector_i/Q_reg[3,0]                                                                                                                                                           | qkv_projector_i/Q_reg[3,0][14]_i_1_n_0                                                                                                  |                6 |             15 |         2.50 |
|  design_1_wrapper_i/design_1_i/processing_system7_0/inst/FCLK_CLK0 | qkv_projector_i/Q_reg[4,5]                                                                                                                                                           | qkv_projector_i/K_reg[4,5][14]_i_1_n_0                                                                                                  |                7 |             15 |         2.14 |
|  design_1_wrapper_i/design_1_i/processing_system7_0/inst/FCLK_CLK0 | qkv_projector_i/Q_reg[4,5]                                                                                                                                                           | qkv_projector_i/Q_reg[4,5][14]_i_1_n_0                                                                                                  |                6 |             15 |         2.50 |
|  design_1_wrapper_i/design_1_i/processing_system7_0/inst/FCLK_CLK0 | qkv_projector_i/Q_reg[4,6]                                                                                                                                                           | qkv_projector_i/K_reg[4,6][14]_i_1_n_0                                                                                                  |                3 |             15 |         5.00 |
|  design_1_wrapper_i/design_1_i/processing_system7_0/inst/FCLK_CLK0 | qkv_projector_i/Q_reg[4,6]                                                                                                                                                           | qkv_projector_i/Q_reg[4,6][14]_i_1_n_0                                                                                                  |                5 |             15 |         3.00 |
|  design_1_wrapper_i/design_1_i/processing_system7_0/inst/FCLK_CLK0 | qkv_projector_i/Q_reg[4,7]                                                                                                                                                           | qkv_projector_i/K_reg[4,7][14]_i_1_n_0                                                                                                  |                4 |             15 |         3.75 |
|  design_1_wrapper_i/design_1_i/processing_system7_0/inst/FCLK_CLK0 | qkv_projector_i/Q_reg[4,7]                                                                                                                                                           | qkv_projector_i/Q_reg[4,7][14]_i_1_n_0                                                                                                  |                3 |             15 |         5.00 |
|  design_1_wrapper_i/design_1_i/processing_system7_0/inst/FCLK_CLK0 | qkv_projector_i/Q_reg[4,8]                                                                                                                                                           | qkv_projector_i/K_reg[4,8][14]_i_1_n_0                                                                                                  |                3 |             15 |         5.00 |
|  design_1_wrapper_i/design_1_i/processing_system7_0/inst/FCLK_CLK0 | qkv_projector_i/Q_reg[4,8]                                                                                                                                                           | qkv_projector_i/Q_reg[4,8][14]_i_1_n_0                                                                                                  |                7 |             15 |         2.14 |
|  design_1_wrapper_i/design_1_i/processing_system7_0/inst/FCLK_CLK0 | qkv_projector_i/Q_reg[5,0]                                                                                                                                                           | qkv_projector_i/K_reg[5,0][14]_i_1_n_0                                                                                                  |                5 |             15 |         3.00 |
|  design_1_wrapper_i/design_1_i/processing_system7_0/inst/FCLK_CLK0 | qkv_projector_i/Q_reg[5,0]                                                                                                                                                           | qkv_projector_i/Q_reg[5,0][14]_i_1_n_0                                                                                                  |                4 |             15 |         3.75 |
|  design_1_wrapper_i/design_1_i/processing_system7_0/inst/FCLK_CLK0 | qkv_projector_i/x_addr[7]_i_1_n_0                                                                                                                                                    | design_1_wrapper_i/rst                                                                                                                  |                8 |             15 |         1.88 |
|  design_1_wrapper_i/design_1_i/processing_system7_0/inst/FCLK_CLK0 | qkv_projector_i/Q_reg[1,4]                                                                                                                                                           | qkv_projector_i/K_reg[1,4][14]_i_1_n_0                                                                                                  |                5 |             15 |         3.00 |
|  design_1_wrapper_i/design_1_i/processing_system7_0/inst/FCLK_CLK0 | qkv_projector_i/Q_reg[7,8]                                                                                                                                                           | qkv_projector_i/Q_reg[7,8][14]_i_1_n_0                                                                                                  |               12 |             15 |         1.25 |
|  design_1_wrapper_i/design_1_i/processing_system7_0/inst/FCLK_CLK0 | qkv_projector_i/Q_reg[7,8]                                                                                                                                                           | qkv_projector_i/K_reg[7,8][14]_i_1_n_0                                                                                                  |                4 |             15 |         3.75 |
|  design_1_wrapper_i/design_1_i/processing_system7_0/inst/FCLK_CLK0 | qkv_projector_i/Q_reg[6,7]                                                                                                                                                           | qkv_projector_i/Q_reg[6,7][14]_i_1_n_0                                                                                                  |                9 |             15 |         1.67 |
|  design_1_wrapper_i/design_1_i/processing_system7_0/inst/FCLK_CLK0 | qkv_projector_i/Q_reg[6,7]                                                                                                                                                           | qkv_projector_i/K_reg[6,7][14]_i_1_n_0                                                                                                  |                6 |             15 |         2.50 |
|  design_1_wrapper_i/design_1_i/processing_system7_0/inst/FCLK_CLK0 | qkv_projector_i/Q_reg[8,0]                                                                                                                                                           | qkv_projector_i/Q_reg[8,0][14]_i_1_n_0                                                                                                  |                5 |             15 |         3.00 |
|  design_1_wrapper_i/design_1_i/processing_system7_0/inst/FCLK_CLK0 | qkv_projector_i/Q_reg[8,0]                                                                                                                                                           | qkv_projector_i/K_reg[8,0][14]_i_1_n_0                                                                                                  |                5 |             15 |         3.00 |
|  design_1_wrapper_i/design_1_i/processing_system7_0/inst/FCLK_CLK0 | qkv_projector_i/Q_reg[7,2]                                                                                                                                                           | qkv_projector_i/Q_reg[7,2][14]_i_1_n_0                                                                                                  |                3 |             15 |         5.00 |
|  design_1_wrapper_i/design_1_i/processing_system7_0/inst/FCLK_CLK0 | qkv_projector_i/Q_reg[7,2]                                                                                                                                                           | qkv_projector_i/K_reg[7,2][14]_i_1_n_0                                                                                                  |                6 |             15 |         2.50 |
|  design_1_wrapper_i/design_1_i/processing_system7_0/inst/FCLK_CLK0 | qkv_projector_i/Q_reg[6,8]                                                                                                                                                           | qkv_projector_i/Q_reg[6,8][14]_i_1_n_0                                                                                                  |                5 |             15 |         3.00 |
|  design_1_wrapper_i/design_1_i/processing_system7_0/inst/FCLK_CLK0 | qkv_projector_i/Q_reg[6,8]                                                                                                                                                           | qkv_projector_i/K_reg[6,8][14]_i_1_n_0                                                                                                  |                4 |             15 |         3.75 |
|  design_1_wrapper_i/design_1_i/processing_system7_0/inst/FCLK_CLK0 | qkv_projector_i/Q_reg[8,1][14]_i_2_n_0                                                                                                                                               | qkv_projector_i/Q_reg[8,1][14]_i_1_n_0                                                                                                  |                4 |             15 |         3.75 |
|  design_1_wrapper_i/design_1_i/processing_system7_0/inst/FCLK_CLK0 | qkv_projector_i/Q_reg[8,1][14]_i_2_n_0                                                                                                                                               | qkv_projector_i/K_reg[8,1][14]_i_1_n_0                                                                                                  |                2 |             15 |         7.50 |
|  design_1_wrapper_i/design_1_i/processing_system7_0/inst/FCLK_CLK0 | qkv_projector_i/Q_reg[8,2][14]_i_2_n_0                                                                                                                                               | qkv_projector_i/Q_reg[8,2][14]_i_1_n_0                                                                                                  |                3 |             15 |         5.00 |
|  design_1_wrapper_i/design_1_i/processing_system7_0/inst/FCLK_CLK0 | qkv_projector_i/Q_reg[2,3]                                                                                                                                                           | qkv_projector_i/K_reg[2,3][14]_i_1_n_0                                                                                                  |                5 |             15 |         3.00 |
|  design_1_wrapper_i/design_1_i/processing_system7_0/inst/FCLK_CLK0 | qkv_projector_i/Q_reg[7,0]                                                                                                                                                           | qkv_projector_i/Q_reg[7,0][14]_i_1_n_0                                                                                                  |                6 |             15 |         2.50 |
|  design_1_wrapper_i/design_1_i/processing_system7_0/inst/FCLK_CLK0 | qkv_projector_i/Q_reg[7,0]                                                                                                                                                           | qkv_projector_i/K_reg[7,0][14]_i_1_n_0                                                                                                  |                8 |             15 |         1.88 |
|  design_1_wrapper_i/design_1_i/processing_system7_0/inst/FCLK_CLK0 | qkv_projector_i/Q_reg[8,3][14]_i_2_n_0                                                                                                                                               | qkv_projector_i/Q_reg[8,3][14]_i_1_n_0                                                                                                  |                4 |             15 |         3.75 |
|  design_1_wrapper_i/design_1_i/processing_system7_0/inst/FCLK_CLK0 | qkv_projector_i/Q_reg[8,3][14]_i_2_n_0                                                                                                                                               | qkv_projector_i/K_reg[8,3][14]_i_1_n_0                                                                                                  |                3 |             15 |         5.00 |
|  design_1_wrapper_i/design_1_i/processing_system7_0/inst/FCLK_CLK0 | qkv_projector_i/Q_reg[7,4]                                                                                                                                                           | qkv_projector_i/Q_reg[7,4][14]_i_1_n_0                                                                                                  |                6 |             15 |         2.50 |
|  design_1_wrapper_i/design_1_i/processing_system7_0/inst/FCLK_CLK0 | qkv_projector_i/Q_reg[7,4]                                                                                                                                                           | qkv_projector_i/K_reg[7,4][14]_i_1_n_0                                                                                                  |                7 |             15 |         2.14 |
|  design_1_wrapper_i/design_1_i/processing_system7_0/inst/FCLK_CLK0 | qkv_projector_i/Q_reg[7,7]                                                                                                                                                           | qkv_projector_i/Q_reg[7,7][14]_i_1_n_0                                                                                                  |                6 |             15 |         2.50 |
|  design_1_wrapper_i/design_1_i/processing_system7_0/inst/FCLK_CLK0 | qkv_projector_i/Q_reg[7,7]                                                                                                                                                           | qkv_projector_i/K_reg[7,7][14]_i_1_n_0                                                                                                  |                8 |             15 |         1.88 |
|  design_1_wrapper_i/design_1_i/processing_system7_0/inst/FCLK_CLK0 | qkv_projector_i/Q_reg[7,3]                                                                                                                                                           | qkv_projector_i/Q_reg[7,3][14]_i_1_n_0                                                                                                  |                6 |             15 |         2.50 |
|  design_1_wrapper_i/design_1_i/processing_system7_0/inst/FCLK_CLK0 | qkv_projector_i/Q_reg[7,3]                                                                                                                                                           | qkv_projector_i/K_reg[7,3][14]_i_1_n_0                                                                                                  |                4 |             15 |         3.75 |
|  design_1_wrapper_i/design_1_i/processing_system7_0/inst/FCLK_CLK0 | qkv_projector_i/Q_reg[7,5]                                                                                                                                                           | qkv_projector_i/Q_reg[7,5][14]_i_1_n_0                                                                                                  |                5 |             15 |         3.00 |
|  design_1_wrapper_i/design_1_i/processing_system7_0/inst/FCLK_CLK0 | qkv_projector_i/Q_reg[7,5]                                                                                                                                                           | qkv_projector_i/K_reg[7,5][14]_i_1_n_0                                                                                                  |                5 |             15 |         3.00 |
|  design_1_wrapper_i/design_1_i/processing_system7_0/inst/FCLK_CLK0 | qkv_projector_i/Q_reg[7,1]                                                                                                                                                           | qkv_projector_i/Q_reg[7,1][14]_i_1_n_0                                                                                                  |                6 |             15 |         2.50 |
|  design_1_wrapper_i/design_1_i/processing_system7_0/inst/FCLK_CLK0 | qkv_projector_i/Q_reg[7,1]                                                                                                                                                           | qkv_projector_i/K_reg[7,1][14]_i_1_n_0                                                                                                  |                5 |             15 |         3.00 |
|  design_1_wrapper_i/design_1_i/processing_system7_0/inst/FCLK_CLK0 | attention_score_i/S_reg[13,12]                                                                                                                                                       | design_1_wrapper_i/rst                                                                                                                  |                4 |             16 |         4.00 |
|  design_1_wrapper_i/design_1_i/processing_system7_0/inst/FCLK_CLK0 | attention_score_i/S_reg[9,6]                                                                                                                                                         | design_1_wrapper_i/rst                                                                                                                  |                8 |             16 |         2.00 |
|  design_1_wrapper_i/design_1_i/processing_system7_0/inst/FCLK_CLK0 | attention_score_i/S_reg[9,8]                                                                                                                                                         | design_1_wrapper_i/rst                                                                                                                  |                7 |             16 |         2.29 |
|  design_1_wrapper_i/design_1_i/processing_system7_0/inst/FCLK_CLK0 | attention_score_i/S_reg[9,2]                                                                                                                                                         | design_1_wrapper_i/rst                                                                                                                  |                4 |             16 |         4.00 |
|  design_1_wrapper_i/design_1_i/processing_system7_0/inst/FCLK_CLK0 | attention_score_i/S_reg[3,0]                                                                                                                                                         | design_1_wrapper_i/rst                                                                                                                  |                5 |             16 |         3.20 |
|  design_1_wrapper_i/design_1_i/processing_system7_0/inst/FCLK_CLK0 | attention_score_i/S_reg[8,15]                                                                                                                                                        | design_1_wrapper_i/rst                                                                                                                  |                4 |             16 |         4.00 |
|  design_1_wrapper_i/design_1_i/processing_system7_0/inst/FCLK_CLK0 | attention_score_i/S_reg[15,12]                                                                                                                                                       | design_1_wrapper_i/rst                                                                                                                  |                4 |             16 |         4.00 |
|  design_1_wrapper_i/design_1_i/processing_system7_0/inst/FCLK_CLK0 | attention_score_i/S_reg[9,1]                                                                                                                                                         | design_1_wrapper_i/rst                                                                                                                  |                3 |             16 |         5.33 |
|  design_1_wrapper_i/design_1_i/processing_system7_0/inst/FCLK_CLK0 | attention_score_i/S_reg[0,0]                                                                                                                                                         | design_1_wrapper_i/rst                                                                                                                  |                3 |             16 |         5.33 |
|  design_1_wrapper_i/design_1_i/processing_system7_0/inst/FCLK_CLK0 | attention_score_i/S_reg[0,3]                                                                                                                                                         | design_1_wrapper_i/rst                                                                                                                  |                6 |             16 |         2.67 |
|  design_1_wrapper_i/design_1_i/processing_system7_0/inst/FCLK_CLK0 | attention_score_i/S_reg[0,5]                                                                                                                                                         | design_1_wrapper_i/rst                                                                                                                  |                6 |             16 |         2.67 |
|  design_1_wrapper_i/design_1_i/processing_system7_0/inst/FCLK_CLK0 | attention_score_i/S_reg[1,10]                                                                                                                                                        | design_1_wrapper_i/rst                                                                                                                  |                7 |             16 |         2.29 |
|  design_1_wrapper_i/design_1_i/processing_system7_0/inst/FCLK_CLK0 | attention_score_i/S_reg[1,0]                                                                                                                                                         | design_1_wrapper_i/rst                                                                                                                  |                5 |             16 |         3.20 |
|  design_1_wrapper_i/design_1_i/processing_system7_0/inst/FCLK_CLK0 | attention_score_i/S_reg[1,11]                                                                                                                                                        | design_1_wrapper_i/rst                                                                                                                  |                6 |             16 |         2.67 |
|  design_1_wrapper_i/design_1_i/processing_system7_0/inst/FCLK_CLK0 | attention_score_i/S_reg[1,12]                                                                                                                                                        | design_1_wrapper_i/rst                                                                                                                  |                7 |             16 |         2.29 |
|  design_1_wrapper_i/design_1_i/processing_system7_0/inst/FCLK_CLK0 | attention_score_i/S_reg[1,13]                                                                                                                                                        | design_1_wrapper_i/rst                                                                                                                  |               10 |             16 |         1.60 |
|  design_1_wrapper_i/design_1_i/processing_system7_0/inst/FCLK_CLK0 | attention_score_i/S_reg[1,1]                                                                                                                                                         | design_1_wrapper_i/rst                                                                                                                  |                5 |             16 |         3.20 |
|  design_1_wrapper_i/design_1_i/processing_system7_0/inst/FCLK_CLK0 | attention_score_i/S_reg[0,10]                                                                                                                                                        | design_1_wrapper_i/rst                                                                                                                  |                3 |             16 |         5.33 |
|  design_1_wrapper_i/design_1_i/processing_system7_0/inst/FCLK_CLK0 | attention_score_i/S_reg[1,14]                                                                                                                                                        | design_1_wrapper_i/rst                                                                                                                  |                3 |             16 |         5.33 |
|  design_1_wrapper_i/design_1_i/processing_system7_0/inst/FCLK_CLK0 | attention_score_i/S_reg[0,14]                                                                                                                                                        | design_1_wrapper_i/rst                                                                                                                  |                8 |             16 |         2.00 |
|  design_1_wrapper_i/design_1_i/processing_system7_0/inst/FCLK_CLK0 | attention_score_i/S_reg[0,4]                                                                                                                                                         | design_1_wrapper_i/rst                                                                                                                  |                6 |             16 |         2.67 |
|  design_1_wrapper_i/design_1_i/processing_system7_0/inst/FCLK_CLK0 | attention_score_i/S_reg[0,6]                                                                                                                                                         | design_1_wrapper_i/rst                                                                                                                  |                6 |             16 |         2.67 |
|  design_1_wrapper_i/design_1_i/processing_system7_0/inst/FCLK_CLK0 | attention_score_i/S_reg[0,7]                                                                                                                                                         | design_1_wrapper_i/rst                                                                                                                  |                3 |             16 |         5.33 |
|  design_1_wrapper_i/design_1_i/processing_system7_0/inst/FCLK_CLK0 | attention_score_i/S_reg[0,11]                                                                                                                                                        | design_1_wrapper_i/rst                                                                                                                  |                4 |             16 |         4.00 |
|  design_1_wrapper_i/design_1_i/processing_system7_0/inst/FCLK_CLK0 | attention_score_i/S_reg[0,9]                                                                                                                                                         | design_1_wrapper_i/rst                                                                                                                  |                7 |             16 |         2.29 |
|  design_1_wrapper_i/design_1_i/processing_system7_0/inst/FCLK_CLK0 | attention_score_i/S_reg[1,15]                                                                                                                                                        | design_1_wrapper_i/rst                                                                                                                  |                6 |             16 |         2.67 |
|  design_1_wrapper_i/design_1_i/processing_system7_0/inst/FCLK_CLK0 | attention_score_i/S_reg[1,2]                                                                                                                                                         | design_1_wrapper_i/rst                                                                                                                  |                5 |             16 |         3.20 |
|  design_1_wrapper_i/design_1_i/processing_system7_0/inst/FCLK_CLK0 | attention_score_i/S_reg[1,3]                                                                                                                                                         | design_1_wrapper_i/rst                                                                                                                  |               11 |             16 |         1.45 |
|  design_1_wrapper_i/design_1_i/processing_system7_0/inst/FCLK_CLK0 | attention_score_i/S_reg[1,4]                                                                                                                                                         | design_1_wrapper_i/rst                                                                                                                  |                7 |             16 |         2.29 |
|  design_1_wrapper_i/design_1_i/processing_system7_0/inst/FCLK_CLK0 | attention_score_i/S_reg[1,5]                                                                                                                                                         | design_1_wrapper_i/rst                                                                                                                  |                9 |             16 |         1.78 |
|  design_1_wrapper_i/design_1_i/processing_system7_0/inst/FCLK_CLK0 | attention_score_i/S_reg[0,8]                                                                                                                                                         | design_1_wrapper_i/rst                                                                                                                  |                5 |             16 |         3.20 |
|  design_1_wrapper_i/design_1_i/processing_system7_0/inst/FCLK_CLK0 | attention_score_i/S_reg[0,12]                                                                                                                                                        | design_1_wrapper_i/rst                                                                                                                  |                3 |             16 |         5.33 |
|  design_1_wrapper_i/design_1_i/processing_system7_0/inst/FCLK_CLK0 | attention_score_i/S_reg[0,13]                                                                                                                                                        | design_1_wrapper_i/rst                                                                                                                  |                3 |             16 |         5.33 |
|  design_1_wrapper_i/design_1_i/processing_system7_0/inst/FCLK_CLK0 | attention_score_i/S_reg[0,15]                                                                                                                                                        | design_1_wrapper_i/rst                                                                                                                  |                5 |             16 |         3.20 |
|  design_1_wrapper_i/design_1_i/processing_system7_0/inst/FCLK_CLK0 | attention_score_i/S_reg[0,1]                                                                                                                                                         | design_1_wrapper_i/rst                                                                                                                  |                5 |             16 |         3.20 |
|  design_1_wrapper_i/design_1_i/processing_system7_0/inst/FCLK_CLK0 | attention_score_i/S_reg[0,2]                                                                                                                                                         | design_1_wrapper_i/rst                                                                                                                  |                3 |             16 |         5.33 |
|  design_1_wrapper_i/design_1_i/processing_system7_0/inst/FCLK_CLK0 | attention_score_i/S_reg[11,14]                                                                                                                                                       | design_1_wrapper_i/rst                                                                                                                  |                4 |             16 |         4.00 |
|  design_1_wrapper_i/design_1_i/processing_system7_0/inst/FCLK_CLK0 | attention_score_i/S_reg[12,11]                                                                                                                                                       | design_1_wrapper_i/rst                                                                                                                  |                8 |             16 |         2.00 |
|  design_1_wrapper_i/design_1_i/processing_system7_0/inst/FCLK_CLK0 | attention_score_i/S_reg[11,0]                                                                                                                                                        | design_1_wrapper_i/rst                                                                                                                  |                5 |             16 |         3.20 |
|  design_1_wrapper_i/design_1_i/processing_system7_0/inst/FCLK_CLK0 | attention_score_i/S_reg[11,9]                                                                                                                                                        | design_1_wrapper_i/rst                                                                                                                  |                5 |             16 |         3.20 |
|  design_1_wrapper_i/design_1_i/processing_system7_0/inst/FCLK_CLK0 | attention_score_i/S_reg[12,13]                                                                                                                                                       | design_1_wrapper_i/rst                                                                                                                  |                9 |             16 |         1.78 |
|  design_1_wrapper_i/design_1_i/processing_system7_0/inst/FCLK_CLK0 | attention_score_i/S_reg[10,14]                                                                                                                                                       | design_1_wrapper_i/rst                                                                                                                  |                4 |             16 |         4.00 |
|  design_1_wrapper_i/design_1_i/processing_system7_0/inst/FCLK_CLK0 | attention_score_i/S_reg[10,15]                                                                                                                                                       | design_1_wrapper_i/rst                                                                                                                  |                4 |             16 |         4.00 |
|  design_1_wrapper_i/design_1_i/processing_system7_0/inst/FCLK_CLK0 | attention_score_i/S_reg[12,14]                                                                                                                                                       | design_1_wrapper_i/rst                                                                                                                  |                5 |             16 |         3.20 |
|  design_1_wrapper_i/design_1_i/processing_system7_0/inst/FCLK_CLK0 | attention_score_i/S_reg[12,9]                                                                                                                                                        | design_1_wrapper_i/rst                                                                                                                  |               14 |             16 |         1.14 |
|  design_1_wrapper_i/design_1_i/processing_system7_0/inst/FCLK_CLK0 | attention_score_i/S_reg[10,10]                                                                                                                                                       | design_1_wrapper_i/rst                                                                                                                  |                3 |             16 |         5.33 |
|  design_1_wrapper_i/design_1_i/processing_system7_0/inst/FCLK_CLK0 | attention_score_i/S_reg[12,8]                                                                                                                                                        | design_1_wrapper_i/rst                                                                                                                  |                5 |             16 |         3.20 |
|  design_1_wrapper_i/design_1_i/processing_system7_0/inst/FCLK_CLK0 | attention_score_i/S_reg[11,13]                                                                                                                                                       | design_1_wrapper_i/rst                                                                                                                  |                3 |             16 |         5.33 |
|  design_1_wrapper_i/design_1_i/processing_system7_0/inst/FCLK_CLK0 | attention_score_i/S_reg[12,10]                                                                                                                                                       | design_1_wrapper_i/rst                                                                                                                  |                5 |             16 |         3.20 |
|  design_1_wrapper_i/design_1_i/processing_system7_0/inst/FCLK_CLK0 | attention_score_i/S_reg[11,15]                                                                                                                                                       | design_1_wrapper_i/rst                                                                                                                  |                8 |             16 |         2.00 |
|  design_1_wrapper_i/design_1_i/processing_system7_0/inst/FCLK_CLK0 | attention_score_i/S_reg[11,5]                                                                                                                                                        | design_1_wrapper_i/rst                                                                                                                  |                6 |             16 |         2.67 |
|  design_1_wrapper_i/design_1_i/processing_system7_0/inst/FCLK_CLK0 | attention_score_i/S_reg[12,15]                                                                                                                                                       | design_1_wrapper_i/rst                                                                                                                  |                5 |             16 |         3.20 |
|  design_1_wrapper_i/design_1_i/processing_system7_0/inst/FCLK_CLK0 | attention_score_i/S_reg[1,8]                                                                                                                                                         | design_1_wrapper_i/rst                                                                                                                  |                9 |             16 |         1.78 |
|  design_1_wrapper_i/design_1_i/processing_system7_0/inst/FCLK_CLK0 | attention_score_i/S_reg[13,0]                                                                                                                                                        | design_1_wrapper_i/rst                                                                                                                  |                6 |             16 |         2.67 |
|  design_1_wrapper_i/design_1_i/processing_system7_0/inst/FCLK_CLK0 | attention_score_i/S_reg[13,11]                                                                                                                                                       | design_1_wrapper_i/rst                                                                                                                  |                7 |             16 |         2.29 |
|  design_1_wrapper_i/design_1_i/processing_system7_0/inst/FCLK_CLK0 | attention_score_i/S_reg[11,8]                                                                                                                                                        | design_1_wrapper_i/rst                                                                                                                  |                7 |             16 |         2.29 |
|  design_1_wrapper_i/design_1_i/processing_system7_0/inst/FCLK_CLK0 | attention_score_i/S_reg[10,0]                                                                                                                                                        | design_1_wrapper_i/rst                                                                                                                  |                9 |             16 |         1.78 |
|  design_1_wrapper_i/design_1_i/processing_system7_0/inst/FCLK_CLK0 | attention_score_i/S_reg[12,0]                                                                                                                                                        | design_1_wrapper_i/rst                                                                                                                  |               11 |             16 |         1.45 |
|  design_1_wrapper_i/design_1_i/processing_system7_0/inst/FCLK_CLK0 | attention_score_i/S_reg[11,3]                                                                                                                                                        | design_1_wrapper_i/rst                                                                                                                  |                7 |             16 |         2.29 |
|  design_1_wrapper_i/design_1_i/processing_system7_0/inst/FCLK_CLK0 | attention_score_i/S_reg[12,12]                                                                                                                                                       | design_1_wrapper_i/rst                                                                                                                  |                4 |             16 |         4.00 |
|  design_1_wrapper_i/design_1_i/processing_system7_0/inst/FCLK_CLK0 | attention_score_i/S_reg[12,2]                                                                                                                                                        | design_1_wrapper_i/rst                                                                                                                  |               10 |             16 |         1.60 |
|  design_1_wrapper_i/design_1_i/processing_system7_0/inst/FCLK_CLK0 | attention_score_i/S_reg[12,4]                                                                                                                                                        | design_1_wrapper_i/rst                                                                                                                  |                7 |             16 |         2.29 |
|  design_1_wrapper_i/design_1_i/processing_system7_0/inst/FCLK_CLK0 | attention_score_i/S_reg[13,10]                                                                                                                                                       | design_1_wrapper_i/rst                                                                                                                  |                3 |             16 |         5.33 |
|  design_1_wrapper_i/design_1_i/processing_system7_0/inst/FCLK_CLK0 | attention_score_i/S_reg[13,13]                                                                                                                                                       | design_1_wrapper_i/rst                                                                                                                  |                6 |             16 |         2.67 |
|  design_1_wrapper_i/design_1_i/processing_system7_0/inst/FCLK_CLK0 | attention_score_i/S_reg[13,1]                                                                                                                                                        | design_1_wrapper_i/rst                                                                                                                  |                9 |             16 |         1.78 |
|  design_1_wrapper_i/design_1_i/processing_system7_0/inst/FCLK_CLK0 | attention_score_i/S_reg[10,6]                                                                                                                                                        | design_1_wrapper_i/rst                                                                                                                  |                5 |             16 |         3.20 |
|  design_1_wrapper_i/design_1_i/processing_system7_0/inst/FCLK_CLK0 | attention_score_i/S_reg[13,2]                                                                                                                                                        | design_1_wrapper_i/rst                                                                                                                  |                7 |             16 |         2.29 |
|  design_1_wrapper_i/design_1_i/processing_system7_0/inst/FCLK_CLK0 | attention_score_i/S_reg[13,3]                                                                                                                                                        | design_1_wrapper_i/rst                                                                                                                  |                5 |             16 |         3.20 |
|  design_1_wrapper_i/design_1_i/processing_system7_0/inst/FCLK_CLK0 | attention_score_i/S_reg[11,7]                                                                                                                                                        | design_1_wrapper_i/rst                                                                                                                  |                6 |             16 |         2.67 |
|  design_1_wrapper_i/design_1_i/processing_system7_0/inst/FCLK_CLK0 | attention_score_i/S_reg[10,4]                                                                                                                                                        | design_1_wrapper_i/rst                                                                                                                  |                4 |             16 |         4.00 |
|  design_1_wrapper_i/design_1_i/processing_system7_0/inst/FCLK_CLK0 | attention_score_i/S_reg[10,7]                                                                                                                                                        | design_1_wrapper_i/rst                                                                                                                  |                8 |             16 |         2.00 |
|  design_1_wrapper_i/design_1_i/processing_system7_0/inst/FCLK_CLK0 | attention_score_i/S_reg[11,4]                                                                                                                                                        | design_1_wrapper_i/rst                                                                                                                  |                8 |             16 |         2.00 |
|  design_1_wrapper_i/design_1_i/processing_system7_0/inst/FCLK_CLK0 | attention_score_i/S_reg[10,9]                                                                                                                                                        | design_1_wrapper_i/rst                                                                                                                  |                8 |             16 |         2.00 |
|  design_1_wrapper_i/design_1_i/processing_system7_0/inst/FCLK_CLK0 | attention_score_i/S_reg[11,12]                                                                                                                                                       | design_1_wrapper_i/rst                                                                                                                  |                4 |             16 |         4.00 |
|  design_1_wrapper_i/design_1_i/processing_system7_0/inst/FCLK_CLK0 | attention_score_i/S_reg[12,7]                                                                                                                                                        | design_1_wrapper_i/rst                                                                                                                  |                9 |             16 |         1.78 |
|  design_1_wrapper_i/design_1_i/processing_system7_0/inst/FCLK_CLK0 | attention_score_i/S_reg[13,14]                                                                                                                                                       | design_1_wrapper_i/rst                                                                                                                  |                6 |             16 |         2.67 |
|  design_1_wrapper_i/design_1_i/processing_system7_0/inst/FCLK_CLK0 | attention_score_i/S_reg[1,7]                                                                                                                                                         | design_1_wrapper_i/rst                                                                                                                  |               11 |             16 |         1.45 |
|  design_1_wrapper_i/design_1_i/processing_system7_0/inst/FCLK_CLK0 | attention_score_i/S_reg[13,15]                                                                                                                                                       | design_1_wrapper_i/rst                                                                                                                  |                8 |             16 |         2.00 |
|  design_1_wrapper_i/design_1_i/processing_system7_0/inst/FCLK_CLK0 | attention_score_i/S_reg[10,13]                                                                                                                                                       | design_1_wrapper_i/rst                                                                                                                  |                5 |             16 |         3.20 |
|  design_1_wrapper_i/design_1_i/processing_system7_0/inst/FCLK_CLK0 | attention_score_i/S_reg[12,3]                                                                                                                                                        | design_1_wrapper_i/rst                                                                                                                  |                4 |             16 |         4.00 |
|  design_1_wrapper_i/design_1_i/processing_system7_0/inst/FCLK_CLK0 | attention_score_i/S_reg[11,6]                                                                                                                                                        | design_1_wrapper_i/rst                                                                                                                  |                7 |             16 |         2.29 |
|  design_1_wrapper_i/design_1_i/processing_system7_0/inst/FCLK_CLK0 | attention_score_i/S_reg[10,5]                                                                                                                                                        | design_1_wrapper_i/rst                                                                                                                  |                6 |             16 |         2.67 |
|  design_1_wrapper_i/design_1_i/processing_system7_0/inst/FCLK_CLK0 | attention_score_i/S_reg[1,9]                                                                                                                                                         | design_1_wrapper_i/rst                                                                                                                  |                8 |             16 |         2.00 |
|  design_1_wrapper_i/design_1_i/processing_system7_0/inst/FCLK_CLK0 | attention_score_i/S_reg[10,8]                                                                                                                                                        | design_1_wrapper_i/rst                                                                                                                  |                7 |             16 |         2.29 |
|  design_1_wrapper_i/design_1_i/processing_system7_0/inst/FCLK_CLK0 | attention_score_i/S_reg[11,2]                                                                                                                                                        | design_1_wrapper_i/rst                                                                                                                  |                3 |             16 |         5.33 |
|  design_1_wrapper_i/design_1_i/processing_system7_0/inst/FCLK_CLK0 | attention_score_i/S_reg[12,1]                                                                                                                                                        | design_1_wrapper_i/rst                                                                                                                  |                4 |             16 |         4.00 |
|  design_1_wrapper_i/design_1_i/processing_system7_0/inst/FCLK_CLK0 | attention_score_i/S_reg[10,11]                                                                                                                                                       | design_1_wrapper_i/rst                                                                                                                  |                4 |             16 |         4.00 |
|  design_1_wrapper_i/design_1_i/processing_system7_0/inst/FCLK_CLK0 | attention_score_i/S_reg[10,3]                                                                                                                                                        | design_1_wrapper_i/rst                                                                                                                  |                5 |             16 |         3.20 |
|  design_1_wrapper_i/design_1_i/processing_system7_0/inst/FCLK_CLK0 | attention_score_i/S_reg[11,1]                                                                                                                                                        | design_1_wrapper_i/rst                                                                                                                  |                4 |             16 |         4.00 |
|  design_1_wrapper_i/design_1_i/processing_system7_0/inst/FCLK_CLK0 | attention_score_i/S_reg[10,2]                                                                                                                                                        | design_1_wrapper_i/rst                                                                                                                  |                9 |             16 |         1.78 |
|  design_1_wrapper_i/design_1_i/processing_system7_0/inst/FCLK_CLK0 | attention_score_i/S_reg[11,10]                                                                                                                                                       | design_1_wrapper_i/rst                                                                                                                  |                3 |             16 |         5.33 |
|  design_1_wrapper_i/design_1_i/processing_system7_0/inst/FCLK_CLK0 | attention_score_i/S_reg[12,5]                                                                                                                                                        | design_1_wrapper_i/rst                                                                                                                  |                8 |             16 |         2.00 |
|  design_1_wrapper_i/design_1_i/processing_system7_0/inst/FCLK_CLK0 | attention_score_i/S_reg[12,6]                                                                                                                                                        | design_1_wrapper_i/rst                                                                                                                  |                8 |             16 |         2.00 |
|  design_1_wrapper_i/design_1_i/processing_system7_0/inst/FCLK_CLK0 | attention_score_i/S_reg[10,12]                                                                                                                                                       | design_1_wrapper_i/rst                                                                                                                  |                6 |             16 |         2.67 |
|  design_1_wrapper_i/design_1_i/processing_system7_0/inst/FCLK_CLK0 | attention_score_i/S_reg[10,1]                                                                                                                                                        | design_1_wrapper_i/rst                                                                                                                  |                5 |             16 |         3.20 |
|  design_1_wrapper_i/design_1_i/processing_system7_0/inst/FCLK_CLK0 | attention_score_i/S_reg[1,6]                                                                                                                                                         | design_1_wrapper_i/rst                                                                                                                  |               11 |             16 |         1.45 |
|  design_1_wrapper_i/design_1_i/processing_system7_0/inst/FCLK_CLK0 | attention_score_i/S_reg[11,11]                                                                                                                                                       | design_1_wrapper_i/rst                                                                                                                  |                4 |             16 |         4.00 |
|  design_1_wrapper_i/design_1_i/processing_system7_0/inst/FCLK_CLK0 | attention_score_i/S_reg[14,9]                                                                                                                                                        | design_1_wrapper_i/rst                                                                                                                  |               10 |             16 |         1.60 |
|  design_1_wrapper_i/design_1_i/processing_system7_0/inst/FCLK_CLK0 | attention_score_i/S_reg[13,8]                                                                                                                                                        | design_1_wrapper_i/rst                                                                                                                  |                8 |             16 |         2.00 |
|  design_1_wrapper_i/design_1_i/processing_system7_0/inst/FCLK_CLK0 | attention_score_i/S_reg[15,13]                                                                                                                                                       | design_1_wrapper_i/rst                                                                                                                  |                7 |             16 |         2.29 |
|  design_1_wrapper_i/design_1_i/processing_system7_0/inst/FCLK_CLK0 | attention_score_i/S_reg[15,14]                                                                                                                                                       | design_1_wrapper_i/rst                                                                                                                  |                8 |             16 |         2.00 |
|  design_1_wrapper_i/design_1_i/processing_system7_0/inst/FCLK_CLK0 | attention_score_i/S_reg[15,15]                                                                                                                                                       | design_1_wrapper_i/rst                                                                                                                  |               13 |             16 |         1.23 |
|  design_1_wrapper_i/design_1_i/processing_system7_0/inst/FCLK_CLK0 | attention_score_i/S_reg[13,6]                                                                                                                                                        | design_1_wrapper_i/rst                                                                                                                  |               10 |             16 |         1.60 |
|  design_1_wrapper_i/design_1_i/processing_system7_0/inst/FCLK_CLK0 | attention_score_i/S_reg[14,13]                                                                                                                                                       | design_1_wrapper_i/rst                                                                                                                  |                6 |             16 |         2.67 |
|  design_1_wrapper_i/design_1_i/processing_system7_0/inst/FCLK_CLK0 | attention_score_i/S_reg[14,0]                                                                                                                                                        | design_1_wrapper_i/rst                                                                                                                  |                7 |             16 |         2.29 |
|  design_1_wrapper_i/design_1_i/processing_system7_0/inst/FCLK_CLK0 | attention_score_i/S_reg[15,1]                                                                                                                                                        | design_1_wrapper_i/rst                                                                                                                  |                8 |             16 |         2.00 |
|  design_1_wrapper_i/design_1_i/processing_system7_0/inst/FCLK_CLK0 | attention_score_i/S_reg[15,3]                                                                                                                                                        | design_1_wrapper_i/rst                                                                                                                  |                6 |             16 |         2.67 |
|  design_1_wrapper_i/design_1_i/processing_system7_0/inst/FCLK_CLK0 | attention_score_i/S_reg[2,14]                                                                                                                                                        | design_1_wrapper_i/rst                                                                                                                  |               10 |             16 |         1.60 |
|  design_1_wrapper_i/design_1_i/processing_system7_0/inst/FCLK_CLK0 | attention_score_i/S_reg[15,0]                                                                                                                                                        | design_1_wrapper_i/rst                                                                                                                  |                4 |             16 |         4.00 |
|  design_1_wrapper_i/design_1_i/processing_system7_0/inst/FCLK_CLK0 | attention_score_i/S_reg[14,10]                                                                                                                                                       | design_1_wrapper_i/rst                                                                                                                  |                6 |             16 |         2.67 |
|  design_1_wrapper_i/design_1_i/processing_system7_0/inst/FCLK_CLK0 | attention_score_i/S_reg[14,3]                                                                                                                                                        | design_1_wrapper_i/rst                                                                                                                  |                6 |             16 |         2.67 |
|  design_1_wrapper_i/design_1_i/processing_system7_0/inst/FCLK_CLK0 | attention_score_i/S_reg[15,2]                                                                                                                                                        | design_1_wrapper_i/rst                                                                                                                  |                9 |             16 |         1.78 |
|  design_1_wrapper_i/design_1_i/processing_system7_0/inst/FCLK_CLK0 | attention_score_i/S_reg[15,5]                                                                                                                                                        | design_1_wrapper_i/rst                                                                                                                  |                7 |             16 |         2.29 |
|  design_1_wrapper_i/design_1_i/processing_system7_0/inst/FCLK_CLK0 | attention_score_i/S_reg[15,7]                                                                                                                                                        | design_1_wrapper_i/rst                                                                                                                  |                8 |             16 |         2.00 |
|  design_1_wrapper_i/design_1_i/processing_system7_0/inst/FCLK_CLK0 | attention_score_i/S_reg[2,0]                                                                                                                                                         | design_1_wrapper_i/rst                                                                                                                  |                5 |             16 |         3.20 |
|  design_1_wrapper_i/design_1_i/processing_system7_0/inst/FCLK_CLK0 | attention_score_i/S_reg[13,7]                                                                                                                                                        | design_1_wrapper_i/rst                                                                                                                  |                7 |             16 |         2.29 |
|  design_1_wrapper_i/design_1_i/processing_system7_0/inst/FCLK_CLK0 | attention_score_i/S_reg[2,15]                                                                                                                                                        | design_1_wrapper_i/rst                                                                                                                  |                8 |             16 |         2.00 |
|  design_1_wrapper_i/design_1_i/processing_system7_0/inst/FCLK_CLK0 | attention_score_i/S_reg[2,1]                                                                                                                                                         | design_1_wrapper_i/rst                                                                                                                  |                3 |             16 |         5.33 |
|  design_1_wrapper_i/design_1_i/processing_system7_0/inst/FCLK_CLK0 | attention_score_i/S_reg[15,4]                                                                                                                                                        | design_1_wrapper_i/rst                                                                                                                  |                7 |             16 |         2.29 |
|  design_1_wrapper_i/design_1_i/processing_system7_0/inst/FCLK_CLK0 | attention_score_i/S_reg[15,11]                                                                                                                                                       | design_1_wrapper_i/rst                                                                                                                  |               10 |             16 |         1.60 |
|  design_1_wrapper_i/design_1_i/processing_system7_0/inst/FCLK_CLK0 | attention_score_i/S_reg[15,10]                                                                                                                                                       | design_1_wrapper_i/rst                                                                                                                  |                9 |             16 |         1.78 |
|  design_1_wrapper_i/design_1_i/processing_system7_0/inst/FCLK_CLK0 | attention_score_i/S_reg[15,9]                                                                                                                                                        | design_1_wrapper_i/rst                                                                                                                  |               11 |             16 |         1.45 |
|  design_1_wrapper_i/design_1_i/processing_system7_0/inst/FCLK_CLK0 | attention_score_i/S_reg[2,11]                                                                                                                                                        | design_1_wrapper_i/rst                                                                                                                  |                3 |             16 |         5.33 |
|  design_1_wrapper_i/design_1_i/processing_system7_0/inst/FCLK_CLK0 | attention_score_i/S_reg[2,12]                                                                                                                                                        | design_1_wrapper_i/rst                                                                                                                  |                4 |             16 |         4.00 |
|  design_1_wrapper_i/design_1_i/processing_system7_0/inst/FCLK_CLK0 | attention_score_i/S_reg[14,4]                                                                                                                                                        | design_1_wrapper_i/rst                                                                                                                  |                5 |             16 |         3.20 |
|  design_1_wrapper_i/design_1_i/processing_system7_0/inst/FCLK_CLK0 | attention_score_i/S_reg[15,8]                                                                                                                                                        | design_1_wrapper_i/rst                                                                                                                  |               12 |             16 |         1.33 |
|  design_1_wrapper_i/design_1_i/processing_system7_0/inst/FCLK_CLK0 | attention_score_i/S_reg[13,9]                                                                                                                                                        | design_1_wrapper_i/rst                                                                                                                  |                8 |             16 |         2.00 |
|  design_1_wrapper_i/design_1_i/processing_system7_0/inst/FCLK_CLK0 | attention_score_i/S_reg[2,10]                                                                                                                                                        | design_1_wrapper_i/rst                                                                                                                  |                6 |             16 |         2.67 |
|  design_1_wrapper_i/design_1_i/processing_system7_0/inst/FCLK_CLK0 | attention_score_i/S_reg[15,6]                                                                                                                                                        | design_1_wrapper_i/rst                                                                                                                  |                5 |             16 |         3.20 |
|  design_1_wrapper_i/design_1_i/processing_system7_0/inst/FCLK_CLK0 | attention_score_i/S_reg[2,13]                                                                                                                                                        | design_1_wrapper_i/rst                                                                                                                  |                4 |             16 |         4.00 |
|  design_1_wrapper_i/design_1_i/processing_system7_0/inst/FCLK_CLK0 | attention_score_i/S_reg[2,2]                                                                                                                                                         | design_1_wrapper_i/rst                                                                                                                  |                3 |             16 |         5.33 |
|  design_1_wrapper_i/design_1_i/processing_system7_0/inst/FCLK_CLK0 | attention_score_i/S_reg[2,3]                                                                                                                                                         | design_1_wrapper_i/rst                                                                                                                  |                5 |             16 |         3.20 |
|  design_1_wrapper_i/design_1_i/processing_system7_0/inst/FCLK_CLK0 | attention_score_i/S_reg[14,11]                                                                                                                                                       | design_1_wrapper_i/rst                                                                                                                  |                6 |             16 |         2.67 |
|  design_1_wrapper_i/design_1_i/processing_system7_0/inst/FCLK_CLK0 | attention_score_i/S_reg[9,15]                                                                                                                                                        | design_1_wrapper_i/rst                                                                                                                  |                6 |             16 |         2.67 |
|  design_1_wrapper_i/design_1_i/processing_system7_0/inst/FCLK_CLK0 | attention_score_i/S_reg[13,4]                                                                                                                                                        | design_1_wrapper_i/rst                                                                                                                  |                6 |             16 |         2.67 |
|  design_1_wrapper_i/design_1_i/processing_system7_0/inst/FCLK_CLK0 | attention_score_i/S_reg[14,12]                                                                                                                                                       | design_1_wrapper_i/rst                                                                                                                  |               10 |             16 |         1.60 |
|  design_1_wrapper_i/design_1_i/processing_system7_0/inst/FCLK_CLK0 | attention_score_i/S_reg[14,1]                                                                                                                                                        | design_1_wrapper_i/rst                                                                                                                  |                4 |             16 |         4.00 |
|  design_1_wrapper_i/design_1_i/processing_system7_0/inst/FCLK_CLK0 | attention_score_i/S_reg[14,15]                                                                                                                                                       | design_1_wrapper_i/rst                                                                                                                  |                4 |             16 |         4.00 |
|  design_1_wrapper_i/design_1_i/processing_system7_0/inst/FCLK_CLK0 | attention_score_i/S_reg[14,6]                                                                                                                                                        | design_1_wrapper_i/rst                                                                                                                  |                6 |             16 |         2.67 |
|  design_1_wrapper_i/design_1_i/processing_system7_0/inst/FCLK_CLK0 | attention_score_i/S_reg[14,2]                                                                                                                                                        | design_1_wrapper_i/rst                                                                                                                  |                9 |             16 |         1.78 |
|  design_1_wrapper_i/design_1_i/processing_system7_0/inst/FCLK_CLK0 | attention_score_i/S_reg[14,7]                                                                                                                                                        | design_1_wrapper_i/rst                                                                                                                  |                8 |             16 |         2.00 |
|  design_1_wrapper_i/design_1_i/processing_system7_0/inst/FCLK_CLK0 | attention_score_i/S_reg[13,5]                                                                                                                                                        | design_1_wrapper_i/rst                                                                                                                  |                8 |             16 |         2.00 |
|  design_1_wrapper_i/design_1_i/processing_system7_0/inst/FCLK_CLK0 | attention_score_i/S_reg[14,14]                                                                                                                                                       | design_1_wrapper_i/rst                                                                                                                  |                8 |             16 |         2.00 |
|  design_1_wrapper_i/design_1_i/processing_system7_0/inst/FCLK_CLK0 | attention_score_i/S_reg[14,5]                                                                                                                                                        | design_1_wrapper_i/rst                                                                                                                  |                5 |             16 |         3.20 |
|  design_1_wrapper_i/design_1_i/processing_system7_0/inst/FCLK_CLK0 | attention_score_i/S_reg[14,8]                                                                                                                                                        | design_1_wrapper_i/rst                                                                                                                  |                9 |             16 |         1.78 |
|  design_1_wrapper_i/design_1_i/processing_system7_0/inst/FCLK_CLK0 | attention_score_i/S_reg[5,6]                                                                                                                                                         | design_1_wrapper_i/rst                                                                                                                  |                5 |             16 |         3.20 |
|  design_1_wrapper_i/design_1_i/processing_system7_0/inst/FCLK_CLK0 | attention_score_i/S_reg[5,9]                                                                                                                                                         | design_1_wrapper_i/rst                                                                                                                  |                9 |             16 |         1.78 |
|  design_1_wrapper_i/design_1_i/processing_system7_0/inst/FCLK_CLK0 | attention_score_i/S_reg[2,6]                                                                                                                                                         | design_1_wrapper_i/rst                                                                                                                  |                5 |             16 |         3.20 |
|  design_1_wrapper_i/design_1_i/processing_system7_0/inst/FCLK_CLK0 | attention_score_i/S_reg[3,1]                                                                                                                                                         | design_1_wrapper_i/rst                                                                                                                  |                7 |             16 |         2.29 |
|  design_1_wrapper_i/design_1_i/processing_system7_0/inst/FCLK_CLK0 | attention_score_i/S_reg[4,1]                                                                                                                                                         | design_1_wrapper_i/rst                                                                                                                  |                6 |             16 |         2.67 |
|  design_1_wrapper_i/design_1_i/processing_system7_0/inst/FCLK_CLK0 | attention_score_i/S_reg[4,8]                                                                                                                                                         | design_1_wrapper_i/rst                                                                                                                  |               13 |             16 |         1.23 |
|  design_1_wrapper_i/design_1_i/processing_system7_0/inst/FCLK_CLK0 | attention_score_i/S_reg[4,12]                                                                                                                                                        | design_1_wrapper_i/rst                                                                                                                  |                8 |             16 |         2.00 |
|  design_1_wrapper_i/design_1_i/processing_system7_0/inst/FCLK_CLK0 | attention_score_i/S_reg[4,4]                                                                                                                                                         | design_1_wrapper_i/rst                                                                                                                  |                7 |             16 |         2.29 |
|  design_1_wrapper_i/design_1_i/processing_system7_0/inst/FCLK_CLK0 | attention_score_i/S_reg[5,15]                                                                                                                                                        | design_1_wrapper_i/rst                                                                                                                  |                5 |             16 |         3.20 |
|  design_1_wrapper_i/design_1_i/processing_system7_0/inst/FCLK_CLK0 | attention_score_i/S_reg[5,7]                                                                                                                                                         | design_1_wrapper_i/rst                                                                                                                  |               12 |             16 |         1.33 |
|  design_1_wrapper_i/design_1_i/processing_system7_0/inst/FCLK_CLK0 | attention_score_i/S_reg[4,2]                                                                                                                                                         | design_1_wrapper_i/rst                                                                                                                  |                7 |             16 |         2.29 |
|  design_1_wrapper_i/design_1_i/processing_system7_0/inst/FCLK_CLK0 | attention_score_i/S_reg[5,1]                                                                                                                                                         | design_1_wrapper_i/rst                                                                                                                  |                9 |             16 |         1.78 |
|  design_1_wrapper_i/design_1_i/processing_system7_0/inst/FCLK_CLK0 | attention_score_i/S_reg[6,10]                                                                                                                                                        | design_1_wrapper_i/rst                                                                                                                  |                3 |             16 |         5.33 |
|  design_1_wrapper_i/design_1_i/processing_system7_0/inst/FCLK_CLK0 | attention_score_i/S_reg[3,14]                                                                                                                                                        | design_1_wrapper_i/rst                                                                                                                  |                4 |             16 |         4.00 |
|  design_1_wrapper_i/design_1_i/processing_system7_0/inst/FCLK_CLK0 | attention_score_i/S_reg[6,11]                                                                                                                                                        | design_1_wrapper_i/rst                                                                                                                  |                4 |             16 |         4.00 |
|  design_1_wrapper_i/design_1_i/processing_system7_0/inst/FCLK_CLK0 | attention_score_i/S_reg[4,7]                                                                                                                                                         | design_1_wrapper_i/rst                                                                                                                  |                9 |             16 |         1.78 |
|  design_1_wrapper_i/design_1_i/processing_system7_0/inst/FCLK_CLK0 | attention_score_i/S_reg[4,9]                                                                                                                                                         | design_1_wrapper_i/rst                                                                                                                  |               11 |             16 |         1.45 |
|  design_1_wrapper_i/design_1_i/processing_system7_0/inst/FCLK_CLK0 | attention_score_i/S_reg[2,8]                                                                                                                                                         | design_1_wrapper_i/rst                                                                                                                  |                7 |             16 |         2.29 |
|  design_1_wrapper_i/design_1_i/processing_system7_0/inst/FCLK_CLK0 | attention_score_i/S_reg[5,8]                                                                                                                                                         | design_1_wrapper_i/rst                                                                                                                  |               12 |             16 |         1.33 |
|  design_1_wrapper_i/design_1_i/processing_system7_0/inst/FCLK_CLK0 | attention_score_i/S_reg[2,4]                                                                                                                                                         | design_1_wrapper_i/rst                                                                                                                  |                8 |             16 |         2.00 |
|  design_1_wrapper_i/design_1_i/processing_system7_0/inst/FCLK_CLK0 | attention_score_i/S_reg[2,5]                                                                                                                                                         | design_1_wrapper_i/rst                                                                                                                  |                5 |             16 |         3.20 |
|  design_1_wrapper_i/design_1_i/processing_system7_0/inst/FCLK_CLK0 | attention_score_i/S_reg[4,0]                                                                                                                                                         | design_1_wrapper_i/rst                                                                                                                  |                4 |             16 |         4.00 |
|  design_1_wrapper_i/design_1_i/processing_system7_0/inst/FCLK_CLK0 | attention_score_i/S_reg[4,13]                                                                                                                                                        | design_1_wrapper_i/rst                                                                                                                  |                7 |             16 |         2.29 |
|  design_1_wrapper_i/design_1_i/processing_system7_0/inst/FCLK_CLK0 | attention_score_i/S_reg[5,14]                                                                                                                                                        | design_1_wrapper_i/rst                                                                                                                  |                6 |             16 |         2.67 |
|  design_1_wrapper_i/design_1_i/processing_system7_0/inst/FCLK_CLK0 | attention_score_i/S_reg[3,11]                                                                                                                                                        | design_1_wrapper_i/rst                                                                                                                  |                8 |             16 |         2.00 |
|  design_1_wrapper_i/design_1_i/processing_system7_0/inst/FCLK_CLK0 | attention_score_i/S_reg[5,11]                                                                                                                                                        | design_1_wrapper_i/rst                                                                                                                  |                6 |             16 |         2.67 |
|  design_1_wrapper_i/design_1_i/processing_system7_0/inst/FCLK_CLK0 | attention_score_i/S_reg[3,4]                                                                                                                                                         | design_1_wrapper_i/rst                                                                                                                  |               10 |             16 |         1.60 |
|  design_1_wrapper_i/design_1_i/processing_system7_0/inst/FCLK_CLK0 | attention_score_i/S_reg[5,3]                                                                                                                                                         | design_1_wrapper_i/rst                                                                                                                  |                9 |             16 |         1.78 |
|  design_1_wrapper_i/design_1_i/processing_system7_0/inst/FCLK_CLK0 | attention_score_i/S_reg[5,5]                                                                                                                                                         | design_1_wrapper_i/rst                                                                                                                  |                9 |             16 |         1.78 |
|  design_1_wrapper_i/design_1_i/processing_system7_0/inst/FCLK_CLK0 | attention_score_i/S_reg[6,14]                                                                                                                                                        | design_1_wrapper_i/rst                                                                                                                  |                6 |             16 |         2.67 |
|  design_1_wrapper_i/design_1_i/processing_system7_0/inst/FCLK_CLK0 | attention_score_i/S_reg[6,13]                                                                                                                                                        | design_1_wrapper_i/rst                                                                                                                  |                5 |             16 |         3.20 |
|  design_1_wrapper_i/design_1_i/processing_system7_0/inst/FCLK_CLK0 | attention_score_i/S_reg[6,0]                                                                                                                                                         | design_1_wrapper_i/rst                                                                                                                  |                3 |             16 |         5.33 |
|  design_1_wrapper_i/design_1_i/processing_system7_0/inst/FCLK_CLK0 | attention_score_i/S_reg[5,10]                                                                                                                                                        | design_1_wrapper_i/rst                                                                                                                  |                5 |             16 |         3.20 |
|  design_1_wrapper_i/design_1_i/processing_system7_0/inst/FCLK_CLK0 | attention_score_i/S_reg[3,12]                                                                                                                                                        | design_1_wrapper_i/rst                                                                                                                  |                8 |             16 |         2.00 |
|  design_1_wrapper_i/design_1_i/processing_system7_0/inst/FCLK_CLK0 | attention_score_i/S_reg[5,4]                                                                                                                                                         | design_1_wrapper_i/rst                                                                                                                  |                9 |             16 |         1.78 |
|  design_1_wrapper_i/design_1_i/processing_system7_0/inst/FCLK_CLK0 | attention_score_i/S_reg[6,12]                                                                                                                                                        | design_1_wrapper_i/rst                                                                                                                  |                5 |             16 |         3.20 |
|  design_1_wrapper_i/design_1_i/processing_system7_0/inst/FCLK_CLK0 | attention_score_i/S_reg[3,3]                                                                                                                                                         | design_1_wrapper_i/rst                                                                                                                  |                5 |             16 |         3.20 |
|  design_1_wrapper_i/design_1_i/processing_system7_0/inst/FCLK_CLK0 | attention_score_i/S_reg[3,5]                                                                                                                                                         | design_1_wrapper_i/rst                                                                                                                  |                7 |             16 |         2.29 |
|  design_1_wrapper_i/design_1_i/processing_system7_0/inst/FCLK_CLK0 | attention_score_i/S_reg[4,11]                                                                                                                                                        | design_1_wrapper_i/rst                                                                                                                  |                7 |             16 |         2.29 |
|  design_1_wrapper_i/design_1_i/processing_system7_0/inst/FCLK_CLK0 | attention_score_i/S_reg[2,7]                                                                                                                                                         | design_1_wrapper_i/rst                                                                                                                  |                6 |             16 |         2.67 |
|  design_1_wrapper_i/design_1_i/processing_system7_0/inst/FCLK_CLK0 | attention_score_i/S_reg[4,5]                                                                                                                                                         | design_1_wrapper_i/rst                                                                                                                  |                8 |             16 |         2.00 |
|  design_1_wrapper_i/design_1_i/processing_system7_0/inst/FCLK_CLK0 | attention_score_i/S_reg[3,10]                                                                                                                                                        | design_1_wrapper_i/rst                                                                                                                  |                8 |             16 |         2.00 |
|  design_1_wrapper_i/design_1_i/processing_system7_0/inst/FCLK_CLK0 | attention_score_i/S_reg[5,0]                                                                                                                                                         | design_1_wrapper_i/rst                                                                                                                  |                8 |             16 |         2.00 |
|  design_1_wrapper_i/design_1_i/processing_system7_0/inst/FCLK_CLK0 | attention_score_i/S_reg[4,14]                                                                                                                                                        | design_1_wrapper_i/rst                                                                                                                  |                9 |             16 |         1.78 |
|  design_1_wrapper_i/design_1_i/processing_system7_0/inst/FCLK_CLK0 | attention_score_i/S_reg[3,2]                                                                                                                                                         | design_1_wrapper_i/rst                                                                                                                  |                6 |             16 |         2.67 |
|  design_1_wrapper_i/design_1_i/processing_system7_0/inst/FCLK_CLK0 | attention_score_i/S_reg[4,15]                                                                                                                                                        | design_1_wrapper_i/rst                                                                                                                  |                6 |             16 |         2.67 |
|  design_1_wrapper_i/design_1_i/processing_system7_0/inst/FCLK_CLK0 | attention_score_i/S_reg[2,9]                                                                                                                                                         | design_1_wrapper_i/rst                                                                                                                  |                8 |             16 |         2.00 |
|  design_1_wrapper_i/design_1_i/processing_system7_0/inst/FCLK_CLK0 | attention_score_i/S_reg[5,12]                                                                                                                                                        | design_1_wrapper_i/rst                                                                                                                  |                7 |             16 |         2.29 |
|  design_1_wrapper_i/design_1_i/processing_system7_0/inst/FCLK_CLK0 | attention_score_i/S_reg[4,3]                                                                                                                                                         | design_1_wrapper_i/rst                                                                                                                  |                3 |             16 |         5.33 |
|  design_1_wrapper_i/design_1_i/processing_system7_0/inst/FCLK_CLK0 | attention_score_i/S_reg[3,8]                                                                                                                                                         | design_1_wrapper_i/rst                                                                                                                  |                5 |             16 |         3.20 |
|  design_1_wrapper_i/design_1_i/processing_system7_0/inst/FCLK_CLK0 | attention_score_i/S_reg[5,13]                                                                                                                                                        | design_1_wrapper_i/rst                                                                                                                  |                7 |             16 |         2.29 |
|  design_1_wrapper_i/design_1_i/processing_system7_0/inst/FCLK_CLK0 | attention_score_i/S_reg[3,15]                                                                                                                                                        | design_1_wrapper_i/rst                                                                                                                  |                6 |             16 |         2.67 |
|  design_1_wrapper_i/design_1_i/processing_system7_0/inst/FCLK_CLK0 | attention_score_i/S_reg[3,13]                                                                                                                                                        | design_1_wrapper_i/rst                                                                                                                  |                8 |             16 |         2.00 |
|  design_1_wrapper_i/design_1_i/processing_system7_0/inst/FCLK_CLK0 | attention_score_i/S_reg[3,6]                                                                                                                                                         | design_1_wrapper_i/rst                                                                                                                  |                9 |             16 |         1.78 |
|  design_1_wrapper_i/design_1_i/processing_system7_0/inst/FCLK_CLK0 | attention_score_i/S_reg[3,9]                                                                                                                                                         | design_1_wrapper_i/rst                                                                                                                  |               10 |             16 |         1.60 |
|  design_1_wrapper_i/design_1_i/processing_system7_0/inst/FCLK_CLK0 | attention_score_i/S_reg[4,10]                                                                                                                                                        | design_1_wrapper_i/rst                                                                                                                  |                8 |             16 |         2.00 |
|  design_1_wrapper_i/design_1_i/processing_system7_0/inst/FCLK_CLK0 | attention_score_i/S_reg[3,7]                                                                                                                                                         | design_1_wrapper_i/rst                                                                                                                  |                9 |             16 |         1.78 |
|  design_1_wrapper_i/design_1_i/processing_system7_0/inst/FCLK_CLK0 | attention_score_i/S_reg[4,6]                                                                                                                                                         | design_1_wrapper_i/rst                                                                                                                  |                8 |             16 |         2.00 |
|  design_1_wrapper_i/design_1_i/processing_system7_0/inst/FCLK_CLK0 | attention_score_i/S_reg[5,2]                                                                                                                                                         | design_1_wrapper_i/rst                                                                                                                  |                8 |             16 |         2.00 |
|  design_1_wrapper_i/design_1_i/processing_system7_0/inst/FCLK_CLK0 | attention_score_i/S_reg[8,4]                                                                                                                                                         | design_1_wrapper_i/rst                                                                                                                  |                7 |             16 |         2.29 |
|  design_1_wrapper_i/design_1_i/processing_system7_0/inst/FCLK_CLK0 | attention_score_i/S_reg[7,7]                                                                                                                                                         | design_1_wrapper_i/rst                                                                                                                  |                5 |             16 |         3.20 |
|  design_1_wrapper_i/design_1_i/processing_system7_0/inst/FCLK_CLK0 | attention_score_i/S_reg[6,8]                                                                                                                                                         | design_1_wrapper_i/rst                                                                                                                  |                8 |             16 |         2.00 |
|  design_1_wrapper_i/design_1_i/processing_system7_0/inst/FCLK_CLK0 | attention_score_i/S_reg[6,7]                                                                                                                                                         | design_1_wrapper_i/rst                                                                                                                  |               11 |             16 |         1.45 |
|  design_1_wrapper_i/design_1_i/processing_system7_0/inst/FCLK_CLK0 | attention_score_i/S_reg[8,14]                                                                                                                                                        | design_1_wrapper_i/rst                                                                                                                  |                7 |             16 |         2.29 |
|  design_1_wrapper_i/design_1_i/processing_system7_0/inst/FCLK_CLK0 | attention_score_i/S_reg[8,2]                                                                                                                                                         | design_1_wrapper_i/rst                                                                                                                  |                5 |             16 |         3.20 |
|  design_1_wrapper_i/design_1_i/processing_system7_0/inst/FCLK_CLK0 | attention_score_i/S_reg[7,4]                                                                                                                                                         | design_1_wrapper_i/rst                                                                                                                  |                6 |             16 |         2.67 |
|  design_1_wrapper_i/design_1_i/processing_system7_0/inst/FCLK_CLK0 | attention_score_i/S_reg[6,3]                                                                                                                                                         | design_1_wrapper_i/rst                                                                                                                  |                7 |             16 |         2.29 |
|  design_1_wrapper_i/design_1_i/processing_system7_0/inst/FCLK_CLK0 | attention_score_i/S_reg[8,7]                                                                                                                                                         | design_1_wrapper_i/rst                                                                                                                  |                9 |             16 |         1.78 |
|  design_1_wrapper_i/design_1_i/processing_system7_0/inst/FCLK_CLK0 | attention_score_i/S_reg[6,1]                                                                                                                                                         | design_1_wrapper_i/rst                                                                                                                  |                7 |             16 |         2.29 |
|  design_1_wrapper_i/design_1_i/processing_system7_0/inst/FCLK_CLK0 | attention_score_i/S_reg[8,8]                                                                                                                                                         | design_1_wrapper_i/rst                                                                                                                  |               10 |             16 |         1.60 |
|  design_1_wrapper_i/design_1_i/processing_system7_0/inst/FCLK_CLK0 | attention_score_i/S_reg[8,13]                                                                                                                                                        | design_1_wrapper_i/rst                                                                                                                  |                6 |             16 |         2.67 |
|  design_1_wrapper_i/design_1_i/processing_system7_0/inst/FCLK_CLK0 | attention_score_i/S_reg[8,5]                                                                                                                                                         | design_1_wrapper_i/rst                                                                                                                  |                7 |             16 |         2.29 |
|  design_1_wrapper_i/design_1_i/processing_system7_0/inst/FCLK_CLK0 | attention_score_i/S_reg[8,9]                                                                                                                                                         | design_1_wrapper_i/rst                                                                                                                  |               11 |             16 |         1.45 |
|  design_1_wrapper_i/design_1_i/processing_system7_0/inst/FCLK_CLK0 | attention_score_i/S_reg[7,8]                                                                                                                                                         | design_1_wrapper_i/rst                                                                                                                  |                9 |             16 |         1.78 |
|  design_1_wrapper_i/design_1_i/processing_system7_0/inst/FCLK_CLK0 | attention_score_i/S_reg[9,0]                                                                                                                                                         | design_1_wrapper_i/rst                                                                                                                  |                3 |             16 |         5.33 |
|  design_1_wrapper_i/design_1_i/processing_system7_0/inst/FCLK_CLK0 | attention_score_i/S_reg[9,11]                                                                                                                                                        | design_1_wrapper_i/rst                                                                                                                  |                6 |             16 |         2.67 |
|  design_1_wrapper_i/design_1_i/processing_system7_0/inst/FCLK_CLK0 | attention_score_i/S_reg[6,6]                                                                                                                                                         | design_1_wrapper_i/rst                                                                                                                  |                8 |             16 |         2.00 |
|  design_1_wrapper_i/design_1_i/processing_system7_0/inst/FCLK_CLK0 | attention_score_i/S_reg[8,10]                                                                                                                                                        | design_1_wrapper_i/rst                                                                                                                  |                6 |             16 |         2.67 |
|  design_1_wrapper_i/design_1_i/processing_system7_0/inst/FCLK_CLK0 | attention_score_i/S_reg[9,12]                                                                                                                                                        | design_1_wrapper_i/rst                                                                                                                  |                5 |             16 |         3.20 |
|  design_1_wrapper_i/design_1_i/processing_system7_0/inst/FCLK_CLK0 | attention_score_i/S_reg[7,12]                                                                                                                                                        | design_1_wrapper_i/rst                                                                                                                  |                7 |             16 |         2.29 |
|  design_1_wrapper_i/design_1_i/processing_system7_0/inst/FCLK_CLK0 | attention_score_i/S_reg[7,14]                                                                                                                                                        | design_1_wrapper_i/rst                                                                                                                  |                5 |             16 |         3.20 |
|  design_1_wrapper_i/design_1_i/processing_system7_0/inst/FCLK_CLK0 | attention_score_i/S_reg[6,5]                                                                                                                                                         | design_1_wrapper_i/rst                                                                                                                  |                6 |             16 |         2.67 |
|  design_1_wrapper_i/design_1_i/processing_system7_0/inst/FCLK_CLK0 | attention_score_i/S_reg[8,11]                                                                                                                                                        | design_1_wrapper_i/rst                                                                                                                  |                5 |             16 |         3.20 |
|  design_1_wrapper_i/design_1_i/processing_system7_0/inst/FCLK_CLK0 | attention_score_i/S_reg[8,6]                                                                                                                                                         | design_1_wrapper_i/rst                                                                                                                  |                9 |             16 |         1.78 |
|  design_1_wrapper_i/design_1_i/processing_system7_0/inst/FCLK_CLK0 | attention_score_i/S_reg[6,4]                                                                                                                                                         | design_1_wrapper_i/rst                                                                                                                  |                3 |             16 |         5.33 |
|  design_1_wrapper_i/design_1_i/processing_system7_0/inst/FCLK_CLK0 | attention_score_i/S_reg[7,1]                                                                                                                                                         | design_1_wrapper_i/rst                                                                                                                  |                8 |             16 |         2.00 |
|  design_1_wrapper_i/design_1_i/processing_system7_0/inst/FCLK_CLK0 | attention_score_i/S_reg[7,11]                                                                                                                                                        | design_1_wrapper_i/rst                                                                                                                  |                3 |             16 |         5.33 |
|  design_1_wrapper_i/design_1_i/processing_system7_0/inst/FCLK_CLK0 | attention_score_i/S_reg[9,13]                                                                                                                                                        | design_1_wrapper_i/rst                                                                                                                  |                6 |             16 |         2.67 |
|  design_1_wrapper_i/design_1_i/processing_system7_0/inst/FCLK_CLK0 | attention_score_i/S_reg[7,2]                                                                                                                                                         | design_1_wrapper_i/rst                                                                                                                  |                3 |             16 |         5.33 |
|  design_1_wrapper_i/design_1_i/processing_system7_0/inst/FCLK_CLK0 | attention_score_i/S_reg[7,15]                                                                                                                                                        | design_1_wrapper_i/rst                                                                                                                  |                7 |             16 |         2.29 |
|  design_1_wrapper_i/design_1_i/processing_system7_0/inst/FCLK_CLK0 | attention_score_i/S_reg[8,0]                                                                                                                                                         | design_1_wrapper_i/rst                                                                                                                  |                8 |             16 |         2.00 |
|  design_1_wrapper_i/design_1_i/processing_system7_0/inst/FCLK_CLK0 | attention_score_i/S_reg[9,10]                                                                                                                                                        | design_1_wrapper_i/rst                                                                                                                  |                6 |             16 |         2.67 |
|  design_1_wrapper_i/design_1_i/processing_system7_0/inst/FCLK_CLK0 | attention_score_i/S_reg[6,15]                                                                                                                                                        | design_1_wrapper_i/rst                                                                                                                  |                4 |             16 |         4.00 |
|  design_1_wrapper_i/design_1_i/processing_system7_0/inst/FCLK_CLK0 | attention_score_i/S_reg[7,10]                                                                                                                                                        | design_1_wrapper_i/rst                                                                                                                  |                7 |             16 |         2.29 |
|  design_1_wrapper_i/design_1_i/processing_system7_0/inst/FCLK_CLK0 | attention_score_i/S_reg[7,13]                                                                                                                                                        | design_1_wrapper_i/rst                                                                                                                  |                4 |             16 |         4.00 |
|  design_1_wrapper_i/design_1_i/processing_system7_0/inst/FCLK_CLK0 | attention_score_i/S_reg[7,0]                                                                                                                                                         | design_1_wrapper_i/rst                                                                                                                  |                7 |             16 |         2.29 |
|  design_1_wrapper_i/design_1_i/processing_system7_0/inst/FCLK_CLK0 | attention_score_i/S_reg[6,9]                                                                                                                                                         | design_1_wrapper_i/rst                                                                                                                  |               13 |             16 |         1.23 |
|  design_1_wrapper_i/design_1_i/processing_system7_0/inst/FCLK_CLK0 | attention_score_i/S_reg[7,6]                                                                                                                                                         | design_1_wrapper_i/rst                                                                                                                  |               11 |             16 |         1.45 |
|  design_1_wrapper_i/design_1_i/processing_system7_0/inst/FCLK_CLK0 | attention_score_i/S_reg[7,3]                                                                                                                                                         | design_1_wrapper_i/rst                                                                                                                  |                6 |             16 |         2.67 |
|  design_1_wrapper_i/design_1_i/processing_system7_0/inst/FCLK_CLK0 | attention_score_i/S_reg[8,12]                                                                                                                                                        | design_1_wrapper_i/rst                                                                                                                  |                6 |             16 |         2.67 |
|  design_1_wrapper_i/design_1_i/processing_system7_0/inst/FCLK_CLK0 | attention_score_i/S_reg[8,1]                                                                                                                                                         | design_1_wrapper_i/rst                                                                                                                  |                6 |             16 |         2.67 |
|  design_1_wrapper_i/design_1_i/processing_system7_0/inst/FCLK_CLK0 | attention_score_i/S_reg[8,3]                                                                                                                                                         | design_1_wrapper_i/rst                                                                                                                  |                8 |             16 |         2.00 |
|  design_1_wrapper_i/design_1_i/processing_system7_0/inst/FCLK_CLK0 | attention_score_i/S_reg[6,2]                                                                                                                                                         | design_1_wrapper_i/rst                                                                                                                  |                6 |             16 |         2.67 |
|  design_1_wrapper_i/design_1_i/processing_system7_0/inst/FCLK_CLK0 | attention_score_i/S_reg[7,5]                                                                                                                                                         | design_1_wrapper_i/rst                                                                                                                  |                6 |             16 |         2.67 |
|  design_1_wrapper_i/design_1_i/processing_system7_0/inst/FCLK_CLK0 | attention_score_i/S_reg[7,9]                                                                                                                                                         | design_1_wrapper_i/rst                                                                                                                  |               12 |             16 |         1.33 |
|  design_1_wrapper_i/design_1_i/processing_system7_0/inst/FCLK_CLK0 | attention_score_i/S_reg[9,7]                                                                                                                                                         | design_1_wrapper_i/rst                                                                                                                  |                9 |             16 |         1.78 |
|  design_1_wrapper_i/design_1_i/processing_system7_0/inst/FCLK_CLK0 | attention_score_i/S_reg[9,4]                                                                                                                                                         | design_1_wrapper_i/rst                                                                                                                  |                8 |             16 |         2.00 |
|  design_1_wrapper_i/design_1_i/processing_system7_0/inst/FCLK_CLK0 | attention_score_i/S_reg[9,3]                                                                                                                                                         | design_1_wrapper_i/rst                                                                                                                  |                6 |             16 |         2.67 |
|  design_1_wrapper_i/design_1_i/processing_system7_0/inst/FCLK_CLK0 | attention_score_i/S_reg[9,14]                                                                                                                                                        | design_1_wrapper_i/rst                                                                                                                  |                5 |             16 |         3.20 |
|  design_1_wrapper_i/design_1_i/processing_system7_0/inst/FCLK_CLK0 | attention_score_i/S_reg[9,5]                                                                                                                                                         | design_1_wrapper_i/rst                                                                                                                  |                5 |             16 |         3.20 |
|  design_1_wrapper_i/design_1_i/processing_system7_0/inst/FCLK_CLK0 | attention_score_i/S_reg[9,9]                                                                                                                                                         | design_1_wrapper_i/rst                                                                                                                  |               11 |             16 |         1.45 |
|  design_1_wrapper_i/design_1_i/processing_system7_0/inst/FCLK_CLK0 |                                                                                                                                                                                      | design_1_wrapper_i/design_1_i/axi_smc/inst/s00_entry_pipeline/s00_si_converter/inst/areset                                              |               12 |             20 |         1.67 |
|  design_1_wrapper_i/design_1_i/processing_system7_0/inst/FCLK_CLK0 | design_1_wrapper_i/design_1_i/transformer_axi_0/U0/s00_axi_inst/axi_awready0                                                                                                         | design_1_wrapper_i/design_1_i/transformer_axi_0/U0/s00_axi_inst/slv_reg1[0]_i_1_n_0                                                     |                9 |             22 |         2.44 |
|  design_1_wrapper_i/design_1_i/processing_system7_0/inst/FCLK_CLK0 |                                                                                                                                                                                      | design_1_wrapper_i/design_1_i/axi_smc/inst/s00_entry_pipeline/s00_mmu/inst/areset                                                       |               13 |             23 |         1.77 |
|  design_1_wrapper_i/design_1_i/processing_system7_0/inst/FCLK_CLK0 | done_cnt[23]_i_1_n_0                                                                                                                                                                 | design_1_wrapper_i/rst                                                                                                                  |                8 |             24 |         3.00 |
|  design_1_wrapper_i/design_1_i/processing_system7_0/inst/FCLK_CLK0 | design_1_wrapper_i/design_1_i/axi_smc/inst/s00_entry_pipeline/s00_mmu/inst/aw_reg_stall/skid_buffer[1072]_i_1_n_0                                                                    |                                                                                                                                         |                4 |             26 |         6.50 |
|  design_1_wrapper_i/design_1_i/processing_system7_0/inst/FCLK_CLK0 | design_1_wrapper_i/design_1_i/axi_smc/inst/s00_entry_pipeline/s00_mmu/inst/aw_reg_stall/m_vector_i[1040]_i_1__0_n_0                                                                  |                                                                                                                                         |                5 |             26 |         5.20 |
|  design_1_wrapper_i/design_1_i/processing_system7_0/inst/FCLK_CLK0 |                                                                                                                                                                                      | design_1_wrapper_i/rst                                                                                                                  |               15 |             29 |         1.93 |
|  design_1_wrapper_i/design_1_i/processing_system7_0/inst/FCLK_CLK0 | design_1_wrapper_i/design_1_i/axi_smc/inst/s00_entry_pipeline/s00_mmu/inst/ar_reg_stall/m_vector_i[1040]_i_1_n_0                                                                     |                                                                                                                                         |                6 |             29 |         4.83 |
|  design_1_wrapper_i/design_1_i/processing_system7_0/inst/FCLK_CLK0 | design_1_wrapper_i/design_1_i/axi_smc/inst/s00_entry_pipeline/s00_mmu/inst/ar_reg_stall/skid_buffer[1128]_i_1_n_0                                                                    |                                                                                                                                         |                6 |             29 |         4.83 |
|  design_1_wrapper_i/design_1_i/processing_system7_0/inst/FCLK_CLK0 | design_1_wrapper_i/design_1_i/axi_smc/inst/s00_entry_pipeline/s00_si_converter/inst/gen_axilite_conv.axilite_conv_inst/s_axi_rdata_i[31]_i_1_n_0                                     | design_1_wrapper_i/design_1_i/axi_smc/inst/s00_entry_pipeline/s00_si_converter/inst/areset                                              |                7 |             32 |         4.57 |
|  design_1_wrapper_i/design_1_i/processing_system7_0/inst/FCLK_CLK0 | design_1_wrapper_i/design_1_i/axi_smc/inst/s00_nodes/s00_r_node/inst/inst_mi_handler/gen_normal_area.inst_fifo_node_payld/gen_reg_fifo.inst_reg_fifo/gen_single_rank.inst_cntr/E[0]  |                                                                                                                                         |               15 |             32 |         2.13 |
|  design_1_wrapper_i/design_1_i/processing_system7_0/inst/FCLK_CLK0 | attention_score_i/prod_reg                                                                                                                                                           | design_1_wrapper_i/rst                                                                                                                  |               12 |             33 |         2.75 |
|  design_1_wrapper_i/design_1_i/processing_system7_0/inst/FCLK_CLK0 | design_1_wrapper_i/design_1_i/axi_smc/inst/s00_nodes/s00_w_node/inst/inst_mi_handler/gen_normal_area.inst_fifo_node_payld/gen_reg_fifo.inst_reg_fifo/gen_single_rank.inst_cntr/E[0]  |                                                                                                                                         |               11 |             36 |         3.27 |
|  design_1_wrapper_i/design_1_i/processing_system7_0/inst/FCLK_CLK0 | attention_score_i/elem_k[3]_i_1_n_0                                                                                                                                                  | design_1_wrapper_i/rst                                                                                                                  |               29 |             84 |         2.90 |
|  design_1_wrapper_i/design_1_i/processing_system7_0/inst/FCLK_CLK0 | design_1_wrapper_i/design_1_i/transformer_axi_0/U0/s00_axi_inst/axi_arready0                                                                                                         | design_1_wrapper_i/design_1_i/transformer_axi_0/U0/s00_axi_inst/slv_reg1[0]_i_1_n_0                                                     |               30 |             91 |         3.03 |
|  design_1_wrapper_i/design_1_i/processing_system7_0/inst/FCLK_CLK0 | qkv_projector_i/CEC                                                                                                                                                                  | design_1_wrapper_i/rst                                                                                                                  |               35 |            134 |         3.83 |
|  design_1_wrapper_i/design_1_i/processing_system7_0/inst/FCLK_CLK0 |                                                                                                                                                                                      |                                                                                                                                         |              114 |            407 |         3.57 |
+--------------------------------------------------------------------+--------------------------------------------------------------------------------------------------------------------------------------------------------------------------------------+-----------------------------------------------------------------------------------------------------------------------------------------+------------------+----------------+--------------+


