Copyright 1986-2022 Xilinx, Inc. All Rights Reserved. Copyright 2022-2024 Advanced Micro Devices, Inc. All Rights Reserved.
------------------------------------------------------------------------------------------------------------------------------------------------------------------------------------------------------------------------
| Tool Version : Vivado v.2024.2 (win64) Build 5239630 Fri Nov 08 22:35:27 MST 2024
| Date         : Tue Mar 24 11:02:38 2026
| Host         : DESKTOP-88SD8FS running 64-bit major release  (build 9200)
| Command      : report_timing_summary -max_paths 10 -report_unconstrained -file top_level_timing_summary_routed.rpt -pb top_level_timing_summary_routed.pb -rpx top_level_timing_summary_routed.rpx -warn_on_violation
| Design       : top_level
| Device       : 7z020-clg484
| Speed File   : -1  PRODUCTION 1.12 2019-11-22
| Design State : Routed
------------------------------------------------------------------------------------------------------------------------------------------------------------------------------------------------------------------------

Timing Summary Report

------------------------------------------------------------------------------------------------
| Timer Settings
| --------------
------------------------------------------------------------------------------------------------

  Enable Multi Corner Analysis               :  Yes
  Enable Pessimism Removal                   :  Yes
  Pessimism Removal Resolution               :  Nearest Common Node
  Enable Input Delay Default Clock           :  No
  Enable Preset / Clear Arcs                 :  No
  Disable Flight Delays                      :  No
  Ignore I/O Paths                           :  No
  Timing Early Launch at Borrowing Latches   :  No
  Borrow Time for Max Delay Exceptions       :  Yes
  Merge Timing Exceptions                    :  Yes
  Inter-SLR Compensation                     :  Conservative

  Corner  Analyze    Analyze    
  Name    Max Paths  Min Paths  
  ------  ---------  ---------  
  Slow    Yes        Yes        
  Fast    Yes        Yes        


------------------------------------------------------------------------------------------------
| Report Methodology
| ------------------
------------------------------------------------------------------------------------------------

No report available as report_methodology has not been run prior. Run report_methodology on the current design for the summary of methodology violations.



check_timing report

Table of Contents
-----------------
1. checking no_clock (0)
2. checking constant_clock (0)
3. checking pulse_width_clock (0)
4. checking unconstrained_internal_endpoints (0)
5. checking no_input_delay (0)
6. checking no_output_delay (0)
7. checking multiple_clock (0)
8. checking generated_clocks (0)
9. checking loops (0)
10. checking partial_input_delay (0)
11. checking partial_output_delay (0)
12. checking latch_loops (0)

1. checking no_clock (0)
------------------------
 There are 0 register/latch pins with no clock.


2. checking constant_clock (0)
------------------------------
 There are 0 register/latch pins with constant_clock.


3. checking pulse_width_clock (0)
---------------------------------
 There are 0 register/latch pins which need pulse_width check


4. checking unconstrained_internal_endpoints (0)
------------------------------------------------
 There are 0 pins that are not constrained for maximum delay.

 There are 0 pins that are not constrained for maximum delay due to constant clock.


5. checking no_input_delay (0)
------------------------------
 There are 0 input ports with no input delay specified.

 There are 0 input ports with no input delay but user has a false path constraint.


6. checking no_output_delay (0)
-------------------------------
 There are 0 ports with no output delay specified.

 There are 0 ports with no output delay but user has a false path constraint

 There are 0 ports with no output delay but with a timing clock defined on it or propagating through it


7. checking multiple_clock (0)
------------------------------
 There are 0 register/latch pins with multiple clocks.


8. checking generated_clocks (0)
--------------------------------
 There are 0 generated clocks that are not connected to a clock source.


9. checking loops (0)
---------------------
 There are 0 combinational loops in the design.


10. checking partial_input_delay (0)
------------------------------------
 There are 0 input ports with partial input delay specified.


11. checking partial_output_delay (0)
-------------------------------------
 There are 0 ports with partial output delay specified.


12. checking latch_loops (0)
----------------------------
 There are 0 combinational latch loops in the design through latch input



------------------------------------------------------------------------------------------------
| Design Timing Summary
| ---------------------
------------------------------------------------------------------------------------------------

    WNS(ns)      TNS(ns)  TNS Failing Endpoints  TNS Total Endpoints      WHS(ns)      THS(ns)  THS Failing Endpoints  THS Total Endpoints     WPWS(ns)     TPWS(ns)  TPWS Failing Endpoints  TPWS Total Endpoints  
    -------      -------  ---------------------  -------------------      -------      -------  ---------------------  -------------------     --------     --------  ----------------------  --------------------  
     -0.324       -5.198                     70                19666        0.057        0.000                      0                19666        4.020        0.000                       0                  7080  


Timing constraints are not met.


------------------------------------------------------------------------------------------------
| Clock Summary
| -------------
------------------------------------------------------------------------------------------------

Clock       Waveform(ns)       Period(ns)      Frequency(MHz)
-----       ------------       ----------      --------------
clk_fpga_0  {0.000 5.000}      10.000          100.000         


------------------------------------------------------------------------------------------------
| Intra Clock Table
| -----------------
------------------------------------------------------------------------------------------------

Clock             WNS(ns)      TNS(ns)  TNS Failing Endpoints  TNS Total Endpoints      WHS(ns)      THS(ns)  THS Failing Endpoints  THS Total Endpoints     WPWS(ns)     TPWS(ns)  TPWS Failing Endpoints  TPWS Total Endpoints  
-----             -------      -------  ---------------------  -------------------      -------      -------  ---------------------  -------------------     --------     --------  ----------------------  --------------------  
clk_fpga_0         -0.324       -5.198                     70                19666        0.057        0.000                      0                19666        4.020        0.000                       0                  7080  


------------------------------------------------------------------------------------------------
| Inter Clock Table
| -----------------
------------------------------------------------------------------------------------------------

From Clock    To Clock          WNS(ns)      TNS(ns)  TNS Failing Endpoints  TNS Total Endpoints      WHS(ns)      THS(ns)  THS Failing Endpoints  THS Total Endpoints  
----------    --------          -------      -------  ---------------------  -------------------      -------      -------  ---------------------  -------------------  


------------------------------------------------------------------------------------------------
| Other Path Groups Table
| -----------------------
------------------------------------------------------------------------------------------------

Path Group    From Clock    To Clock          WNS(ns)      TNS(ns)  TNS Failing Endpoints  TNS Total Endpoints      WHS(ns)      THS(ns)  THS Failing Endpoints  THS Total Endpoints  
----------    ----------    --------          -------      -------  ---------------------  -------------------      -------      -------  ---------------------  -------------------  


------------------------------------------------------------------------------------------------
| User Ignored Path Table
| -----------------------
------------------------------------------------------------------------------------------------

Path Group    From Clock    To Clock    
----------    ----------    --------    
(none)                      clk_fpga_0    
(none)        clk_fpga_0    clk_fpga_0    


------------------------------------------------------------------------------------------------
| Unconstrained Path Table
| ------------------------
------------------------------------------------------------------------------------------------

Path Group    From Clock    To Clock    
----------    ----------    --------    


------------------------------------------------------------------------------------------------
| Timing Details
| --------------
------------------------------------------------------------------------------------------------


---------------------------------------------------------------------------------------------------
From Clock:  clk_fpga_0
  To Clock:  clk_fpga_0

Setup :           70  Failing Endpoints,  Worst Slack       -0.324ns,  Total Violation       -5.198ns
Hold  :            0  Failing Endpoints,  Worst Slack        0.057ns,  Total Violation        0.000ns
PW    :            0  Failing Endpoints,  Worst Slack        4.020ns,  Total Violation        0.000ns
---------------------------------------------------------------------------------------------------


Max Delay Paths
--------------------------------------------------------------------------------------
Slack (VIOLATED) :        -0.324ns  (required time - arrival time)
  Source:                 qkv_projector_i/comp_row_reg[1]/C
                            (rising edge-triggered cell FDRE clocked by clk_fpga_0  {rise@0.000ns fall@5.000ns period=10.000ns})
  Destination:            qkv_projector_i/acc_k0_i_48_psdsp/D
                            (rising edge-triggered cell FDRE clocked by clk_fpga_0  {rise@0.000ns fall@5.000ns period=10.000ns})
  Path Group:             clk_fpga_0
  Path Type:              Setup (Max at Slow Process Corner)
  Requirement:            10.000ns  (clk_fpga_0 rise@10.000ns - clk_fpga_0 rise@0.000ns)
  Data Path Delay:        10.103ns  (logic 5.056ns (50.044%)  route 5.047ns (49.956%))
  Logic Levels:           5  (DSP48E1=1 LUT3=1 LUT6=2 MUXF7=1)
  Clock Path Skew:        -0.039ns (DCD - SCD + CPR)
    Destination Clock Delay (DCD):    2.830ns = ( 12.830 - 10.000 ) 
    Source Clock Delay      (SCD):    3.116ns
    Clock Pessimism Removal (CPR):    0.247ns
  Clock Uncertainty:      0.154ns  ((TSJ^2 + TIJ^2)^1/2 + DJ) / 2 + PE
    Total System Jitter     (TSJ):    0.071ns
    Total Input Jitter      (TIJ):    0.300ns
    Discrete Jitter          (DJ):    0.000ns
    Phase Error              (PE):    0.000ns

    Location             Delay type                Incr(ns)  Path(ns)    Netlist Resource(s)
  -------------------------------------------------------------------    -------------------
                         (clock clk_fpga_0 rise edge)
                                                      0.000     0.000 r  
    PS7_X0Y0             PS7                          0.000     0.000 r  design_1_wrapper_i/design_1_i/processing_system7_0/inst/PS7_i/FCLKCLK[0]
                         net (fo=1, routed)           1.193     1.193    design_1_wrapper_i/design_1_i/processing_system7_0/inst/FCLK_CLK_unbuffered[0]
    BUFGCTRL_X0Y16       BUFG (Prop_bufg_I_O)         0.101     1.294 r  design_1_wrapper_i/design_1_i/processing_system7_0/inst/buffer_fclk_clk_0.FCLK_CLK_0_BUFG/O
                         net (fo=7088, routed)        1.822     3.116    qkv_projector_i/pl_clk0
    SLICE_X48Y125        FDRE                                         r  qkv_projector_i/comp_row_reg[1]/C
  -------------------------------------------------------------------    -------------------
    SLICE_X48Y125        FDRE (Prop_fdre_C_Q)         0.456     3.572 r  qkv_projector_i/comp_row_reg[1]/Q
                         net (fo=165, routed)         1.456     5.028    qkv_projector_i/comp_row_reg_n_0_[1]
    SLICE_X57Y125        LUT6 (Prop_lut6_I2_O)        0.124     5.152 r  qkv_projector_i/acc_q0_i_222/O
                         net (fo=1, routed)           0.000     5.152    qkv_projector_i/acc_q0_i_222_n_0
    SLICE_X57Y125        MUXF7 (Prop_muxf7_I0_O)      0.212     5.364 r  qkv_projector_i/acc_q0_i_115/O
                         net (fo=1, routed)           0.851     6.215    qkv_projector_i/acc_q0_i_115_n_0
    SLICE_X58Y124        LUT6 (Prop_lut6_I5_O)        0.299     6.514 r  qkv_projector_i/acc_q0_i_26/O
                         net (fo=3, routed)           1.280     7.794    qkv_projector_i/X_reg[0,0][5]
    DSP48_X2Y44          DSP48E1 (Prop_dsp48e1_A[5]_P[6])
                                                      3.841    11.635 r  qkv_projector_i/acc_k0/P[6]
                         net (fo=1, routed)           0.941    12.576    qkv_projector_i/acc_k0_n_99
    SLICE_X36Y110        LUT3 (Prop_lut3_I2_O)        0.124    12.700 r  qkv_projector_i/acc_k0_i_48/O
                         net (fo=1, routed)           0.519    13.219    qkv_projector_i/acc_k0_i_48_n_0
    SLICE_X36Y110        FDRE                                         r  qkv_projector_i/acc_k0_i_48_psdsp/D
  -------------------------------------------------------------------    -------------------

                         (clock clk_fpga_0 rise edge)
                                                     10.000    10.000 r  
    PS7_X0Y0             PS7                          0.000    10.000 r  design_1_wrapper_i/design_1_i/processing_system7_0/inst/PS7_i/FCLKCLK[0]
                         net (fo=1, routed)           1.088    11.088    design_1_wrapper_i/design_1_i/processing_system7_0/inst/FCLK_CLK_unbuffered[0]
    BUFGCTRL_X0Y16       BUFG (Prop_bufg_I_O)         0.091    11.179 r  design_1_wrapper_i/design_1_i/processing_system7_0/inst/buffer_fclk_clk_0.FCLK_CLK_0_BUFG/O
                         net (fo=7088, routed)        1.651    12.830    qkv_projector_i/pl_clk0
    SLICE_X36Y110        FDRE                                         r  qkv_projector_i/acc_k0_i_48_psdsp/C
                         clock pessimism              0.247    13.077    
                         clock uncertainty           -0.154    12.923    
    SLICE_X36Y110        FDRE (Setup_fdre_C_D)       -0.028    12.895    qkv_projector_i/acc_k0_i_48_psdsp
  -------------------------------------------------------------------
                         required time                         12.895    
                         arrival time                         -13.219    
  -------------------------------------------------------------------
                         slack                                 -0.324    

Slack (VIOLATED) :        -0.255ns  (required time - arrival time)
  Source:                 qkv_projector_i/comp_row_reg[1]/C
                            (rising edge-triggered cell FDRE clocked by clk_fpga_0  {rise@0.000ns fall@5.000ns period=10.000ns})
  Destination:            qkv_projector_i/acc_v0_i_35_psdsp/D
                            (rising edge-triggered cell FDRE clocked by clk_fpga_0  {rise@0.000ns fall@5.000ns period=10.000ns})
  Path Group:             clk_fpga_0
  Path Type:              Setup (Max at Slow Process Corner)
  Requirement:            10.000ns  (clk_fpga_0 rise@10.000ns - clk_fpga_0 rise@0.000ns)
  Data Path Delay:        10.060ns  (logic 5.056ns (50.258%)  route 5.004ns (49.742%))
  Logic Levels:           5  (DSP48E1=1 LUT3=1 LUT6=2 MUXF7=1)
  Clock Path Skew:        -0.013ns (DCD - SCD + CPR)
    Destination Clock Delay (DCD):    2.956ns = ( 12.956 - 10.000 ) 
    Source Clock Delay      (SCD):    3.116ns
    Clock Pessimism Removal (CPR):    0.147ns
  Clock Uncertainty:      0.154ns  ((TSJ^2 + TIJ^2)^1/2 + DJ) / 2 + PE
    Total System Jitter     (TSJ):    0.071ns
    Total Input Jitter      (TIJ):    0.300ns
    Discrete Jitter          (DJ):    0.000ns
    Phase Error              (PE):    0.000ns

    Location             Delay type                Incr(ns)  Path(ns)    Netlist Resource(s)
  -------------------------------------------------------------------    -------------------
                         (clock clk_fpga_0 rise edge)
                                                      0.000     0.000 r  
    PS7_X0Y0             PS7                          0.000     0.000 r  design_1_wrapper_i/design_1_i/processing_system7_0/inst/PS7_i/FCLKCLK[0]
                         net (fo=1, routed)           1.193     1.193    design_1_wrapper_i/design_1_i/processing_system7_0/inst/FCLK_CLK_unbuffered[0]
    BUFGCTRL_X0Y16       BUFG (Prop_bufg_I_O)         0.101     1.294 r  design_1_wrapper_i/design_1_i/processing_system7_0/inst/buffer_fclk_clk_0.FCLK_CLK_0_BUFG/O
                         net (fo=7088, routed)        1.822     3.116    qkv_projector_i/pl_clk0
    SLICE_X48Y125        FDRE                                         r  qkv_projector_i/comp_row_reg[1]/C
  -------------------------------------------------------------------    -------------------
    SLICE_X48Y125        FDRE (Prop_fdre_C_Q)         0.456     3.572 r  qkv_projector_i/comp_row_reg[1]/Q
                         net (fo=165, routed)         1.456     5.028    qkv_projector_i/comp_row_reg_n_0_[1]
    SLICE_X57Y125        LUT6 (Prop_lut6_I2_O)        0.124     5.152 r  qkv_projector_i/acc_q0_i_222/O
                         net (fo=1, routed)           0.000     5.152    qkv_projector_i/acc_q0_i_222_n_0
    SLICE_X57Y125        MUXF7 (Prop_muxf7_I0_O)      0.212     5.364 r  qkv_projector_i/acc_q0_i_115/O
                         net (fo=1, routed)           0.851     6.215    qkv_projector_i/acc_q0_i_115_n_0
    SLICE_X58Y124        LUT6 (Prop_lut6_I5_O)        0.299     6.514 r  qkv_projector_i/acc_q0_i_26/O
                         net (fo=3, routed)           1.591     8.105    qkv_projector_i/X_reg[0,0][5]
    DSP48_X3Y44          DSP48E1 (Prop_dsp48e1_A[5]_P[5])
                                                      3.841    11.946 r  qkv_projector_i/acc_v0/P[5]
                         net (fo=1, routed)           0.489    12.435    qkv_projector_i/acc_v0_n_100
    SLICE_X92Y111        LUT3 (Prop_lut3_I2_O)        0.124    12.559 r  qkv_projector_i/acc_v0_i_35/O
                         net (fo=1, routed)           0.617    13.176    qkv_projector_i/acc_v0_i_35_n_0
    SLICE_X92Y111        FDRE                                         r  qkv_projector_i/acc_v0_i_35_psdsp/D
  -------------------------------------------------------------------    -------------------

                         (clock clk_fpga_0 rise edge)
                                                     10.000    10.000 r  
    PS7_X0Y0             PS7                          0.000    10.000 r  design_1_wrapper_i/design_1_i/processing_system7_0/inst/PS7_i/FCLKCLK[0]
                         net (fo=1, routed)           1.088    11.088    design_1_wrapper_i/design_1_i/processing_system7_0/inst/FCLK_CLK_unbuffered[0]
    BUFGCTRL_X0Y16       BUFG (Prop_bufg_I_O)         0.091    11.179 r  design_1_wrapper_i/design_1_i/processing_system7_0/inst/buffer_fclk_clk_0.FCLK_CLK_0_BUFG/O
                         net (fo=7088, routed)        1.777    12.956    qkv_projector_i/pl_clk0
    SLICE_X92Y111        FDRE                                         r  qkv_projector_i/acc_v0_i_35_psdsp/C
                         clock pessimism              0.147    13.103    
                         clock uncertainty           -0.154    12.949    
    SLICE_X92Y111        FDRE (Setup_fdre_C_D)       -0.028    12.921    qkv_projector_i/acc_v0_i_35_psdsp
  -------------------------------------------------------------------
                         required time                         12.921    
                         arrival time                         -13.176    
  -------------------------------------------------------------------
                         slack                                 -0.255    

Slack (VIOLATED) :        -0.195ns  (required time - arrival time)
  Source:                 attention_score_i/comp_row_reg[1]/C
                            (rising edge-triggered cell FDRE clocked by clk_fpga_0  {rise@0.000ns fall@5.000ns period=10.000ns})
  Destination:            attention_score_i/acc0_i_44__1_psdsp/D
                            (rising edge-triggered cell FDRE clocked by clk_fpga_0  {rise@0.000ns fall@5.000ns period=10.000ns})
  Path Group:             clk_fpga_0
  Path Type:              Setup (Max at Slow Process Corner)
  Requirement:            10.000ns  (clk_fpga_0 rise@10.000ns - clk_fpga_0 rise@0.000ns)
  Data Path Delay:        9.940ns  (logic 5.056ns (50.866%)  route 4.884ns (49.134%))
  Logic Levels:           5  (DSP48E1=1 LUT2=1 LUT6=2 MUXF7=1)
  Clock Path Skew:        -0.040ns (DCD - SCD + CPR)
    Destination Clock Delay (DCD):    2.944ns = ( 12.944 - 10.000 ) 
    Source Clock Delay      (SCD):    3.131ns
    Clock Pessimism Removal (CPR):    0.147ns
  Clock Uncertainty:      0.154ns  ((TSJ^2 + TIJ^2)^1/2 + DJ) / 2 + PE
    Total System Jitter     (TSJ):    0.071ns
    Total Input Jitter      (TIJ):    0.300ns
    Discrete Jitter          (DJ):    0.000ns
    Phase Error              (PE):    0.000ns

    Location             Delay type                Incr(ns)  Path(ns)    Netlist Resource(s)
  -------------------------------------------------------------------    -------------------
                         (clock clk_fpga_0 rise edge)
                                                      0.000     0.000 r  
    PS7_X0Y0             PS7                          0.000     0.000 r  design_1_wrapper_i/design_1_i/processing_system7_0/inst/PS7_i/FCLKCLK[0]
                         net (fo=1, routed)           1.193     1.193    design_1_wrapper_i/design_1_i/processing_system7_0/inst/FCLK_CLK_unbuffered[0]
    BUFGCTRL_X0Y16       BUFG (Prop_bufg_I_O)         0.101     1.294 r  design_1_wrapper_i/design_1_i/processing_system7_0/inst/buffer_fclk_clk_0.FCLK_CLK_0_BUFG/O
                         net (fo=7088, routed)        1.837     3.131    attention_score_i/pl_clk0
    SLICE_X49Y135        FDRE                                         r  attention_score_i/comp_row_reg[1]/C
  -------------------------------------------------------------------    -------------------
    SLICE_X49Y135        FDRE (Prop_fdre_C_Q)         0.456     3.587 r  attention_score_i/comp_row_reg[1]/Q
                         net (fo=149, routed)         1.679     5.266    qkv_projector_i/acc0_i_192__1_0
    SLICE_X58Y129        LUT6 (Prop_lut6_I2_O)        0.124     5.390 r  qkv_projector_i/acc0_i_394__0/O
                         net (fo=1, routed)           0.000     5.390    qkv_projector_i/acc0_i_394__0_n_0
    SLICE_X58Y129        MUXF7 (Prop_muxf7_I1_O)      0.214     5.604 r  qkv_projector_i/acc0_i_165__1/O
                         net (fo=1, routed)           0.812     6.415    qkv_projector_i/acc0_i_165__1_n_0
    SLICE_X57Y130        LUT6 (Prop_lut6_I0_O)        0.297     6.712 r  qkv_projector_i/acc0_i_26__1/O
                         net (fo=1, routed)           1.264     7.976    attention_score_i/A[6]
    DSP48_X3Y50          DSP48E1 (Prop_dsp48e1_A[6]_P[20])
                                                      3.841    11.817 r  attention_score_i/acc0/P[20]
                         net (fo=1, routed)           0.617    12.434    attention_score_i/acc0_n_85
    SLICE_X97Y125        LUT2 (Prop_lut2_I0_O)        0.124    12.558 r  attention_score_i/acc0_i_44__1/O
                         net (fo=2, routed)           0.512    13.071    attention_score_i/A_0[5]
    SLICE_X95Y125        FDRE                                         r  attention_score_i/acc0_i_44__1_psdsp/D
  -------------------------------------------------------------------    -------------------

                         (clock clk_fpga_0 rise edge)
                                                     10.000    10.000 r  
    PS7_X0Y0             PS7                          0.000    10.000 r  design_1_wrapper_i/design_1_i/processing_system7_0/inst/PS7_i/FCLKCLK[0]
                         net (fo=1, routed)           1.088    11.088    design_1_wrapper_i/design_1_i/processing_system7_0/inst/FCLK_CLK_unbuffered[0]
    BUFGCTRL_X0Y16       BUFG (Prop_bufg_I_O)         0.091    11.179 r  design_1_wrapper_i/design_1_i/processing_system7_0/inst/buffer_fclk_clk_0.FCLK_CLK_0_BUFG/O
                         net (fo=7088, routed)        1.765    12.944    attention_score_i/pl_clk0
    SLICE_X95Y125        FDRE                                         r  attention_score_i/acc0_i_44__1_psdsp/C
                         clock pessimism              0.147    13.091    
                         clock uncertainty           -0.154    12.937    
    SLICE_X95Y125        FDRE (Setup_fdre_C_D)       -0.061    12.876    attention_score_i/acc0_i_44__1_psdsp
  -------------------------------------------------------------------
                         required time                         12.876    
                         arrival time                         -13.071    
  -------------------------------------------------------------------
                         slack                                 -0.195    

Slack (VIOLATED) :        -0.195ns  (required time - arrival time)
  Source:                 attention_score_i/comp_row_reg[1]/C
                            (rising edge-triggered cell FDRE clocked by clk_fpga_0  {rise@0.000ns fall@5.000ns period=10.000ns})
  Destination:            attention_score_i/acc0_i_39__1_psdsp_1/D
                            (rising edge-triggered cell FDRE clocked by clk_fpga_0  {rise@0.000ns fall@5.000ns period=10.000ns})
  Path Group:             clk_fpga_0
  Path Type:              Setup (Max at Slow Process Corner)
  Requirement:            10.000ns  (clk_fpga_0 rise@10.000ns - clk_fpga_0 rise@0.000ns)
  Data Path Delay:        9.941ns  (logic 5.056ns (50.858%)  route 4.885ns (49.142%))
  Logic Levels:           5  (DSP48E1=1 LUT2=1 LUT6=2 MUXF7=1)
  Clock Path Skew:        -0.038ns (DCD - SCD + CPR)
    Destination Clock Delay (DCD):    2.946ns = ( 12.946 - 10.000 ) 
    Source Clock Delay      (SCD):    3.131ns
    Clock Pessimism Removal (CPR):    0.147ns
  Clock Uncertainty:      0.154ns  ((TSJ^2 + TIJ^2)^1/2 + DJ) / 2 + PE
    Total System Jitter     (TSJ):    0.071ns
    Total Input Jitter      (TIJ):    0.300ns
    Discrete Jitter          (DJ):    0.000ns
    Phase Error              (PE):    0.000ns

    Location             Delay type                Incr(ns)  Path(ns)    Netlist Resource(s)
  -------------------------------------------------------------------    -------------------
                         (clock clk_fpga_0 rise edge)
                                                      0.000     0.000 r  
    PS7_X0Y0             PS7                          0.000     0.000 r  design_1_wrapper_i/design_1_i/processing_system7_0/inst/PS7_i/FCLKCLK[0]
                         net (fo=1, routed)           1.193     1.193    design_1_wrapper_i/design_1_i/processing_system7_0/inst/FCLK_CLK_unbuffered[0]
    BUFGCTRL_X0Y16       BUFG (Prop_bufg_I_O)         0.101     1.294 r  design_1_wrapper_i/design_1_i/processing_system7_0/inst/buffer_fclk_clk_0.FCLK_CLK_0_BUFG/O
                         net (fo=7088, routed)        1.837     3.131    attention_score_i/pl_clk0
    SLICE_X49Y135        FDRE                                         r  attention_score_i/comp_row_reg[1]/C
  -------------------------------------------------------------------    -------------------
    SLICE_X49Y135        FDRE (Prop_fdre_C_Q)         0.456     3.587 r  attention_score_i/comp_row_reg[1]/Q
                         net (fo=149, routed)         1.679     5.266    qkv_projector_i/acc0_i_192__1_0
    SLICE_X58Y129        LUT6 (Prop_lut6_I2_O)        0.124     5.390 r  qkv_projector_i/acc0_i_394__0/O
                         net (fo=1, routed)           0.000     5.390    qkv_projector_i/acc0_i_394__0_n_0
    SLICE_X58Y129        MUXF7 (Prop_muxf7_I1_O)      0.214     5.604 r  qkv_projector_i/acc0_i_165__1/O
                         net (fo=1, routed)           0.812     6.415    qkv_projector_i/acc0_i_165__1_n_0
    SLICE_X57Y130        LUT6 (Prop_lut6_I0_O)        0.297     6.712 r  qkv_projector_i/acc0_i_26__1/O
                         net (fo=1, routed)           1.264     7.976    attention_score_i/A[6]
    DSP48_X3Y50          DSP48E1 (Prop_dsp48e1_A[6]_P[25])
                                                      3.841    11.817 r  attention_score_i/acc0/P[25]
                         net (fo=1, routed)           0.612    12.429    attention_score_i/acc0_n_80
    SLICE_X95Y126        LUT2 (Prop_lut2_I0_O)        0.124    12.553 r  attention_score_i/acc0_i_39__1/O
                         net (fo=2, routed)           0.519    13.072    attention_score_i/A_0[10]
    SLICE_X95Y126        FDRE                                         r  attention_score_i/acc0_i_39__1_psdsp_1/D
  -------------------------------------------------------------------    -------------------

                         (clock clk_fpga_0 rise edge)
                                                     10.000    10.000 r  
    PS7_X0Y0             PS7                          0.000    10.000 r  design_1_wrapper_i/design_1_i/processing_system7_0/inst/PS7_i/FCLKCLK[0]
                         net (fo=1, routed)           1.088    11.088    design_1_wrapper_i/design_1_i/processing_system7_0/inst/FCLK_CLK_unbuffered[0]
    BUFGCTRL_X0Y16       BUFG (Prop_bufg_I_O)         0.091    11.179 r  design_1_wrapper_i/design_1_i/processing_system7_0/inst/buffer_fclk_clk_0.FCLK_CLK_0_BUFG/O
                         net (fo=7088, routed)        1.767    12.946    attention_score_i/pl_clk0
    SLICE_X95Y126        FDRE                                         r  attention_score_i/acc0_i_39__1_psdsp_1/C
                         clock pessimism              0.147    13.093    
                         clock uncertainty           -0.154    12.939    
    SLICE_X95Y126        FDRE (Setup_fdre_C_D)       -0.061    12.878    attention_score_i/acc0_i_39__1_psdsp_1
  -------------------------------------------------------------------
                         required time                         12.878    
                         arrival time                         -13.072    
  -------------------------------------------------------------------
                         slack                                 -0.195    

Slack (VIOLATED) :        -0.182ns  (required time - arrival time)
  Source:                 feed_forward_i/comp_row_reg[1]/C
                            (rising edge-triggered cell FDRE clocked by clk_fpga_0  {rise@0.000ns fall@5.000ns period=10.000ns})
  Destination:            feed_forward_i/acc_reg[29]/D
                            (rising edge-triggered cell FDRE clocked by clk_fpga_0  {rise@0.000ns fall@5.000ns period=10.000ns})
  Path Group:             clk_fpga_0
  Path Type:              Setup (Max at Slow Process Corner)
  Requirement:            10.000ns  (clk_fpga_0 rise@10.000ns - clk_fpga_0 rise@0.000ns)
  Data Path Delay:        9.859ns  (logic 5.051ns (51.231%)  route 4.808ns (48.769%))
  Logic Levels:           5  (DSP48E1=1 LUT6=3 MUXF7=1)
  Clock Path Skew:        -0.141ns (DCD - SCD + CPR)
    Destination Clock Delay (DCD):    2.675ns = ( 12.675 - 10.000 ) 
    Source Clock Delay      (SCD):    2.931ns
    Clock Pessimism Removal (CPR):    0.115ns
  Clock Uncertainty:      0.154ns  ((TSJ^2 + TIJ^2)^1/2 + DJ) / 2 + PE
    Total System Jitter     (TSJ):    0.071ns
    Total Input Jitter      (TIJ):    0.300ns
    Discrete Jitter          (DJ):    0.000ns
    Phase Error              (PE):    0.000ns

    Location             Delay type                Incr(ns)  Path(ns)    Netlist Resource(s)
  -------------------------------------------------------------------    -------------------
                         (clock clk_fpga_0 rise edge)
                                                      0.000     0.000 r  
    PS7_X0Y0             PS7                          0.000     0.000 r  design_1_wrapper_i/design_1_i/processing_system7_0/inst/PS7_i/FCLKCLK[0]
                         net (fo=1, routed)           1.193     1.193    design_1_wrapper_i/design_1_i/processing_system7_0/inst/FCLK_CLK_unbuffered[0]
    BUFGCTRL_X0Y16       BUFG (Prop_bufg_I_O)         0.101     1.294 r  design_1_wrapper_i/design_1_i/processing_system7_0/inst/buffer_fclk_clk_0.FCLK_CLK_0_BUFG/O
                         net (fo=7088, routed)        1.637     2.931    feed_forward_i/pl_clk0
    SLICE_X51Y60         FDRE                                         r  feed_forward_i/comp_row_reg[1]/C
  -------------------------------------------------------------------    -------------------
    SLICE_X51Y60         FDRE (Prop_fdre_C_Q)         0.456     3.387 r  feed_forward_i/comp_row_reg[1]/Q
                         net (fo=128, routed)         1.616     5.003    attention_output_i/acc0__0_i_94_0
    SLICE_X34Y57         LUT6 (Prop_lut6_I2_O)        0.124     5.127 r  attention_output_i/acc0__0_i_184/O
                         net (fo=1, routed)           0.000     5.127    attention_output_i/acc0__0_i_184_n_0
    SLICE_X34Y57         MUXF7 (Prop_muxf7_I0_O)      0.209     5.336 r  attention_output_i/acc0__0_i_77/O
                         net (fo=1, routed)           0.803     6.139    attention_output_i/acc0__0_i_77_n_0
    SLICE_X36Y52         LUT6 (Prop_lut6_I5_O)        0.297     6.436 r  attention_output_i/acc0__0_i_27/O
                         net (fo=1, routed)           0.878     7.315    feed_forward_i/acc0__0_0[5]
    DSP48_X2Y19          DSP48E1 (Prop_dsp48e1_A[5]_P[29])
                                                      3.841    11.156 r  feed_forward_i/acc0__0/P[29]
                         net (fo=1, routed)           0.894    12.050    feed_forward_i/acc0__0_n_76
    SLICE_X37Y48         LUT6 (Prop_lut6_I3_O)        0.124    12.174 r  feed_forward_i/acc0_i_42/O
                         net (fo=3, routed)           0.617    12.790    feed_forward_i/acc[29]
    SLICE_X38Y48         FDRE                                         r  feed_forward_i/acc_reg[29]/D
  -------------------------------------------------------------------    -------------------

                         (clock clk_fpga_0 rise edge)
                                                     10.000    10.000 r  
    PS7_X0Y0             PS7                          0.000    10.000 r  design_1_wrapper_i/design_1_i/processing_system7_0/inst/PS7_i/FCLKCLK[0]
                         net (fo=1, routed)           1.088    11.088    design_1_wrapper_i/design_1_i/processing_system7_0/inst/FCLK_CLK_unbuffered[0]
    BUFGCTRL_X0Y16       BUFG (Prop_bufg_I_O)         0.091    11.179 r  design_1_wrapper_i/design_1_i/processing_system7_0/inst/buffer_fclk_clk_0.FCLK_CLK_0_BUFG/O
                         net (fo=7088, routed)        1.496    12.675    feed_forward_i/pl_clk0
    SLICE_X38Y48         FDRE                                         r  feed_forward_i/acc_reg[29]/C
                         clock pessimism              0.115    12.790    
                         clock uncertainty           -0.154    12.636    
    SLICE_X38Y48         FDRE (Setup_fdre_C_D)       -0.028    12.608    feed_forward_i/acc_reg[29]
  -------------------------------------------------------------------
                         required time                         12.608    
                         arrival time                         -12.790    
  -------------------------------------------------------------------
                         slack                                 -0.182    

Slack (VIOLATED) :        -0.173ns  (required time - arrival time)
  Source:                 qkv_projector_i/comp_row_reg[1]/C
                            (rising edge-triggered cell FDRE clocked by clk_fpga_0  {rise@0.000ns fall@5.000ns period=10.000ns})
  Destination:            qkv_projector_i/acc_k0_i_54_psdsp/D
                            (rising edge-triggered cell FDRE clocked by clk_fpga_0  {rise@0.000ns fall@5.000ns period=10.000ns})
  Path Group:             clk_fpga_0
  Path Type:              Setup (Max at Slow Process Corner)
  Requirement:            10.000ns  (clk_fpga_0 rise@10.000ns - clk_fpga_0 rise@0.000ns)
  Data Path Delay:        9.932ns  (logic 5.056ns (50.904%)  route 4.876ns (49.096%))
  Logic Levels:           5  (DSP48E1=1 LUT3=1 LUT6=2 MUXF7=1)
  Clock Path Skew:        -0.039ns (DCD - SCD + CPR)
    Destination Clock Delay (DCD):    2.830ns = ( 12.830 - 10.000 ) 
    Source Clock Delay      (SCD):    3.116ns
    Clock Pessimism Removal (CPR):    0.247ns
  Clock Uncertainty:      0.154ns  ((TSJ^2 + TIJ^2)^1/2 + DJ) / 2 + PE
    Total System Jitter     (TSJ):    0.071ns
    Total Input Jitter      (TIJ):    0.300ns
    Discrete Jitter          (DJ):    0.000ns
    Phase Error              (PE):    0.000ns

    Location             Delay type                Incr(ns)  Path(ns)    Netlist Resource(s)
  -------------------------------------------------------------------    -------------------
                         (clock clk_fpga_0 rise edge)
                                                      0.000     0.000 r  
    PS7_X0Y0             PS7                          0.000     0.000 r  design_1_wrapper_i/design_1_i/processing_system7_0/inst/PS7_i/FCLKCLK[0]
                         net (fo=1, routed)           1.193     1.193    design_1_wrapper_i/design_1_i/processing_system7_0/inst/FCLK_CLK_unbuffered[0]
    BUFGCTRL_X0Y16       BUFG (Prop_bufg_I_O)         0.101     1.294 r  design_1_wrapper_i/design_1_i/processing_system7_0/inst/buffer_fclk_clk_0.FCLK_CLK_0_BUFG/O
                         net (fo=7088, routed)        1.822     3.116    qkv_projector_i/pl_clk0
    SLICE_X48Y125        FDRE                                         r  qkv_projector_i/comp_row_reg[1]/C
  -------------------------------------------------------------------    -------------------
    SLICE_X48Y125        FDRE (Prop_fdre_C_Q)         0.456     3.572 r  qkv_projector_i/comp_row_reg[1]/Q
                         net (fo=165, routed)         1.456     5.028    qkv_projector_i/comp_row_reg_n_0_[1]
    SLICE_X57Y125        LUT6 (Prop_lut6_I2_O)        0.124     5.152 r  qkv_projector_i/acc_q0_i_222/O
                         net (fo=1, routed)           0.000     5.152    qkv_projector_i/acc_q0_i_222_n_0
    SLICE_X57Y125        MUXF7 (Prop_muxf7_I0_O)      0.212     5.364 r  qkv_projector_i/acc_q0_i_115/O
                         net (fo=1, routed)           0.851     6.215    qkv_projector_i/acc_q0_i_115_n_0
    SLICE_X58Y124        LUT6 (Prop_lut6_I5_O)        0.299     6.514 r  qkv_projector_i/acc_q0_i_26/O
                         net (fo=3, routed)           1.280     7.794    qkv_projector_i/X_reg[0,0][5]
    DSP48_X2Y44          DSP48E1 (Prop_dsp48e1_A[5]_P[0])
                                                      3.841    11.635 r  qkv_projector_i/acc_k0/P[0]
                         net (fo=1, routed)           0.770    12.405    qkv_projector_i/acc_k0_n_105
    SLICE_X37Y110        LUT3 (Prop_lut3_I2_O)        0.124    12.529 r  qkv_projector_i/acc_k0_i_54/O
                         net (fo=1, routed)           0.519    13.048    qkv_projector_i/acc_k0_i_54_n_0
    SLICE_X37Y110        FDRE                                         r  qkv_projector_i/acc_k0_i_54_psdsp/D
  -------------------------------------------------------------------    -------------------

                         (clock clk_fpga_0 rise edge)
                                                     10.000    10.000 r  
    PS7_X0Y0             PS7                          0.000    10.000 r  design_1_wrapper_i/design_1_i/processing_system7_0/inst/PS7_i/FCLKCLK[0]
                         net (fo=1, routed)           1.088    11.088    design_1_wrapper_i/design_1_i/processing_system7_0/inst/FCLK_CLK_unbuffered[0]
    BUFGCTRL_X0Y16       BUFG (Prop_bufg_I_O)         0.091    11.179 r  design_1_wrapper_i/design_1_i/processing_system7_0/inst/buffer_fclk_clk_0.FCLK_CLK_0_BUFG/O
                         net (fo=7088, routed)        1.651    12.830    qkv_projector_i/pl_clk0
    SLICE_X37Y110        FDRE                                         r  qkv_projector_i/acc_k0_i_54_psdsp/C
                         clock pessimism              0.247    13.077    
                         clock uncertainty           -0.154    12.923    
    SLICE_X37Y110        FDRE (Setup_fdre_C_D)       -0.047    12.876    qkv_projector_i/acc_k0_i_54_psdsp
  -------------------------------------------------------------------
                         required time                         12.876    
                         arrival time                         -13.048    
  -------------------------------------------------------------------
                         slack                                 -0.173    

Slack (VIOLATED) :        -0.169ns  (required time - arrival time)
  Source:                 qkv_projector_i/comp_row_reg[1]/C
                            (rising edge-triggered cell FDRE clocked by clk_fpga_0  {rise@0.000ns fall@5.000ns period=10.000ns})
  Destination:            qkv_projector_i/acc_k0_i_24_psdsp/D
                            (rising edge-triggered cell FDRE clocked by clk_fpga_0  {rise@0.000ns fall@5.000ns period=10.000ns})
  Path Group:             clk_fpga_0
  Path Type:              Setup (Max at Slow Process Corner)
  Requirement:            10.000ns  (clk_fpga_0 rise@10.000ns - clk_fpga_0 rise@0.000ns)
  Data Path Delay:        9.913ns  (logic 5.056ns (51.006%)  route 4.857ns (48.994%))
  Logic Levels:           5  (DSP48E1=1 LUT3=1 LUT6=2 MUXF7=1)
  Clock Path Skew:        -0.041ns (DCD - SCD + CPR)
    Destination Clock Delay (DCD):    2.828ns = ( 12.828 - 10.000 ) 
    Source Clock Delay      (SCD):    3.116ns
    Clock Pessimism Removal (CPR):    0.247ns
  Clock Uncertainty:      0.154ns  ((TSJ^2 + TIJ^2)^1/2 + DJ) / 2 + PE
    Total System Jitter     (TSJ):    0.071ns
    Total Input Jitter      (TIJ):    0.300ns
    Discrete Jitter          (DJ):    0.000ns
    Phase Error              (PE):    0.000ns

    Location             Delay type                Incr(ns)  Path(ns)    Netlist Resource(s)
  -------------------------------------------------------------------    -------------------
                         (clock clk_fpga_0 rise edge)
                                                      0.000     0.000 r  
    PS7_X0Y0             PS7                          0.000     0.000 r  design_1_wrapper_i/design_1_i/processing_system7_0/inst/PS7_i/FCLKCLK[0]
                         net (fo=1, routed)           1.193     1.193    design_1_wrapper_i/design_1_i/processing_system7_0/inst/FCLK_CLK_unbuffered[0]
    BUFGCTRL_X0Y16       BUFG (Prop_bufg_I_O)         0.101     1.294 r  design_1_wrapper_i/design_1_i/processing_system7_0/inst/buffer_fclk_clk_0.FCLK_CLK_0_BUFG/O
                         net (fo=7088, routed)        1.822     3.116    qkv_projector_i/pl_clk0
    SLICE_X48Y125        FDRE                                         r  qkv_projector_i/comp_row_reg[1]/C
  -------------------------------------------------------------------    -------------------
    SLICE_X48Y125        FDRE (Prop_fdre_C_Q)         0.456     3.572 r  qkv_projector_i/comp_row_reg[1]/Q
                         net (fo=165, routed)         1.456     5.028    qkv_projector_i/comp_row_reg_n_0_[1]
    SLICE_X57Y125        LUT6 (Prop_lut6_I2_O)        0.124     5.152 r  qkv_projector_i/acc_q0_i_222/O
                         net (fo=1, routed)           0.000     5.152    qkv_projector_i/acc_q0_i_222_n_0
    SLICE_X57Y125        MUXF7 (Prop_muxf7_I0_O)      0.212     5.364 r  qkv_projector_i/acc_q0_i_115/O
                         net (fo=1, routed)           0.851     6.215    qkv_projector_i/acc_q0_i_115_n_0
    SLICE_X58Y124        LUT6 (Prop_lut6_I5_O)        0.299     6.514 r  qkv_projector_i/acc_q0_i_26/O
                         net (fo=3, routed)           1.280     7.794    qkv_projector_i/X_reg[0,0][5]
    DSP48_X2Y44          DSP48E1 (Prop_dsp48e1_A[5]_P[30])
                                                      3.841    11.635 r  qkv_projector_i/acc_k0/P[30]
                         net (fo=1, routed)           0.660    12.295    qkv_projector_i/acc_k0_n_75
    SLICE_X37Y112        LUT3 (Prop_lut3_I2_O)        0.124    12.419 r  qkv_projector_i/acc_k0_i_24/O
                         net (fo=2, routed)           0.609    13.029    qkv_projector_i/acc_k0_i_24_n_0
    SLICE_X37Y112        FDRE                                         r  qkv_projector_i/acc_k0_i_24_psdsp/D
  -------------------------------------------------------------------    -------------------

                         (clock clk_fpga_0 rise edge)
                                                     10.000    10.000 r  
    PS7_X0Y0             PS7                          0.000    10.000 r  design_1_wrapper_i/design_1_i/processing_system7_0/inst/PS7_i/FCLKCLK[0]
                         net (fo=1, routed)           1.088    11.088    design_1_wrapper_i/design_1_i/processing_system7_0/inst/FCLK_CLK_unbuffered[0]
    BUFGCTRL_X0Y16       BUFG (Prop_bufg_I_O)         0.091    11.179 r  design_1_wrapper_i/design_1_i/processing_system7_0/inst/buffer_fclk_clk_0.FCLK_CLK_0_BUFG/O
                         net (fo=7088, routed)        1.649    12.828    qkv_projector_i/pl_clk0
    SLICE_X37Y112        FDRE                                         r  qkv_projector_i/acc_k0_i_24_psdsp/C
                         clock pessimism              0.247    13.075    
                         clock uncertainty           -0.154    12.921    
    SLICE_X37Y112        FDRE (Setup_fdre_C_D)       -0.061    12.860    qkv_projector_i/acc_k0_i_24_psdsp
  -------------------------------------------------------------------
                         required time                         12.860    
                         arrival time                         -13.029    
  -------------------------------------------------------------------
                         slack                                 -0.169    

Slack (VIOLATED) :        -0.152ns  (required time - arrival time)
  Source:                 qkv_projector_i/comp_row_reg[1]/C
                            (rising edge-triggered cell FDRE clocked by clk_fpga_0  {rise@0.000ns fall@5.000ns period=10.000ns})
  Destination:            qkv_projector_i/acc_k0_i_49_psdsp/D
                            (rising edge-triggered cell FDRE clocked by clk_fpga_0  {rise@0.000ns fall@5.000ns period=10.000ns})
  Path Group:             clk_fpga_0
  Path Type:              Setup (Max at Slow Process Corner)
  Requirement:            10.000ns  (clk_fpga_0 rise@10.000ns - clk_fpga_0 rise@0.000ns)
  Data Path Delay:        9.898ns  (logic 5.056ns (51.080%)  route 4.842ns (48.920%))
  Logic Levels:           5  (DSP48E1=1 LUT3=1 LUT6=2 MUXF7=1)
  Clock Path Skew:        -0.039ns (DCD - SCD + CPR)
    Destination Clock Delay (DCD):    2.830ns = ( 12.830 - 10.000 ) 
    Source Clock Delay      (SCD):    3.116ns
    Clock Pessimism Removal (CPR):    0.247ns
  Clock Uncertainty:      0.154ns  ((TSJ^2 + TIJ^2)^1/2 + DJ) / 2 + PE
    Total System Jitter     (TSJ):    0.071ns
    Total Input Jitter      (TIJ):    0.300ns
    Discrete Jitter          (DJ):    0.000ns
    Phase Error              (PE):    0.000ns

    Location             Delay type                Incr(ns)  Path(ns)    Netlist Resource(s)
  -------------------------------------------------------------------    -------------------
                         (clock clk_fpga_0 rise edge)
                                                      0.000     0.000 r  
    PS7_X0Y0             PS7                          0.000     0.000 r  design_1_wrapper_i/design_1_i/processing_system7_0/inst/PS7_i/FCLKCLK[0]
                         net (fo=1, routed)           1.193     1.193    design_1_wrapper_i/design_1_i/processing_system7_0/inst/FCLK_CLK_unbuffered[0]
    BUFGCTRL_X0Y16       BUFG (Prop_bufg_I_O)         0.101     1.294 r  design_1_wrapper_i/design_1_i/processing_system7_0/inst/buffer_fclk_clk_0.FCLK_CLK_0_BUFG/O
                         net (fo=7088, routed)        1.822     3.116    qkv_projector_i/pl_clk0
    SLICE_X48Y125        FDRE                                         r  qkv_projector_i/comp_row_reg[1]/C
  -------------------------------------------------------------------    -------------------
    SLICE_X48Y125        FDRE (Prop_fdre_C_Q)         0.456     3.572 r  qkv_projector_i/comp_row_reg[1]/Q
                         net (fo=165, routed)         1.456     5.028    qkv_projector_i/comp_row_reg_n_0_[1]
    SLICE_X57Y125        LUT6 (Prop_lut6_I2_O)        0.124     5.152 r  qkv_projector_i/acc_q0_i_222/O
                         net (fo=1, routed)           0.000     5.152    qkv_projector_i/acc_q0_i_222_n_0
    SLICE_X57Y125        MUXF7 (Prop_muxf7_I0_O)      0.212     5.364 r  qkv_projector_i/acc_q0_i_115/O
                         net (fo=1, routed)           0.851     6.215    qkv_projector_i/acc_q0_i_115_n_0
    SLICE_X58Y124        LUT6 (Prop_lut6_I5_O)        0.299     6.514 r  qkv_projector_i/acc_q0_i_26/O
                         net (fo=3, routed)           1.280     7.794    qkv_projector_i/X_reg[0,0][5]
    DSP48_X2Y44          DSP48E1 (Prop_dsp48e1_A[5]_P[5])
                                                      3.841    11.635 r  qkv_projector_i/acc_k0/P[5]
                         net (fo=1, routed)           0.642    12.277    qkv_projector_i/acc_k0_n_100
    SLICE_X37Y110        LUT3 (Prop_lut3_I2_O)        0.124    12.401 r  qkv_projector_i/acc_k0_i_49/O
                         net (fo=1, routed)           0.613    13.014    qkv_projector_i/acc_k0_i_49_n_0
    SLICE_X37Y110        FDRE                                         r  qkv_projector_i/acc_k0_i_49_psdsp/D
  -------------------------------------------------------------------    -------------------

                         (clock clk_fpga_0 rise edge)
                                                     10.000    10.000 r  
    PS7_X0Y0             PS7                          0.000    10.000 r  design_1_wrapper_i/design_1_i/processing_system7_0/inst/PS7_i/FCLKCLK[0]
                         net (fo=1, routed)           1.088    11.088    design_1_wrapper_i/design_1_i/processing_system7_0/inst/FCLK_CLK_unbuffered[0]
    BUFGCTRL_X0Y16       BUFG (Prop_bufg_I_O)         0.091    11.179 r  design_1_wrapper_i/design_1_i/processing_system7_0/inst/buffer_fclk_clk_0.FCLK_CLK_0_BUFG/O
                         net (fo=7088, routed)        1.651    12.830    qkv_projector_i/pl_clk0
    SLICE_X37Y110        FDRE                                         r  qkv_projector_i/acc_k0_i_49_psdsp/C
                         clock pessimism              0.247    13.077    
                         clock uncertainty           -0.154    12.923    
    SLICE_X37Y110        FDRE (Setup_fdre_C_D)       -0.061    12.862    qkv_projector_i/acc_k0_i_49_psdsp
  -------------------------------------------------------------------
                         required time                         12.862    
                         arrival time                         -13.014    
  -------------------------------------------------------------------
                         slack                                 -0.152    

Slack (VIOLATED) :        -0.142ns  (required time - arrival time)
  Source:                 qkv_projector_i/comp_row_reg[1]/C
                            (rising edge-triggered cell FDRE clocked by clk_fpga_0  {rise@0.000ns fall@5.000ns period=10.000ns})
  Destination:            qkv_projector_i/acc_v0_i_12_psdsp/D
                            (rising edge-triggered cell FDRE clocked by clk_fpga_0  {rise@0.000ns fall@5.000ns period=10.000ns})
  Path Group:             clk_fpga_0
  Path Type:              Setup (Max at Slow Process Corner)
  Requirement:            10.000ns  (clk_fpga_0 rise@10.000ns - clk_fpga_0 rise@0.000ns)
  Data Path Delay:        9.943ns  (logic 5.056ns (50.849%)  route 4.887ns (49.151%))
  Logic Levels:           5  (DSP48E1=1 LUT3=1 LUT6=2 MUXF7=1)
  Clock Path Skew:        -0.016ns (DCD - SCD + CPR)
    Destination Clock Delay (DCD):    2.953ns = ( 12.953 - 10.000 ) 
    Source Clock Delay      (SCD):    3.116ns
    Clock Pessimism Removal (CPR):    0.147ns
  Clock Uncertainty:      0.154ns  ((TSJ^2 + TIJ^2)^1/2 + DJ) / 2 + PE
    Total System Jitter     (TSJ):    0.071ns
    Total Input Jitter      (TIJ):    0.300ns
    Discrete Jitter          (DJ):    0.000ns
    Phase Error              (PE):    0.000ns

    Location             Delay type                Incr(ns)  Path(ns)    Netlist Resource(s)
  -------------------------------------------------------------------    -------------------
                         (clock clk_fpga_0 rise edge)
                                                      0.000     0.000 r  
    PS7_X0Y0             PS7                          0.000     0.000 r  design_1_wrapper_i/design_1_i/processing_system7_0/inst/PS7_i/FCLKCLK[0]
                         net (fo=1, routed)           1.193     1.193    design_1_wrapper_i/design_1_i/processing_system7_0/inst/FCLK_CLK_unbuffered[0]
    BUFGCTRL_X0Y16       BUFG (Prop_bufg_I_O)         0.101     1.294 r  design_1_wrapper_i/design_1_i/processing_system7_0/inst/buffer_fclk_clk_0.FCLK_CLK_0_BUFG/O
                         net (fo=7088, routed)        1.822     3.116    qkv_projector_i/pl_clk0
    SLICE_X48Y125        FDRE                                         r  qkv_projector_i/comp_row_reg[1]/C
  -------------------------------------------------------------------    -------------------
    SLICE_X48Y125        FDRE (Prop_fdre_C_Q)         0.456     3.572 r  qkv_projector_i/comp_row_reg[1]/Q
                         net (fo=165, routed)         1.456     5.028    qkv_projector_i/comp_row_reg_n_0_[1]
    SLICE_X57Y125        LUT6 (Prop_lut6_I2_O)        0.124     5.152 r  qkv_projector_i/acc_q0_i_222/O
                         net (fo=1, routed)           0.000     5.152    qkv_projector_i/acc_q0_i_222_n_0
    SLICE_X57Y125        MUXF7 (Prop_muxf7_I0_O)      0.212     5.364 r  qkv_projector_i/acc_q0_i_115/O
                         net (fo=1, routed)           0.851     6.215    qkv_projector_i/acc_q0_i_115_n_0
    SLICE_X58Y124        LUT6 (Prop_lut6_I5_O)        0.299     6.514 r  qkv_projector_i/acc_q0_i_26/O
                         net (fo=3, routed)           1.591     8.105    qkv_projector_i/X_reg[0,0][5]
    DSP48_X3Y44          DSP48E1 (Prop_dsp48e1_A[5]_P[28])
                                                      3.841    11.946 r  qkv_projector_i/acc_v0/P[28]
                         net (fo=1, routed)           0.658    12.604    qkv_projector_i/acc_v0_n_77
    SLICE_X90Y113        LUT3 (Prop_lut3_I2_O)        0.124    12.728 r  qkv_projector_i/acc_v0_i_12/O
                         net (fo=2, routed)           0.331    13.059    qkv_projector_i/acc_v0_i_12_n_0
    SLICE_X90Y113        FDRE                                         r  qkv_projector_i/acc_v0_i_12_psdsp/D
  -------------------------------------------------------------------    -------------------

                         (clock clk_fpga_0 rise edge)
                                                     10.000    10.000 r  
    PS7_X0Y0             PS7                          0.000    10.000 r  design_1_wrapper_i/design_1_i/processing_system7_0/inst/PS7_i/FCLKCLK[0]
                         net (fo=1, routed)           1.088    11.088    design_1_wrapper_i/design_1_i/processing_system7_0/inst/FCLK_CLK_unbuffered[0]
    BUFGCTRL_X0Y16       BUFG (Prop_bufg_I_O)         0.091    11.179 r  design_1_wrapper_i/design_1_i/processing_system7_0/inst/buffer_fclk_clk_0.FCLK_CLK_0_BUFG/O
                         net (fo=7088, routed)        1.774    12.953    qkv_projector_i/pl_clk0
    SLICE_X90Y113        FDRE                                         r  qkv_projector_i/acc_v0_i_12_psdsp/C
                         clock pessimism              0.147    13.100    
                         clock uncertainty           -0.154    12.946    
    SLICE_X90Y113        FDRE (Setup_fdre_C_D)       -0.028    12.918    qkv_projector_i/acc_v0_i_12_psdsp
  -------------------------------------------------------------------
                         required time                         12.918    
                         arrival time                         -13.059    
  -------------------------------------------------------------------
                         slack                                 -0.142    

Slack (VIOLATED) :        -0.134ns  (required time - arrival time)
  Source:                 qkv_projector_i/comp_row_reg[1]/C
                            (rising edge-triggered cell FDRE clocked by clk_fpga_0  {rise@0.000ns fall@5.000ns period=10.000ns})
  Destination:            qkv_projector_i/acc_q0_i_64_psdsp/D
                            (rising edge-triggered cell FDRE clocked by clk_fpga_0  {rise@0.000ns fall@5.000ns period=10.000ns})
  Path Group:             clk_fpga_0
  Path Type:              Setup (Max at Slow Process Corner)
  Requirement:            10.000ns  (clk_fpga_0 rise@10.000ns - clk_fpga_0 rise@0.000ns)
  Data Path Delay:        9.916ns  (logic 5.051ns (50.937%)  route 4.865ns (49.063%))
  Logic Levels:           5  (DSP48E1=1 LUT3=1 LUT6=2 MUXF7=1)
  Clock Path Skew:        -0.051ns (DCD - SCD + CPR)
    Destination Clock Delay (DCD):    2.818ns = ( 12.818 - 10.000 ) 
    Source Clock Delay      (SCD):    3.116ns
    Clock Pessimism Removal (CPR):    0.247ns
  Clock Uncertainty:      0.154ns  ((TSJ^2 + TIJ^2)^1/2 + DJ) / 2 + PE
    Total System Jitter     (TSJ):    0.071ns
    Total Input Jitter      (TIJ):    0.300ns
    Discrete Jitter          (DJ):    0.000ns
    Phase Error              (PE):    0.000ns

    Location             Delay type                Incr(ns)  Path(ns)    Netlist Resource(s)
  -------------------------------------------------------------------    -------------------
                         (clock clk_fpga_0 rise edge)
                                                      0.000     0.000 r  
    PS7_X0Y0             PS7                          0.000     0.000 r  design_1_wrapper_i/design_1_i/processing_system7_0/inst/PS7_i/FCLKCLK[0]
                         net (fo=1, routed)           1.193     1.193    design_1_wrapper_i/design_1_i/processing_system7_0/inst/FCLK_CLK_unbuffered[0]
    BUFGCTRL_X0Y16       BUFG (Prop_bufg_I_O)         0.101     1.294 r  design_1_wrapper_i/design_1_i/processing_system7_0/inst/buffer_fclk_clk_0.FCLK_CLK_0_BUFG/O
                         net (fo=7088, routed)        1.822     3.116    qkv_projector_i/pl_clk0
    SLICE_X48Y125        FDRE                                         r  qkv_projector_i/comp_row_reg[1]/C
  -------------------------------------------------------------------    -------------------
    SLICE_X48Y125        FDRE (Prop_fdre_C_Q)         0.456     3.572 r  qkv_projector_i/comp_row_reg[1]/Q
                         net (fo=165, routed)         1.502     5.074    qkv_projector_i/comp_row_reg_n_0_[1]
    SLICE_X54Y124        LUT6 (Prop_lut6_I2_O)        0.124     5.198 r  qkv_projector_i/acc_q0_i_252/O
                         net (fo=1, routed)           0.000     5.198    qkv_projector_i/acc_q0_i_252_n_0
    SLICE_X54Y124        MUXF7 (Prop_muxf7_I0_O)      0.209     5.407 r  qkv_projector_i/acc_q0_i_130/O
                         net (fo=1, routed)           0.930     6.337    qkv_projector_i/acc_q0_i_130_n_0
    SLICE_X57Y120        LUT6 (Prop_lut6_I3_O)        0.297     6.634 r  qkv_projector_i/acc_q0_i_30/O
                         net (fo=3, routed)           1.050     7.685    qkv_projector_i/X_reg[0,0][1]
    DSP48_X2Y48          DSP48E1 (Prop_dsp48e1_A[1]_P[7])
                                                      3.841    11.526 r  qkv_projector_i/acc_q0/P[7]
                         net (fo=1, routed)           0.770    12.295    qkv_projector_i/acc_q0_n_98
    SLICE_X34Y123        LUT3 (Prop_lut3_I2_O)        0.124    12.419 r  qkv_projector_i/acc_q0_i_64/O
                         net (fo=1, routed)           0.613    13.032    qkv_projector_i/acc_q0_i_64_n_0
    SLICE_X34Y123        FDRE                                         r  qkv_projector_i/acc_q0_i_64_psdsp/D
  -------------------------------------------------------------------    -------------------

                         (clock clk_fpga_0 rise edge)
                                                     10.000    10.000 r  
    PS7_X0Y0             PS7                          0.000    10.000 r  design_1_wrapper_i/design_1_i/processing_system7_0/inst/PS7_i/FCLKCLK[0]
                         net (fo=1, routed)           1.088    11.088    design_1_wrapper_i/design_1_i/processing_system7_0/inst/FCLK_CLK_unbuffered[0]
    BUFGCTRL_X0Y16       BUFG (Prop_bufg_I_O)         0.091    11.179 r  design_1_wrapper_i/design_1_i/processing_system7_0/inst/buffer_fclk_clk_0.FCLK_CLK_0_BUFG/O
                         net (fo=7088, routed)        1.639    12.818    qkv_projector_i/pl_clk0
    SLICE_X34Y123        FDRE                                         r  qkv_projector_i/acc_q0_i_64_psdsp/C
                         clock pessimism              0.247    13.065    
                         clock uncertainty           -0.154    12.911    
    SLICE_X34Y123        FDRE (Setup_fdre_C_D)       -0.013    12.898    qkv_projector_i/acc_q0_i_64_psdsp
  -------------------------------------------------------------------
                         required time                         12.898    
                         arrival time                         -13.032    
  -------------------------------------------------------------------
                         slack                                 -0.134    





Min Delay Paths
--------------------------------------------------------------------------------------
Slack (MET) :             0.057ns  (arrival time - required time)
  Source:                 <hidden>
                            (rising edge-triggered cell FDRE clocked by clk_fpga_0  {rise@0.000ns fall@5.000ns period=10.000ns})
  Destination:            design_1_wrapper_i/design_1_i/transformer_axi_0/U0/transformer_axi_slave_lite_v1_0_S00_AXI_inst/slv_reg5_reg[5]/D
                            (rising edge-triggered cell FDRE clocked by clk_fpga_0  {rise@0.000ns fall@5.000ns period=10.000ns})
  Path Group:             clk_fpga_0
  Path Type:              Hold (Min at Fast Process Corner)
  Requirement:            0.000ns  (clk_fpga_0 rise@0.000ns - clk_fpga_0 rise@0.000ns)
  Data Path Delay:        0.472ns  (logic 0.164ns (34.755%)  route 0.308ns (65.245%))
  Logic Levels:           0  
  Clock Path Skew:        0.349ns (DCD - SCD - CPR)
    Destination Clock Delay (DCD):    1.276ns
    Source Clock Delay      (SCD):    0.892ns
    Clock Pessimism Removal (CPR):    0.035ns

    Location             Delay type                Incr(ns)  Path(ns)    Netlist Resource(s)
  -------------------------------------------------------------------    -------------------
                         (clock clk_fpga_0 rise edge)
                                                      0.000     0.000 r  
    PS7_X0Y0             PS7                          0.000     0.000 r  design_1_wrapper_i/design_1_i/processing_system7_0/inst/PS7_i/FCLKCLK[0]
                         net (fo=1, routed)           0.310     0.310    design_1_wrapper_i/design_1_i/processing_system7_0/inst/FCLK_CLK_unbuffered[0]
    BUFGCTRL_X0Y16       BUFG (Prop_bufg_I_O)         0.026     0.336 r  design_1_wrapper_i/design_1_i/processing_system7_0/inst/buffer_fclk_clk_0.FCLK_CLK_0_BUFG/O
                         net (fo=7088, routed)        0.556     0.892    <hidden>
    SLICE_X36Y94         FDRE                                         r  <hidden>
  -------------------------------------------------------------------    -------------------
    SLICE_X36Y94         FDRE (Prop_fdre_C_Q)         0.164     1.056 r  <hidden>
                         net (fo=49, routed)          0.308     1.363    design_1_wrapper_i/design_1_i/transformer_axi_0/U0/transformer_axi_slave_lite_v1_0_S00_AXI_inst/s00_axi_wdata[5]
    SLICE_X39Y105        FDRE                                         r  design_1_wrapper_i/design_1_i/transformer_axi_0/U0/transformer_axi_slave_lite_v1_0_S00_AXI_inst/slv_reg5_reg[5]/D
  -------------------------------------------------------------------    -------------------

                         (clock clk_fpga_0 rise edge)
                                                      0.000     0.000 r  
    PS7_X0Y0             PS7                          0.000     0.000 r  design_1_wrapper_i/design_1_i/processing_system7_0/inst/PS7_i/FCLKCLK[0]
                         net (fo=1, routed)           0.337     0.337    design_1_wrapper_i/design_1_i/processing_system7_0/inst/FCLK_CLK_unbuffered[0]
    BUFGCTRL_X0Y16       BUFG (Prop_bufg_I_O)         0.029     0.366 r  design_1_wrapper_i/design_1_i/processing_system7_0/inst/buffer_fclk_clk_0.FCLK_CLK_0_BUFG/O
                         net (fo=7088, routed)        0.910     1.276    design_1_wrapper_i/design_1_i/transformer_axi_0/U0/transformer_axi_slave_lite_v1_0_S00_AXI_inst/s00_axi_aclk
    SLICE_X39Y105        FDRE                                         r  design_1_wrapper_i/design_1_i/transformer_axi_0/U0/transformer_axi_slave_lite_v1_0_S00_AXI_inst/slv_reg5_reg[5]/C
                         clock pessimism             -0.035     1.241    
    SLICE_X39Y105        FDRE (Hold_fdre_C_D)         0.066     1.307    design_1_wrapper_i/design_1_i/transformer_axi_0/U0/transformer_axi_slave_lite_v1_0_S00_AXI_inst/slv_reg5_reg[5]
  -------------------------------------------------------------------
                         required time                         -1.307    
                         arrival time                           1.363    
  -------------------------------------------------------------------
                         slack                                  0.057    

Slack (MET) :             0.108ns  (arrival time - required time)
  Source:                 <hidden>
                            (rising edge-triggered cell FDRE clocked by clk_fpga_0  {rise@0.000ns fall@5.000ns period=10.000ns})
  Destination:            design_1_wrapper_i/design_1_i/transformer_axi_0/U0/transformer_axi_slave_lite_v1_0_S00_AXI_inst/slv_reg23_reg[7]/D
                            (rising edge-triggered cell FDRE clocked by clk_fpga_0  {rise@0.000ns fall@5.000ns period=10.000ns})
  Path Group:             clk_fpga_0
  Path Type:              Hold (Min at Fast Process Corner)
  Requirement:            0.000ns  (clk_fpga_0 rise@0.000ns - clk_fpga_0 rise@0.000ns)
  Data Path Delay:        0.532ns  (logic 0.164ns (30.805%)  route 0.368ns (69.195%))
  Logic Levels:           0  
  Clock Path Skew:        0.348ns (DCD - SCD - CPR)
    Destination Clock Delay (DCD):    1.275ns
    Source Clock Delay      (SCD):    0.892ns
    Clock Pessimism Removal (CPR):    0.035ns

    Location             Delay type                Incr(ns)  Path(ns)    Netlist Resource(s)
  -------------------------------------------------------------------    -------------------
                         (clock clk_fpga_0 rise edge)
                                                      0.000     0.000 r  
    PS7_X0Y0             PS7                          0.000     0.000 r  design_1_wrapper_i/design_1_i/processing_system7_0/inst/PS7_i/FCLKCLK[0]
                         net (fo=1, routed)           0.310     0.310    design_1_wrapper_i/design_1_i/processing_system7_0/inst/FCLK_CLK_unbuffered[0]
    BUFGCTRL_X0Y16       BUFG (Prop_bufg_I_O)         0.026     0.336 r  design_1_wrapper_i/design_1_i/processing_system7_0/inst/buffer_fclk_clk_0.FCLK_CLK_0_BUFG/O
                         net (fo=7088, routed)        0.556     0.892    <hidden>
    SLICE_X36Y94         FDRE                                         r  <hidden>
  -------------------------------------------------------------------    -------------------
    SLICE_X36Y94         FDRE (Prop_fdre_C_Q)         0.164     1.056 r  <hidden>
                         net (fo=49, routed)          0.368     1.424    design_1_wrapper_i/design_1_i/transformer_axi_0/U0/transformer_axi_slave_lite_v1_0_S00_AXI_inst/s00_axi_wdata[7]
    SLICE_X40Y108        FDRE                                         r  design_1_wrapper_i/design_1_i/transformer_axi_0/U0/transformer_axi_slave_lite_v1_0_S00_AXI_inst/slv_reg23_reg[7]/D
  -------------------------------------------------------------------    -------------------

                         (clock clk_fpga_0 rise edge)
                                                      0.000     0.000 r  
    PS7_X0Y0             PS7                          0.000     0.000 r  design_1_wrapper_i/design_1_i/processing_system7_0/inst/PS7_i/FCLKCLK[0]
                         net (fo=1, routed)           0.337     0.337    design_1_wrapper_i/design_1_i/processing_system7_0/inst/FCLK_CLK_unbuffered[0]
    BUFGCTRL_X0Y16       BUFG (Prop_bufg_I_O)         0.029     0.366 r  design_1_wrapper_i/design_1_i/processing_system7_0/inst/buffer_fclk_clk_0.FCLK_CLK_0_BUFG/O
                         net (fo=7088, routed)        0.909     1.275    design_1_wrapper_i/design_1_i/transformer_axi_0/U0/transformer_axi_slave_lite_v1_0_S00_AXI_inst/s00_axi_aclk
    SLICE_X40Y108        FDRE                                         r  design_1_wrapper_i/design_1_i/transformer_axi_0/U0/transformer_axi_slave_lite_v1_0_S00_AXI_inst/slv_reg23_reg[7]/C
                         clock pessimism             -0.035     1.240    
    SLICE_X40Y108        FDRE (Hold_fdre_C_D)         0.076     1.316    design_1_wrapper_i/design_1_i/transformer_axi_0/U0/transformer_axi_slave_lite_v1_0_S00_AXI_inst/slv_reg23_reg[7]
  -------------------------------------------------------------------
                         required time                         -1.316    
                         arrival time                           1.424    
  -------------------------------------------------------------------
                         slack                                  0.108    

Slack (MET) :             0.110ns  (arrival time - required time)
  Source:                 <hidden>
                            (rising edge-triggered cell FDRE clocked by clk_fpga_0  {rise@0.000ns fall@5.000ns period=10.000ns})
  Destination:            design_1_wrapper_i/design_1_i/transformer_axi_0/U0/transformer_axi_slave_lite_v1_0_S00_AXI_inst/slv_reg19_reg[6]/D
                            (rising edge-triggered cell FDRE clocked by clk_fpga_0  {rise@0.000ns fall@5.000ns period=10.000ns})
  Path Group:             clk_fpga_0
  Path Type:              Hold (Min at Fast Process Corner)
  Requirement:            0.000ns  (clk_fpga_0 rise@0.000ns - clk_fpga_0 rise@0.000ns)
  Data Path Delay:        0.511ns  (logic 0.164ns (32.089%)  route 0.347ns (67.911%))
  Logic Levels:           0  
  Clock Path Skew:        0.349ns (DCD - SCD - CPR)
    Destination Clock Delay (DCD):    1.276ns
    Source Clock Delay      (SCD):    0.892ns
    Clock Pessimism Removal (CPR):    0.035ns

    Location             Delay type                Incr(ns)  Path(ns)    Netlist Resource(s)
  -------------------------------------------------------------------    -------------------
                         (clock clk_fpga_0 rise edge)
                                                      0.000     0.000 r  
    PS7_X0Y0             PS7                          0.000     0.000 r  design_1_wrapper_i/design_1_i/processing_system7_0/inst/PS7_i/FCLKCLK[0]
                         net (fo=1, routed)           0.310     0.310    design_1_wrapper_i/design_1_i/processing_system7_0/inst/FCLK_CLK_unbuffered[0]
    BUFGCTRL_X0Y16       BUFG (Prop_bufg_I_O)         0.026     0.336 r  design_1_wrapper_i/design_1_i/processing_system7_0/inst/buffer_fclk_clk_0.FCLK_CLK_0_BUFG/O
                         net (fo=7088, routed)        0.556     0.892    <hidden>
    SLICE_X36Y95         FDRE                                         r  <hidden>
  -------------------------------------------------------------------    -------------------
    SLICE_X36Y95         FDRE (Prop_fdre_C_Q)         0.164     1.056 r  <hidden>
                         net (fo=49, routed)          0.347     1.403    design_1_wrapper_i/design_1_i/transformer_axi_0/U0/transformer_axi_slave_lite_v1_0_S00_AXI_inst/s00_axi_wdata[6]
    SLICE_X36Y104        FDRE                                         r  design_1_wrapper_i/design_1_i/transformer_axi_0/U0/transformer_axi_slave_lite_v1_0_S00_AXI_inst/slv_reg19_reg[6]/D
  -------------------------------------------------------------------    -------------------

                         (clock clk_fpga_0 rise edge)
                                                      0.000     0.000 r  
    PS7_X0Y0             PS7                          0.000     0.000 r  design_1_wrapper_i/design_1_i/processing_system7_0/inst/PS7_i/FCLKCLK[0]
                         net (fo=1, routed)           0.337     0.337    design_1_wrapper_i/design_1_i/processing_system7_0/inst/FCLK_CLK_unbuffered[0]
    BUFGCTRL_X0Y16       BUFG (Prop_bufg_I_O)         0.029     0.366 r  design_1_wrapper_i/design_1_i/processing_system7_0/inst/buffer_fclk_clk_0.FCLK_CLK_0_BUFG/O
                         net (fo=7088, routed)        0.910     1.276    design_1_wrapper_i/design_1_i/transformer_axi_0/U0/transformer_axi_slave_lite_v1_0_S00_AXI_inst/s00_axi_aclk
    SLICE_X36Y104        FDRE                                         r  design_1_wrapper_i/design_1_i/transformer_axi_0/U0/transformer_axi_slave_lite_v1_0_S00_AXI_inst/slv_reg19_reg[6]/C
                         clock pessimism             -0.035     1.241    
    SLICE_X36Y104        FDRE (Hold_fdre_C_D)         0.052     1.293    design_1_wrapper_i/design_1_i/transformer_axi_0/U0/transformer_axi_slave_lite_v1_0_S00_AXI_inst/slv_reg19_reg[6]
  -------------------------------------------------------------------
                         required time                         -1.293    
                         arrival time                           1.403    
  -------------------------------------------------------------------
                         slack                                  0.110    

Slack (MET) :             0.112ns  (arrival time - required time)
  Source:                 <hidden>
                            (rising edge-triggered cell FDRE clocked by clk_fpga_0  {rise@0.000ns fall@5.000ns period=10.000ns})
  Destination:            design_1_wrapper_i/design_1_i/transformer_axi_0/U0/transformer_axi_slave_lite_v1_0_S00_AXI_inst/slv_reg7_reg[3]/D
                            (rising edge-triggered cell FDRE clocked by clk_fpga_0  {rise@0.000ns fall@5.000ns period=10.000ns})
  Path Group:             clk_fpga_0
  Path Type:              Hold (Min at Fast Process Corner)
  Requirement:            0.000ns  (clk_fpga_0 rise@0.000ns - clk_fpga_0 rise@0.000ns)
  Data Path Delay:        0.517ns  (logic 0.141ns (27.255%)  route 0.376ns (72.745%))
  Logic Levels:           0  
  Clock Path Skew:        0.346ns (DCD - SCD - CPR)
    Destination Clock Delay (DCD):    1.275ns
    Source Clock Delay      (SCD):    0.894ns
    Clock Pessimism Removal (CPR):    0.035ns

    Location             Delay type                Incr(ns)  Path(ns)    Netlist Resource(s)
  -------------------------------------------------------------------    -------------------
                         (clock clk_fpga_0 rise edge)
                                                      0.000     0.000 r  
    PS7_X0Y0             PS7                          0.000     0.000 r  design_1_wrapper_i/design_1_i/processing_system7_0/inst/PS7_i/FCLKCLK[0]
                         net (fo=1, routed)           0.310     0.310    design_1_wrapper_i/design_1_i/processing_system7_0/inst/FCLK_CLK_unbuffered[0]
    BUFGCTRL_X0Y16       BUFG (Prop_bufg_I_O)         0.026     0.336 r  design_1_wrapper_i/design_1_i/processing_system7_0/inst/buffer_fclk_clk_0.FCLK_CLK_0_BUFG/O
                         net (fo=7088, routed)        0.558     0.894    <hidden>
    SLICE_X35Y95         FDRE                                         r  <hidden>
  -------------------------------------------------------------------    -------------------
    SLICE_X35Y95         FDRE (Prop_fdre_C_Q)         0.141     1.035 r  <hidden>
                         net (fo=49, routed)          0.376     1.411    design_1_wrapper_i/design_1_i/transformer_axi_0/U0/transformer_axi_slave_lite_v1_0_S00_AXI_inst/s00_axi_wdata[3]
    SLICE_X34Y110        FDRE                                         r  design_1_wrapper_i/design_1_i/transformer_axi_0/U0/transformer_axi_slave_lite_v1_0_S00_AXI_inst/slv_reg7_reg[3]/D
  -------------------------------------------------------------------    -------------------

                         (clock clk_fpga_0 rise edge)
                                                      0.000     0.000 r  
    PS7_X0Y0             PS7                          0.000     0.000 r  design_1_wrapper_i/design_1_i/processing_system7_0/inst/PS7_i/FCLKCLK[0]
                         net (fo=1, routed)           0.337     0.337    design_1_wrapper_i/design_1_i/processing_system7_0/inst/FCLK_CLK_unbuffered[0]
    BUFGCTRL_X0Y16       BUFG (Prop_bufg_I_O)         0.029     0.366 r  design_1_wrapper_i/design_1_i/processing_system7_0/inst/buffer_fclk_clk_0.FCLK_CLK_0_BUFG/O
                         net (fo=7088, routed)        0.909     1.275    design_1_wrapper_i/design_1_i/transformer_axi_0/U0/transformer_axi_slave_lite_v1_0_S00_AXI_inst/s00_axi_aclk
    SLICE_X34Y110        FDRE                                         r  design_1_wrapper_i/design_1_i/transformer_axi_0/U0/transformer_axi_slave_lite_v1_0_S00_AXI_inst/slv_reg7_reg[3]/C
                         clock pessimism             -0.035     1.240    
    SLICE_X34Y110        FDRE (Hold_fdre_C_D)         0.059     1.299    design_1_wrapper_i/design_1_i/transformer_axi_0/U0/transformer_axi_slave_lite_v1_0_S00_AXI_inst/slv_reg7_reg[3]
  -------------------------------------------------------------------
                         required time                         -1.299    
                         arrival time                           1.411    
  -------------------------------------------------------------------
                         slack                                  0.112    

Slack (MET) :             0.114ns  (arrival time - required time)
  Source:                 <hidden>
                            (rising edge-triggered cell FDRE clocked by clk_fpga_0  {rise@0.000ns fall@5.000ns period=10.000ns})
  Destination:            design_1_wrapper_i/design_1_i/transformer_axi_0/U0/transformer_axi_slave_lite_v1_0_S00_AXI_inst/slv_reg19_reg[1]/D
                            (rising edge-triggered cell FDRE clocked by clk_fpga_0  {rise@0.000ns fall@5.000ns period=10.000ns})
  Path Group:             clk_fpga_0
  Path Type:              Hold (Min at Fast Process Corner)
  Requirement:            0.000ns  (clk_fpga_0 rise@0.000ns - clk_fpga_0 rise@0.000ns)
  Data Path Delay:        0.531ns  (logic 0.141ns (26.529%)  route 0.390ns (73.471%))
  Logic Levels:           0  
  Clock Path Skew:        0.347ns (DCD - SCD - CPR)
    Destination Clock Delay (DCD):    1.276ns
    Source Clock Delay      (SCD):    0.894ns
    Clock Pessimism Removal (CPR):    0.035ns

    Location             Delay type                Incr(ns)  Path(ns)    Netlist Resource(s)
  -------------------------------------------------------------------    -------------------
                         (clock clk_fpga_0 rise edge)
                                                      0.000     0.000 r  
    PS7_X0Y0             PS7                          0.000     0.000 r  design_1_wrapper_i/design_1_i/processing_system7_0/inst/PS7_i/FCLKCLK[0]
                         net (fo=1, routed)           0.310     0.310    design_1_wrapper_i/design_1_i/processing_system7_0/inst/FCLK_CLK_unbuffered[0]
    BUFGCTRL_X0Y16       BUFG (Prop_bufg_I_O)         0.026     0.336 r  design_1_wrapper_i/design_1_i/processing_system7_0/inst/buffer_fclk_clk_0.FCLK_CLK_0_BUFG/O
                         net (fo=7088, routed)        0.558     0.894    <hidden>
    SLICE_X35Y94         FDRE                                         r  <hidden>
  -------------------------------------------------------------------    -------------------
    SLICE_X35Y94         FDRE (Prop_fdre_C_Q)         0.141     1.035 r  <hidden>
                         net (fo=49, routed)          0.390     1.425    design_1_wrapper_i/design_1_i/transformer_axi_0/U0/transformer_axi_slave_lite_v1_0_S00_AXI_inst/s00_axi_wdata[1]
    SLICE_X41Y104        FDRE                                         r  design_1_wrapper_i/design_1_i/transformer_axi_0/U0/transformer_axi_slave_lite_v1_0_S00_AXI_inst/slv_reg19_reg[1]/D
  -------------------------------------------------------------------    -------------------

                         (clock clk_fpga_0 rise edge)
                                                      0.000     0.000 r  
    PS7_X0Y0             PS7                          0.000     0.000 r  design_1_wrapper_i/design_1_i/processing_system7_0/inst/PS7_i/FCLKCLK[0]
                         net (fo=1, routed)           0.337     0.337    design_1_wrapper_i/design_1_i/processing_system7_0/inst/FCLK_CLK_unbuffered[0]
    BUFGCTRL_X0Y16       BUFG (Prop_bufg_I_O)         0.029     0.366 r  design_1_wrapper_i/design_1_i/processing_system7_0/inst/buffer_fclk_clk_0.FCLK_CLK_0_BUFG/O
                         net (fo=7088, routed)        0.910     1.276    design_1_wrapper_i/design_1_i/transformer_axi_0/U0/transformer_axi_slave_lite_v1_0_S00_AXI_inst/s00_axi_aclk
    SLICE_X41Y104        FDRE                                         r  design_1_wrapper_i/design_1_i/transformer_axi_0/U0/transformer_axi_slave_lite_v1_0_S00_AXI_inst/slv_reg19_reg[1]/C
                         clock pessimism             -0.035     1.241    
    SLICE_X41Y104        FDRE (Hold_fdre_C_D)         0.070     1.311    design_1_wrapper_i/design_1_i/transformer_axi_0/U0/transformer_axi_slave_lite_v1_0_S00_AXI_inst/slv_reg19_reg[1]
  -------------------------------------------------------------------
                         required time                         -1.311    
                         arrival time                           1.425    
  -------------------------------------------------------------------
                         slack                                  0.114    

Slack (MET) :             0.116ns  (arrival time - required time)
  Source:                 <hidden>
                            (rising edge-triggered cell FDRE clocked by clk_fpga_0  {rise@0.000ns fall@5.000ns period=10.000ns})
  Destination:            design_1_wrapper_i/design_1_i/transformer_axi_0/U0/transformer_axi_slave_lite_v1_0_S00_AXI_inst/slv_reg29_reg[5]/D
                            (rising edge-triggered cell FDRE clocked by clk_fpga_0  {rise@0.000ns fall@5.000ns period=10.000ns})
  Path Group:             clk_fpga_0
  Path Type:              Hold (Min at Fast Process Corner)
  Requirement:            0.000ns  (clk_fpga_0 rise@0.000ns - clk_fpga_0 rise@0.000ns)
  Data Path Delay:        0.531ns  (logic 0.164ns (30.859%)  route 0.367ns (69.141%))
  Logic Levels:           0  
  Clock Path Skew:        0.349ns (DCD - SCD - CPR)
    Destination Clock Delay (DCD):    1.276ns
    Source Clock Delay      (SCD):    0.892ns
    Clock Pessimism Removal (CPR):    0.035ns

    Location             Delay type                Incr(ns)  Path(ns)    Netlist Resource(s)
  -------------------------------------------------------------------    -------------------
                         (clock clk_fpga_0 rise edge)
                                                      0.000     0.000 r  
    PS7_X0Y0             PS7                          0.000     0.000 r  design_1_wrapper_i/design_1_i/processing_system7_0/inst/PS7_i/FCLKCLK[0]
                         net (fo=1, routed)           0.310     0.310    design_1_wrapper_i/design_1_i/processing_system7_0/inst/FCLK_CLK_unbuffered[0]
    BUFGCTRL_X0Y16       BUFG (Prop_bufg_I_O)         0.026     0.336 r  design_1_wrapper_i/design_1_i/processing_system7_0/inst/buffer_fclk_clk_0.FCLK_CLK_0_BUFG/O
                         net (fo=7088, routed)        0.556     0.892    <hidden>
    SLICE_X36Y94         FDRE                                         r  <hidden>
  -------------------------------------------------------------------    -------------------
    SLICE_X36Y94         FDRE (Prop_fdre_C_Q)         0.164     1.056 r  <hidden>
                         net (fo=49, routed)          0.367     1.423    design_1_wrapper_i/design_1_i/transformer_axi_0/U0/transformer_axi_slave_lite_v1_0_S00_AXI_inst/s00_axi_wdata[5]
    SLICE_X39Y104        FDRE                                         r  design_1_wrapper_i/design_1_i/transformer_axi_0/U0/transformer_axi_slave_lite_v1_0_S00_AXI_inst/slv_reg29_reg[5]/D
  -------------------------------------------------------------------    -------------------

                         (clock clk_fpga_0 rise edge)
                                                      0.000     0.000 r  
    PS7_X0Y0             PS7                          0.000     0.000 r  design_1_wrapper_i/design_1_i/processing_system7_0/inst/PS7_i/FCLKCLK[0]
                         net (fo=1, routed)           0.337     0.337    design_1_wrapper_i/design_1_i/processing_system7_0/inst/FCLK_CLK_unbuffered[0]
    BUFGCTRL_X0Y16       BUFG (Prop_bufg_I_O)         0.029     0.366 r  design_1_wrapper_i/design_1_i/processing_system7_0/inst/buffer_fclk_clk_0.FCLK_CLK_0_BUFG/O
                         net (fo=7088, routed)        0.910     1.276    design_1_wrapper_i/design_1_i/transformer_axi_0/U0/transformer_axi_slave_lite_v1_0_S00_AXI_inst/s00_axi_aclk
    SLICE_X39Y104        FDRE                                         r  design_1_wrapper_i/design_1_i/transformer_axi_0/U0/transformer_axi_slave_lite_v1_0_S00_AXI_inst/slv_reg29_reg[5]/C
                         clock pessimism             -0.035     1.241    
    SLICE_X39Y104        FDRE (Hold_fdre_C_D)         0.066     1.307    design_1_wrapper_i/design_1_i/transformer_axi_0/U0/transformer_axi_slave_lite_v1_0_S00_AXI_inst/slv_reg29_reg[5]
  -------------------------------------------------------------------
                         required time                         -1.307    
                         arrival time                           1.423    
  -------------------------------------------------------------------
                         slack                                  0.116    

Slack (MET) :             0.120ns  (arrival time - required time)
  Source:                 <hidden>
                            (rising edge-triggered cell FDRE clocked by clk_fpga_0  {rise@0.000ns fall@5.000ns period=10.000ns})
  Destination:            design_1_wrapper_i/design_1_i/transformer_axi_0/U0/transformer_axi_slave_lite_v1_0_S00_AXI_inst/slv_reg22_reg[1]/D
                            (rising edge-triggered cell FDRE clocked by clk_fpga_0  {rise@0.000ns fall@5.000ns period=10.000ns})
  Path Group:             clk_fpga_0
  Path Type:              Hold (Min at Fast Process Corner)
  Requirement:            0.000ns  (clk_fpga_0 rise@0.000ns - clk_fpga_0 rise@0.000ns)
  Data Path Delay:        0.537ns  (logic 0.141ns (26.240%)  route 0.396ns (73.760%))
  Logic Levels:           0  
  Clock Path Skew:        0.347ns (DCD - SCD - CPR)
    Destination Clock Delay (DCD):    1.276ns
    Source Clock Delay      (SCD):    0.894ns
    Clock Pessimism Removal (CPR):    0.035ns

    Location             Delay type                Incr(ns)  Path(ns)    Netlist Resource(s)
  -------------------------------------------------------------------    -------------------
                         (clock clk_fpga_0 rise edge)
                                                      0.000     0.000 r  
    PS7_X0Y0             PS7                          0.000     0.000 r  design_1_wrapper_i/design_1_i/processing_system7_0/inst/PS7_i/FCLKCLK[0]
                         net (fo=1, routed)           0.310     0.310    design_1_wrapper_i/design_1_i/processing_system7_0/inst/FCLK_CLK_unbuffered[0]
    BUFGCTRL_X0Y16       BUFG (Prop_bufg_I_O)         0.026     0.336 r  design_1_wrapper_i/design_1_i/processing_system7_0/inst/buffer_fclk_clk_0.FCLK_CLK_0_BUFG/O
                         net (fo=7088, routed)        0.558     0.894    <hidden>
    SLICE_X35Y94         FDRE                                         r  <hidden>
  -------------------------------------------------------------------    -------------------
    SLICE_X35Y94         FDRE (Prop_fdre_C_Q)         0.141     1.035 r  <hidden>
                         net (fo=49, routed)          0.396     1.431    design_1_wrapper_i/design_1_i/transformer_axi_0/U0/transformer_axi_slave_lite_v1_0_S00_AXI_inst/s00_axi_wdata[1]
    SLICE_X40Y104        FDRE                                         r  design_1_wrapper_i/design_1_i/transformer_axi_0/U0/transformer_axi_slave_lite_v1_0_S00_AXI_inst/slv_reg22_reg[1]/D
  -------------------------------------------------------------------    -------------------

                         (clock clk_fpga_0 rise edge)
                                                      0.000     0.000 r  
    PS7_X0Y0             PS7                          0.000     0.000 r  design_1_wrapper_i/design_1_i/processing_system7_0/inst/PS7_i/FCLKCLK[0]
                         net (fo=1, routed)           0.337     0.337    design_1_wrapper_i/design_1_i/processing_system7_0/inst/FCLK_CLK_unbuffered[0]
    BUFGCTRL_X0Y16       BUFG (Prop_bufg_I_O)         0.029     0.366 r  design_1_wrapper_i/design_1_i/processing_system7_0/inst/buffer_fclk_clk_0.FCLK_CLK_0_BUFG/O
                         net (fo=7088, routed)        0.910     1.276    design_1_wrapper_i/design_1_i/transformer_axi_0/U0/transformer_axi_slave_lite_v1_0_S00_AXI_inst/s00_axi_aclk
    SLICE_X40Y104        FDRE                                         r  design_1_wrapper_i/design_1_i/transformer_axi_0/U0/transformer_axi_slave_lite_v1_0_S00_AXI_inst/slv_reg22_reg[1]/C
                         clock pessimism             -0.035     1.241    
    SLICE_X40Y104        FDRE (Hold_fdre_C_D)         0.070     1.311    design_1_wrapper_i/design_1_i/transformer_axi_0/U0/transformer_axi_slave_lite_v1_0_S00_AXI_inst/slv_reg22_reg[1]
  -------------------------------------------------------------------
                         required time                         -1.311    
                         arrival time                           1.431    
  -------------------------------------------------------------------
                         slack                                  0.120    

Slack (MET) :             0.121ns  (arrival time - required time)
  Source:                 pool_start_reg/C
                            (rising edge-triggered cell FDRE clocked by clk_fpga_0  {rise@0.000ns fall@5.000ns period=10.000ns})
  Destination:            avg_pool_i/FSM_onehot_state_reg[2]/D
                            (rising edge-triggered cell FDRE clocked by clk_fpga_0  {rise@0.000ns fall@5.000ns period=10.000ns})
  Path Group:             clk_fpga_0
  Path Type:              Hold (Min at Fast Process Corner)
  Requirement:            0.000ns  (clk_fpga_0 rise@0.000ns - clk_fpga_0 rise@0.000ns)
  Data Path Delay:        0.412ns  (logic 0.187ns (45.430%)  route 0.225ns (54.570%))
  Logic Levels:           1  (LUT5=1)
  Clock Path Skew:        0.184ns (DCD - SCD - CPR)
    Destination Clock Delay (DCD):    1.215ns
    Source Clock Delay      (SCD):    0.996ns
    Clock Pessimism Removal (CPR):    0.035ns

    Location             Delay type                Incr(ns)  Path(ns)    Netlist Resource(s)
  -------------------------------------------------------------------    -------------------
                         (clock clk_fpga_0 rise edge)
                                                      0.000     0.000 r  
    PS7_X0Y0             PS7                          0.000     0.000 r  design_1_wrapper_i/design_1_i/processing_system7_0/inst/PS7_i/FCLKCLK[0]
                         net (fo=1, routed)           0.310     0.310    design_1_wrapper_i/design_1_i/processing_system7_0/inst/FCLK_CLK_unbuffered[0]
    BUFGCTRL_X0Y16       BUFG (Prop_bufg_I_O)         0.026     0.336 r  design_1_wrapper_i/design_1_i/processing_system7_0/inst/buffer_fclk_clk_0.FCLK_CLK_0_BUFG/O
                         net (fo=7088, routed)        0.660     0.996    fclk_clk0
    SLICE_X59Y100        FDRE                                         r  pool_start_reg/C
  -------------------------------------------------------------------    -------------------
    SLICE_X59Y100        FDRE (Prop_fdre_C_Q)         0.141     1.137 r  pool_start_reg/Q
                         net (fo=6, routed)           0.225     1.362    avg_pool_i/FSM_onehot_state_reg[2]_0
    SLICE_X60Y99         LUT5 (Prop_lut5_I2_O)        0.046     1.408 r  avg_pool_i/FSM_onehot_state[2]_i_2/O
                         net (fo=1, routed)           0.000     1.408    avg_pool_i/FSM_onehot_state[2]_i_2_n_0
    SLICE_X60Y99         FDRE                                         r  avg_pool_i/FSM_onehot_state_reg[2]/D
  -------------------------------------------------------------------    -------------------

                         (clock clk_fpga_0 rise edge)
                                                      0.000     0.000 r  
    PS7_X0Y0             PS7                          0.000     0.000 r  design_1_wrapper_i/design_1_i/processing_system7_0/inst/PS7_i/FCLKCLK[0]
                         net (fo=1, routed)           0.337     0.337    design_1_wrapper_i/design_1_i/processing_system7_0/inst/FCLK_CLK_unbuffered[0]
    BUFGCTRL_X0Y16       BUFG (Prop_bufg_I_O)         0.029     0.366 r  design_1_wrapper_i/design_1_i/processing_system7_0/inst/buffer_fclk_clk_0.FCLK_CLK_0_BUFG/O
                         net (fo=7088, routed)        0.849     1.215    avg_pool_i/pl_clk0
    SLICE_X60Y99         FDRE                                         r  avg_pool_i/FSM_onehot_state_reg[2]/C
                         clock pessimism             -0.035     1.180    
    SLICE_X60Y99         FDRE (Hold_fdre_C_D)         0.107     1.287    avg_pool_i/FSM_onehot_state_reg[2]
  -------------------------------------------------------------------
                         required time                         -1.287    
                         arrival time                           1.408    
  -------------------------------------------------------------------
                         slack                                  0.121    

Slack (MET) :             0.122ns  (arrival time - required time)
  Source:                 design_1_wrapper_i/design_1_i/axi_smc/inst/clk_map/psr_aclk/U0/EXT_LPF/ACTIVE_LOW_AUX.ACT_LO_AUX/GENERATE_LEVEL_P_S_CDC.SINGLE_BIT.CROSS_PLEVEL_IN2SCNDRY_IN_cdc_to/C
                            (rising edge-triggered cell FDRE clocked by clk_fpga_0  {rise@0.000ns fall@5.000ns period=10.000ns})
  Destination:            design_1_wrapper_i/design_1_i/axi_smc/inst/clk_map/psr_aclk/U0/EXT_LPF/ACTIVE_LOW_AUX.ACT_LO_AUX/GENERATE_LEVEL_P_S_CDC.SINGLE_BIT.CROSS_PLEVEL_IN2SCNDRY_s_level_out_d2/D
                            (rising edge-triggered cell FDRE clocked by clk_fpga_0  {rise@0.000ns fall@5.000ns period=10.000ns})
  Path Group:             clk_fpga_0
  Path Type:              Hold (Min at Fast Process Corner)
  Requirement:            0.000ns  (clk_fpga_0 rise@0.000ns - clk_fpga_0 rise@0.000ns)
  Data Path Delay:        0.197ns  (logic 0.141ns (71.611%)  route 0.056ns (28.389%))
  Logic Levels:           0  
  Clock Path Skew:        0.000ns (DCD - SCD - CPR)
    Destination Clock Delay (DCD):    1.188ns
    Source Clock Delay      (SCD):    0.890ns
    Clock Pessimism Removal (CPR):    0.298ns

    Location             Delay type                Incr(ns)  Path(ns)    Netlist Resource(s)
  -------------------------------------------------------------------    -------------------
                         (clock clk_fpga_0 rise edge)
                                                      0.000     0.000 r  
    PS7_X0Y0             PS7                          0.000     0.000 r  design_1_wrapper_i/design_1_i/processing_system7_0/inst/PS7_i/FCLKCLK[0]
                         net (fo=1, routed)           0.310     0.310    design_1_wrapper_i/design_1_i/processing_system7_0/inst/FCLK_CLK_unbuffered[0]
    BUFGCTRL_X0Y16       BUFG (Prop_bufg_I_O)         0.026     0.336 r  design_1_wrapper_i/design_1_i/processing_system7_0/inst/buffer_fclk_clk_0.FCLK_CLK_0_BUFG/O
                         net (fo=7088, routed)        0.554     0.890    design_1_wrapper_i/design_1_i/axi_smc/inst/clk_map/psr_aclk/U0/EXT_LPF/ACTIVE_LOW_AUX.ACT_LO_AUX/aclk
    SLICE_X47Y88         FDRE                                         r  design_1_wrapper_i/design_1_i/axi_smc/inst/clk_map/psr_aclk/U0/EXT_LPF/ACTIVE_LOW_AUX.ACT_LO_AUX/GENERATE_LEVEL_P_S_CDC.SINGLE_BIT.CROSS_PLEVEL_IN2SCNDRY_IN_cdc_to/C
  -------------------------------------------------------------------    -------------------
    SLICE_X47Y88         FDRE (Prop_fdre_C_Q)         0.141     1.031 r  design_1_wrapper_i/design_1_i/axi_smc/inst/clk_map/psr_aclk/U0/EXT_LPF/ACTIVE_LOW_AUX.ACT_LO_AUX/GENERATE_LEVEL_P_S_CDC.SINGLE_BIT.CROSS_PLEVEL_IN2SCNDRY_IN_cdc_to/Q
                         net (fo=1, routed)           0.056     1.086    design_1_wrapper_i/design_1_i/axi_smc/inst/clk_map/psr_aclk/U0/EXT_LPF/ACTIVE_LOW_AUX.ACT_LO_AUX/Q
    SLICE_X47Y88         FDRE                                         r  design_1_wrapper_i/design_1_i/axi_smc/inst/clk_map/psr_aclk/U0/EXT_LPF/ACTIVE_LOW_AUX.ACT_LO_AUX/GENERATE_LEVEL_P_S_CDC.SINGLE_BIT.CROSS_PLEVEL_IN2SCNDRY_s_level_out_d2/D
  -------------------------------------------------------------------    -------------------

                         (clock clk_fpga_0 rise edge)
                                                      0.000     0.000 r  
    PS7_X0Y0             PS7                          0.000     0.000 r  design_1_wrapper_i/design_1_i/processing_system7_0/inst/PS7_i/FCLKCLK[0]
                         net (fo=1, routed)           0.337     0.337    design_1_wrapper_i/design_1_i/processing_system7_0/inst/FCLK_CLK_unbuffered[0]
    BUFGCTRL_X0Y16       BUFG (Prop_bufg_I_O)         0.029     0.366 r  design_1_wrapper_i/design_1_i/processing_system7_0/inst/buffer_fclk_clk_0.FCLK_CLK_0_BUFG/O
                         net (fo=7088, routed)        0.822     1.188    design_1_wrapper_i/design_1_i/axi_smc/inst/clk_map/psr_aclk/U0/EXT_LPF/ACTIVE_LOW_AUX.ACT_LO_AUX/aclk
    SLICE_X47Y88         FDRE                                         r  design_1_wrapper_i/design_1_i/axi_smc/inst/clk_map/psr_aclk/U0/EXT_LPF/ACTIVE_LOW_AUX.ACT_LO_AUX/GENERATE_LEVEL_P_S_CDC.SINGLE_BIT.CROSS_PLEVEL_IN2SCNDRY_s_level_out_d2/C
                         clock pessimism             -0.298     0.890    
    SLICE_X47Y88         FDRE (Hold_fdre_C_D)         0.075     0.965    design_1_wrapper_i/design_1_i/axi_smc/inst/clk_map/psr_aclk/U0/EXT_LPF/ACTIVE_LOW_AUX.ACT_LO_AUX/GENERATE_LEVEL_P_S_CDC.SINGLE_BIT.CROSS_PLEVEL_IN2SCNDRY_s_level_out_d2
  -------------------------------------------------------------------
                         required time                         -0.965    
                         arrival time                           1.086    
  -------------------------------------------------------------------
                         slack                                  0.122    

Slack (MET) :             0.122ns  (arrival time - required time)
  Source:                 <hidden>
                            (rising edge-triggered cell FDCE clocked by clk_fpga_0  {rise@0.000ns fall@5.000ns period=10.000ns})
  Destination:            <hidden>
                            (rising edge-triggered cell FDCE clocked by clk_fpga_0  {rise@0.000ns fall@5.000ns period=10.000ns})
  Path Group:             clk_fpga_0
  Path Type:              Hold (Min at Fast Process Corner)
  Requirement:            0.000ns  (clk_fpga_0 rise@0.000ns - clk_fpga_0 rise@0.000ns)
  Data Path Delay:        0.197ns  (logic 0.141ns (71.611%)  route 0.056ns (28.389%))
  Logic Levels:           0  
  Clock Path Skew:        0.000ns (DCD - SCD - CPR)
    Destination Clock Delay (DCD):    1.185ns
    Source Clock Delay      (SCD):    0.888ns
    Clock Pessimism Removal (CPR):    0.297ns

    Location             Delay type                Incr(ns)  Path(ns)    Netlist Resource(s)
  -------------------------------------------------------------------    -------------------
                         (clock clk_fpga_0 rise edge)
                                                      0.000     0.000 r  
    PS7_X0Y0             PS7                          0.000     0.000 r  design_1_wrapper_i/design_1_i/processing_system7_0/inst/PS7_i/FCLKCLK[0]
                         net (fo=1, routed)           0.310     0.310    design_1_wrapper_i/design_1_i/processing_system7_0/inst/FCLK_CLK_unbuffered[0]
    BUFGCTRL_X0Y16       BUFG (Prop_bufg_I_O)         0.026     0.336 r  design_1_wrapper_i/design_1_i/processing_system7_0/inst/buffer_fclk_clk_0.FCLK_CLK_0_BUFG/O
                         net (fo=7088, routed)        0.552     0.888    <hidden>
    SLICE_X39Y86         FDCE                                         r  <hidden>
  -------------------------------------------------------------------    -------------------
    SLICE_X39Y86         FDCE (Prop_fdce_C_Q)         0.141     1.029 r  <hidden>
                         net (fo=1, routed)           0.056     1.084    <hidden>
    SLICE_X39Y86         FDCE                                         r  <hidden>
  -------------------------------------------------------------------    -------------------

                         (clock clk_fpga_0 rise edge)
                                                      0.000     0.000 r  
    PS7_X0Y0             PS7                          0.000     0.000 r  design_1_wrapper_i/design_1_i/processing_system7_0/inst/PS7_i/FCLKCLK[0]
                         net (fo=1, routed)           0.337     0.337    design_1_wrapper_i/design_1_i/processing_system7_0/inst/FCLK_CLK_unbuffered[0]
    BUFGCTRL_X0Y16       BUFG (Prop_bufg_I_O)         0.029     0.366 r  design_1_wrapper_i/design_1_i/processing_system7_0/inst/buffer_fclk_clk_0.FCLK_CLK_0_BUFG/O
                         net (fo=7088, routed)        0.819     1.185    <hidden>
    SLICE_X39Y86         FDCE                                         r  <hidden>
                         clock pessimism             -0.297     0.888    
    SLICE_X39Y86         FDCE (Hold_fdce_C_D)         0.075     0.963    <hidden>
  -------------------------------------------------------------------
                         required time                         -0.963    
                         arrival time                           1.084    
  -------------------------------------------------------------------
                         slack                                  0.122    





Pulse Width Checks
--------------------------------------------------------------------------------------
Clock Name:         clk_fpga_0
Waveform(ns):       { 0.000 5.000 }
Period(ns):         10.000
Sources:            { design_1_wrapper_i/design_1_i/processing_system7_0/inst/PS7_i/FCLKCLK[0] }

Check Type        Corner  Lib Pin     Reference Pin  Required(ns)  Actual(ns)  Slack(ns)  Location        Pin
Min Period        n/a     BUFG/I      n/a            2.155         10.000      7.845      BUFGCTRL_X0Y16  design_1_wrapper_i/design_1_i/processing_system7_0/inst/buffer_fclk_clk_0.FCLK_CLK_0_BUFG/I
Min Period        n/a     FDRE/C      n/a            1.000         10.000      9.000      SLICE_X49Y114   attn_done_lat_reg/C
Min Period        n/a     FDRE/C      n/a            1.000         10.000      9.000      SLICE_X59Y101   attn_out_done_lat_reg/C
Min Period        n/a     FDRE/C      n/a            1.000         10.000      9.000      SLICE_X48Y111   attn_out_start_reg/C
Min Period        n/a     FDRE/C      n/a            1.000         10.000      9.000      SLICE_X49Y114   attn_start_reg/C
Min Period        n/a     FDRE/C      n/a            1.000         10.000      9.000      SLICE_X66Y98    done_cnt_reg[0]/C
Min Period        n/a     FDRE/C      n/a            1.000         10.000      9.000      SLICE_X64Y99    done_cnt_reg[10]/C
Min Period        n/a     FDRE/C      n/a            1.000         10.000      9.000      SLICE_X64Y98    done_cnt_reg[11]/C
Min Period        n/a     FDRE/C      n/a            1.000         10.000      9.000      SLICE_X64Y98    done_cnt_reg[12]/C
Min Period        n/a     FDRE/C      n/a            1.000         10.000      9.000      SLICE_X64Y99    done_cnt_reg[13]/C
Low Pulse Width   Slow    SRL16E/CLK  n/a            0.980         5.000       4.020      SLICE_X46Y87    design_1_wrapper_i/design_1_i/axi_smc/inst/clk_map/psr_aclk/U0/EXT_LPF/POR_SRL_I/CLK
Low Pulse Width   Fast    SRL16E/CLK  n/a            0.980         5.000       4.020      SLICE_X46Y87    design_1_wrapper_i/design_1_i/axi_smc/inst/clk_map/psr_aclk/U0/EXT_LPF/POR_SRL_I/CLK
Low Pulse Width   Slow    SRL16E/CLK  n/a            0.980         5.000       4.020      SLICE_X26Y124   design_1_wrapper_i/design_1_i/rst_ps7_0_100M/U0/EXT_LPF/POR_SRL_I/CLK
Low Pulse Width   Fast    SRL16E/CLK  n/a            0.980         5.000       4.020      SLICE_X26Y124   design_1_wrapper_i/design_1_i/rst_ps7_0_100M/U0/EXT_LPF/POR_SRL_I/CLK
Low Pulse Width   Slow    FDRE/C      n/a            0.500         5.000       4.500      SLICE_X49Y114   attn_done_lat_reg/C
Low Pulse Width   Fast    FDRE/C      n/a            0.500         5.000       4.500      SLICE_X49Y114   attn_done_lat_reg/C
Low Pulse Width   Slow    FDRE/C      n/a            0.500         5.000       4.500      SLICE_X59Y101   attn_out_done_lat_reg/C
Low Pulse Width   Fast    FDRE/C      n/a            0.500         5.000       4.500      SLICE_X59Y101   attn_out_done_lat_reg/C
Low Pulse Width   Slow    FDRE/C      n/a            0.500         5.000       4.500      SLICE_X48Y111   attn_out_start_reg/C
Low Pulse Width   Fast    FDRE/C      n/a            0.500         5.000       4.500      SLICE_X48Y111   attn_out_start_reg/C
High Pulse Width  Slow    SRL16E/CLK  n/a            0.980         5.000       4.020      SLICE_X46Y87    design_1_wrapper_i/design_1_i/axi_smc/inst/clk_map/psr_aclk/U0/EXT_LPF/POR_SRL_I/CLK
High Pulse Width  Fast    SRL16E/CLK  n/a            0.980         5.000       4.020      SLICE_X46Y87    design_1_wrapper_i/design_1_i/axi_smc/inst/clk_map/psr_aclk/U0/EXT_LPF/POR_SRL_I/CLK
High Pulse Width  Slow    SRL16E/CLK  n/a            0.980         5.000       4.020      SLICE_X26Y124   design_1_wrapper_i/design_1_i/rst_ps7_0_100M/U0/EXT_LPF/POR_SRL_I/CLK
High Pulse Width  Fast    SRL16E/CLK  n/a            0.980         5.000       4.020      SLICE_X26Y124   design_1_wrapper_i/design_1_i/rst_ps7_0_100M/U0/EXT_LPF/POR_SRL_I/CLK
High Pulse Width  Slow    FDRE/C      n/a            0.500         5.000       4.500      SLICE_X49Y114   attn_done_lat_reg/C
High Pulse Width  Fast    FDRE/C      n/a            0.500         5.000       4.500      SLICE_X49Y114   attn_done_lat_reg/C
High Pulse Width  Slow    FDRE/C      n/a            0.500         5.000       4.500      SLICE_X59Y101   attn_out_done_lat_reg/C
High Pulse Width  Fast    FDRE/C      n/a            0.500         5.000       4.500      SLICE_X59Y101   attn_out_done_lat_reg/C
High Pulse Width  Slow    FDRE/C      n/a            0.500         5.000       4.500      SLICE_X48Y111   attn_out_start_reg/C
High Pulse Width  Fast    FDRE/C      n/a            0.500         5.000       4.500      SLICE_X48Y111   attn_out_start_reg/C



--------------------------------------------------------------------------------------
Path Group:  (none)
From Clock:  
  To Clock:  clk_fpga_0

Max Delay             1 Endpoint
Min Delay             1 Endpoint
--------------------------------------------------------------------------------------


Max Delay Paths
--------------------------------------------------------------------------------------
Slack:                    inf
  Source:                 design_1_wrapper_i/design_1_i/processing_system7_0/inst/PS7_i/FCLKRESETN[0]
                            (internal pin)
  Destination:            design_1_wrapper_i/design_1_i/rst_ps7_0_100M/U0/EXT_LPF/ACTIVE_LOW_EXT.ACT_LO_EXT/GENERATE_LEVEL_P_S_CDC.SINGLE_BIT.CROSS_PLEVEL_IN2SCNDRY_IN_cdc_to/D
                            (rising edge-triggered cell FDRE clocked by clk_fpga_0  {rise@0.000ns fall@5.000ns period=10.000ns})
  Path Group:             (none)
  Path Type:              Setup (Max at Slow Process Corner)
  Data Path Delay:        2.460ns  (logic 0.124ns (5.040%)  route 2.336ns (94.960%))
  Logic Levels:           1  (LUT1=1)
  Clock Uncertainty:      0.152ns  ((TSJ^2 + TIJ^2)^1/2 + DJ) / 2 + PE
    Total System Jitter     (TSJ):    0.050ns
    Total Input Jitter      (TIJ):    0.300ns
    Discrete Jitter          (DJ):    0.000ns
    Phase Error              (PE):    0.000ns
  Timing Exception:       False Path

    Location             Delay type                Incr(ns)  Path(ns)    Netlist Resource(s)
  -------------------------------------------------------------------    -------------------
    PS7_X0Y0             PS7                          0.000     0.000 f  design_1_wrapper_i/design_1_i/processing_system7_0/inst/PS7_i/FCLKRESETN[0]
                         net (fo=1, routed)           1.900     1.900    design_1_wrapper_i/design_1_i/rst_ps7_0_100M/U0/EXT_LPF/ACTIVE_LOW_EXT.ACT_LO_EXT/ext_reset_in
    SLICE_X27Y122        LUT1 (Prop_lut1_I0_O)        0.124     2.024 r  design_1_wrapper_i/design_1_i/rst_ps7_0_100M/U0/EXT_LPF/ACTIVE_LOW_EXT.ACT_LO_EXT/GENERATE_LEVEL_P_S_CDC.SINGLE_BIT.CROSS_PLEVEL_IN2SCNDRY_IN_cdc_to_i_1/O
                         net (fo=1, routed)           0.436     2.460    design_1_wrapper_i/design_1_i/rst_ps7_0_100M/U0/EXT_LPF/ACTIVE_LOW_EXT.ACT_LO_EXT/exr_d1
    SLICE_X27Y124        FDRE                                         r  design_1_wrapper_i/design_1_i/rst_ps7_0_100M/U0/EXT_LPF/ACTIVE_LOW_EXT.ACT_LO_EXT/GENERATE_LEVEL_P_S_CDC.SINGLE_BIT.CROSS_PLEVEL_IN2SCNDRY_IN_cdc_to/D
  -------------------------------------------------------------------    -------------------

                         (clock clk_fpga_0 rise edge)
                                                      0.000     0.000 r  
    PS7_X0Y0             PS7                          0.000     0.000 r  design_1_wrapper_i/design_1_i/processing_system7_0/inst/PS7_i/FCLKCLK[0]
                         net (fo=1, routed)           1.088     1.088    design_1_wrapper_i/design_1_i/processing_system7_0/inst/FCLK_CLK_unbuffered[0]
    BUFGCTRL_X0Y16       BUFG (Prop_bufg_I_O)         0.091     1.179 r  design_1_wrapper_i/design_1_i/processing_system7_0/inst/buffer_fclk_clk_0.FCLK_CLK_0_BUFG/O
                         net (fo=7088, routed)        1.678     2.857    design_1_wrapper_i/design_1_i/rst_ps7_0_100M/U0/EXT_LPF/ACTIVE_LOW_EXT.ACT_LO_EXT/slowest_sync_clk
    SLICE_X27Y124        FDRE                                         r  design_1_wrapper_i/design_1_i/rst_ps7_0_100M/U0/EXT_LPF/ACTIVE_LOW_EXT.ACT_LO_EXT/GENERATE_LEVEL_P_S_CDC.SINGLE_BIT.CROSS_PLEVEL_IN2SCNDRY_IN_cdc_to/C





Min Delay Paths
--------------------------------------------------------------------------------------
Slack:                    inf
  Source:                 design_1_wrapper_i/design_1_i/processing_system7_0/inst/PS7_i/FCLKRESETN[0]
                            (internal pin)
  Destination:            design_1_wrapper_i/design_1_i/rst_ps7_0_100M/U0/EXT_LPF/ACTIVE_LOW_EXT.ACT_LO_EXT/GENERATE_LEVEL_P_S_CDC.SINGLE_BIT.CROSS_PLEVEL_IN2SCNDRY_IN_cdc_to/D
                            (rising edge-triggered cell FDRE clocked by clk_fpga_0  {rise@0.000ns fall@5.000ns period=10.000ns})
  Path Group:             (none)
  Path Type:              Hold (Min at Fast Process Corner)
  Data Path Delay:        0.899ns  (logic 0.045ns (5.005%)  route 0.854ns (94.995%))
  Logic Levels:           1  (LUT1=1)
  Clock Uncertainty:      0.152ns  ((TSJ^2 + TIJ^2)^1/2 + DJ) / 2 + PE
    Total System Jitter     (TSJ):    0.050ns
    Total Input Jitter      (TIJ):    0.300ns
    Discrete Jitter          (DJ):    0.000ns
    Phase Error              (PE):    0.000ns
  Timing Exception:       False Path

    Location             Delay type                Incr(ns)  Path(ns)    Netlist Resource(s)
  -------------------------------------------------------------------    -------------------
    PS7_X0Y0             PS7                          0.000     0.000 f  design_1_wrapper_i/design_1_i/processing_system7_0/inst/PS7_i/FCLKRESETN[0]
                         net (fo=1, routed)           0.690     0.690    design_1_wrapper_i/design_1_i/rst_ps7_0_100M/U0/EXT_LPF/ACTIVE_LOW_EXT.ACT_LO_EXT/ext_reset_in
    SLICE_X27Y122        LUT1 (Prop_lut1_I0_O)        0.045     0.735 r  design_1_wrapper_i/design_1_i/rst_ps7_0_100M/U0/EXT_LPF/ACTIVE_LOW_EXT.ACT_LO_EXT/GENERATE_LEVEL_P_S_CDC.SINGLE_BIT.CROSS_PLEVEL_IN2SCNDRY_IN_cdc_to_i_1/O
                         net (fo=1, routed)           0.164     0.899    design_1_wrapper_i/design_1_i/rst_ps7_0_100M/U0/EXT_LPF/ACTIVE_LOW_EXT.ACT_LO_EXT/exr_d1
    SLICE_X27Y124        FDRE                                         r  design_1_wrapper_i/design_1_i/rst_ps7_0_100M/U0/EXT_LPF/ACTIVE_LOW_EXT.ACT_LO_EXT/GENERATE_LEVEL_P_S_CDC.SINGLE_BIT.CROSS_PLEVEL_IN2SCNDRY_IN_cdc_to/D
  -------------------------------------------------------------------    -------------------

                         (clock clk_fpga_0 rise edge)
                                                      0.000     0.000 r  
    PS7_X0Y0             PS7                          0.000     0.000 r  design_1_wrapper_i/design_1_i/processing_system7_0/inst/PS7_i/FCLKCLK[0]
                         net (fo=1, routed)           0.337     0.337    design_1_wrapper_i/design_1_i/processing_system7_0/inst/FCLK_CLK_unbuffered[0]
    BUFGCTRL_X0Y16       BUFG (Prop_bufg_I_O)         0.029     0.366 r  design_1_wrapper_i/design_1_i/processing_system7_0/inst/buffer_fclk_clk_0.FCLK_CLK_0_BUFG/O
                         net (fo=7088, routed)        0.913     1.279    design_1_wrapper_i/design_1_i/rst_ps7_0_100M/U0/EXT_LPF/ACTIVE_LOW_EXT.ACT_LO_EXT/slowest_sync_clk
    SLICE_X27Y124        FDRE                                         r  design_1_wrapper_i/design_1_i/rst_ps7_0_100M/U0/EXT_LPF/ACTIVE_LOW_EXT.ACT_LO_EXT/GENERATE_LEVEL_P_S_CDC.SINGLE_BIT.CROSS_PLEVEL_IN2SCNDRY_IN_cdc_to/C





--------------------------------------------------------------------------------------
Path Group:  (none)
From Clock:  clk_fpga_0
  To Clock:  clk_fpga_0

Max Delay            28 Endpoints
Min Delay            28 Endpoints
--------------------------------------------------------------------------------------


Max Delay Paths
--------------------------------------------------------------------------------------
Slack:                    inf
  Source:                 design_1_wrapper_i/design_1_i/rst_ps7_0_100M/U0/ACTIVE_LOW_PR_OUT_DFF[0].FDRE_PER_N/C
                            (rising edge-triggered cell FDRE clocked by clk_fpga_0  {rise@0.000ns fall@5.000ns period=10.000ns})
  Destination:            design_1_wrapper_i/design_1_i/axi_smc/inst/clk_map/psr_aclk/U0/EXT_LPF/ACTIVE_LOW_AUX.ACT_LO_AUX/GENERATE_LEVEL_P_S_CDC.SINGLE_BIT.CROSS_PLEVEL_IN2SCNDRY_IN_cdc_to/D
                            (rising edge-triggered cell FDRE clocked by clk_fpga_0  {rise@0.000ns fall@5.000ns period=10.000ns})
  Path Group:             (none)
  Path Type:              Setup (Max at Slow Process Corner)
  Data Path Delay:        3.497ns  (logic 0.605ns (17.298%)  route 2.892ns (82.702%))
  Logic Levels:           1  (LUT1=1)
  Clock Path Skew:        -0.466ns (DCD - SCD + CPR)
    Destination Clock Delay (DCD):    2.654ns
    Source Clock Delay      (SCD):    3.120ns
    Clock Pessimism Removal (CPR):    0.000ns
  Clock Uncertainty:      0.154ns  ((TSJ^2 + TIJ^2)^1/2 + DJ) / 2 + PE
    Total System Jitter     (TSJ):    0.071ns
    Total Input Jitter      (TIJ):    0.300ns
    Discrete Jitter          (DJ):    0.000ns
    Phase Error              (PE):    0.000ns
  Timing Exception:       False Path

    Location             Delay type                Incr(ns)  Path(ns)    Netlist Resource(s)
  -------------------------------------------------------------------    -------------------
                         (clock clk_fpga_0 rise edge)
                                                      0.000     0.000 r  
    PS7_X0Y0             PS7                          0.000     0.000 r  design_1_wrapper_i/design_1_i/processing_system7_0/inst/PS7_i/FCLKCLK[0]
                         net (fo=1, routed)           1.193     1.193    design_1_wrapper_i/design_1_i/processing_system7_0/inst/FCLK_CLK_unbuffered[0]
    BUFGCTRL_X0Y16       BUFG (Prop_bufg_I_O)         0.101     1.294 r  design_1_wrapper_i/design_1_i/processing_system7_0/inst/buffer_fclk_clk_0.FCLK_CLK_0_BUFG/O
                         net (fo=7088, routed)        1.826     3.120    design_1_wrapper_i/design_1_i/rst_ps7_0_100M/U0/slowest_sync_clk
    SLICE_X33Y123        FDRE                                         r  design_1_wrapper_i/design_1_i/rst_ps7_0_100M/U0/ACTIVE_LOW_PR_OUT_DFF[0].FDRE_PER_N/C
  -------------------------------------------------------------------    -------------------
    SLICE_X33Y123        FDRE (Prop_fdre_C_Q)         0.456     3.576 f  design_1_wrapper_i/design_1_i/rst_ps7_0_100M/U0/ACTIVE_LOW_PR_OUT_DFF[0].FDRE_PER_N/Q
                         net (fo=89, routed)          2.246     5.822    design_1_wrapper_i/design_1_i/axi_smc/inst/clk_map/psr_aclk/U0/EXT_LPF/ACTIVE_LOW_AUX.ACT_LO_AUX/aresetn
    SLICE_X39Y91         LUT1 (Prop_lut1_I0_O)        0.149     5.971 r  design_1_wrapper_i/design_1_i/axi_smc/inst/clk_map/psr_aclk/U0/EXT_LPF/ACTIVE_LOW_AUX.ACT_LO_AUX/GENERATE_LEVEL_P_S_CDC.SINGLE_BIT.CROSS_PLEVEL_IN2SCNDRY_IN_cdc_to_i_1/O
                         net (fo=1, routed)           0.647     6.617    design_1_wrapper_i/design_1_i/axi_smc/inst/clk_map/psr_aclk/U0/EXT_LPF/ACTIVE_LOW_AUX.ACT_LO_AUX/asr_d1
    SLICE_X47Y88         FDRE                                         r  design_1_wrapper_i/design_1_i/axi_smc/inst/clk_map/psr_aclk/U0/EXT_LPF/ACTIVE_LOW_AUX.ACT_LO_AUX/GENERATE_LEVEL_P_S_CDC.SINGLE_BIT.CROSS_PLEVEL_IN2SCNDRY_IN_cdc_to/D
  -------------------------------------------------------------------    -------------------

                         (clock clk_fpga_0 rise edge)
                                                      0.000     0.000 r  
    PS7_X0Y0             PS7                          0.000     0.000 r  design_1_wrapper_i/design_1_i/processing_system7_0/inst/PS7_i/FCLKCLK[0]
                         net (fo=1, routed)           1.088     1.088    design_1_wrapper_i/design_1_i/processing_system7_0/inst/FCLK_CLK_unbuffered[0]
    BUFGCTRL_X0Y16       BUFG (Prop_bufg_I_O)         0.091     1.179 r  design_1_wrapper_i/design_1_i/processing_system7_0/inst/buffer_fclk_clk_0.FCLK_CLK_0_BUFG/O
                         net (fo=7088, routed)        1.475     2.654    design_1_wrapper_i/design_1_i/axi_smc/inst/clk_map/psr_aclk/U0/EXT_LPF/ACTIVE_LOW_AUX.ACT_LO_AUX/aclk
    SLICE_X47Y88         FDRE                                         r  design_1_wrapper_i/design_1_i/axi_smc/inst/clk_map/psr_aclk/U0/EXT_LPF/ACTIVE_LOW_AUX.ACT_LO_AUX/GENERATE_LEVEL_P_S_CDC.SINGLE_BIT.CROSS_PLEVEL_IN2SCNDRY_IN_cdc_to/C

Slack:                    inf
  Source:                 design_1_wrapper_i/design_1_i/axi_smc/inst/clk_map/psr_aclk/U0/ACTIVE_LOW_BSR_OUT_DFF[0].FDRE_BSR_N/C
                            (rising edge-triggered cell FDRE clocked by clk_fpga_0  {rise@0.000ns fall@5.000ns period=10.000ns})
  Destination:            <hidden>
                            (recovery check against rising-edge clock clk_fpga_0  {rise@0.000ns fall@5.000ns period=10.000ns})
  Path Group:             (none)
  Path Type:              Recovery (Max at Slow Process Corner)
  Data Path Delay:        2.548ns  (logic 0.610ns (23.939%)  route 1.938ns (76.061%))
  Logic Levels:           1  (LUT1=1)
  Clock Path Skew:        -0.289ns (DCD - SCD + CPR)
    Destination Clock Delay (DCD):    2.653ns
    Source Clock Delay      (SCD):    2.942ns
    Clock Pessimism Removal (CPR):    0.000ns
  Clock Uncertainty:      0.154ns  ((TSJ^2 + TIJ^2)^1/2 + DJ) / 2 + PE
    Total System Jitter     (TSJ):    0.071ns
    Total Input Jitter      (TIJ):    0.300ns
    Discrete Jitter          (DJ):    0.000ns
    Phase Error              (PE):    0.000ns
  Timing Exception:       False Path

    Location             Delay type                Incr(ns)  Path(ns)    Netlist Resource(s)
  -------------------------------------------------------------------    -------------------
                         (clock clk_fpga_0 rise edge)
                                                      0.000     0.000 r  
    PS7_X0Y0             PS7                          0.000     0.000 r  design_1_wrapper_i/design_1_i/processing_system7_0/inst/PS7_i/FCLKCLK[0]
                         net (fo=1, routed)           1.193     1.193    design_1_wrapper_i/design_1_i/processing_system7_0/inst/FCLK_CLK_unbuffered[0]
    BUFGCTRL_X0Y16       BUFG (Prop_bufg_I_O)         0.101     1.294 r  design_1_wrapper_i/design_1_i/processing_system7_0/inst/buffer_fclk_clk_0.FCLK_CLK_0_BUFG/O
                         net (fo=7088, routed)        1.648     2.942    design_1_wrapper_i/design_1_i/axi_smc/inst/clk_map/psr_aclk/U0/aclk
    SLICE_X44Y88         FDRE                                         r  design_1_wrapper_i/design_1_i/axi_smc/inst/clk_map/psr_aclk/U0/ACTIVE_LOW_BSR_OUT_DFF[0].FDRE_BSR_N/C
  -------------------------------------------------------------------    -------------------
    SLICE_X44Y88         FDRE (Prop_fdre_C_Q)         0.456     3.398 r  design_1_wrapper_i/design_1_i/axi_smc/inst/clk_map/psr_aclk/U0/ACTIVE_LOW_BSR_OUT_DFF[0].FDRE_BSR_N/Q
                         net (fo=9, routed)           1.305     4.703    <hidden>
    SLICE_X39Y85         LUT1 (Prop_lut1_I0_O)        0.154     4.857 f  <hidden>
                         net (fo=3, routed)           0.633     5.490    <hidden>
    SLICE_X39Y85         FDCE                                         f  <hidden>
  -------------------------------------------------------------------    -------------------

                         (clock clk_fpga_0 rise edge)
                                                      0.000     0.000 r  
    PS7_X0Y0             PS7                          0.000     0.000 r  design_1_wrapper_i/design_1_i/processing_system7_0/inst/PS7_i/FCLKCLK[0]
                         net (fo=1, routed)           1.088     1.088    design_1_wrapper_i/design_1_i/processing_system7_0/inst/FCLK_CLK_unbuffered[0]
    BUFGCTRL_X0Y16       BUFG (Prop_bufg_I_O)         0.091     1.179 r  design_1_wrapper_i/design_1_i/processing_system7_0/inst/buffer_fclk_clk_0.FCLK_CLK_0_BUFG/O
                         net (fo=7088, routed)        1.474     2.653    <hidden>
    SLICE_X39Y85         FDCE                                         r  <hidden>

Slack:                    inf
  Source:                 design_1_wrapper_i/design_1_i/axi_smc/inst/clk_map/psr_aclk/U0/ACTIVE_LOW_BSR_OUT_DFF[0].FDRE_BSR_N/C
                            (rising edge-triggered cell FDRE clocked by clk_fpga_0  {rise@0.000ns fall@5.000ns period=10.000ns})
  Destination:            <hidden>
                            (recovery check against rising-edge clock clk_fpga_0  {rise@0.000ns fall@5.000ns period=10.000ns})
  Path Group:             (none)
  Path Type:              Recovery (Max at Slow Process Corner)
  Data Path Delay:        2.548ns  (logic 0.610ns (23.939%)  route 1.938ns (76.061%))
  Logic Levels:           1  (LUT1=1)
  Clock Path Skew:        -0.289ns (DCD - SCD + CPR)
    Destination Clock Delay (DCD):    2.653ns
    Source Clock Delay      (SCD):    2.942ns
    Clock Pessimism Removal (CPR):    0.000ns
  Clock Uncertainty:      0.154ns  ((TSJ^2 + TIJ^2)^1/2 + DJ) / 2 + PE
    Total System Jitter     (TSJ):    0.071ns
    Total Input Jitter      (TIJ):    0.300ns
    Discrete Jitter          (DJ):    0.000ns
    Phase Error              (PE):    0.000ns
  Timing Exception:       False Path

    Location             Delay type                Incr(ns)  Path(ns)    Netlist Resource(s)
  -------------------------------------------------------------------    -------------------
                         (clock clk_fpga_0 rise edge)
                                                      0.000     0.000 r  
    PS7_X0Y0             PS7                          0.000     0.000 r  design_1_wrapper_i/design_1_i/processing_system7_0/inst/PS7_i/FCLKCLK[0]
                         net (fo=1, routed)           1.193     1.193    design_1_wrapper_i/design_1_i/processing_system7_0/inst/FCLK_CLK_unbuffered[0]
    BUFGCTRL_X0Y16       BUFG (Prop_bufg_I_O)         0.101     1.294 r  design_1_wrapper_i/design_1_i/processing_system7_0/inst/buffer_fclk_clk_0.FCLK_CLK_0_BUFG/O
                         net (fo=7088, routed)        1.648     2.942    design_1_wrapper_i/design_1_i/axi_smc/inst/clk_map/psr_aclk/U0/aclk
    SLICE_X44Y88         FDRE                                         r  design_1_wrapper_i/design_1_i/axi_smc/inst/clk_map/psr_aclk/U0/ACTIVE_LOW_BSR_OUT_DFF[0].FDRE_BSR_N/C
  -------------------------------------------------------------------    -------------------
    SLICE_X44Y88         FDRE (Prop_fdre_C_Q)         0.456     3.398 r  design_1_wrapper_i/design_1_i/axi_smc/inst/clk_map/psr_aclk/U0/ACTIVE_LOW_BSR_OUT_DFF[0].FDRE_BSR_N/Q
                         net (fo=9, routed)           1.305     4.703    <hidden>
    SLICE_X39Y85         LUT1 (Prop_lut1_I0_O)        0.154     4.857 f  <hidden>
                         net (fo=3, routed)           0.633     5.490    <hidden>
    SLICE_X39Y85         FDCE                                         f  <hidden>
  -------------------------------------------------------------------    -------------------

                         (clock clk_fpga_0 rise edge)
                                                      0.000     0.000 r  
    PS7_X0Y0             PS7                          0.000     0.000 r  design_1_wrapper_i/design_1_i/processing_system7_0/inst/PS7_i/FCLKCLK[0]
                         net (fo=1, routed)           1.088     1.088    design_1_wrapper_i/design_1_i/processing_system7_0/inst/FCLK_CLK_unbuffered[0]
    BUFGCTRL_X0Y16       BUFG (Prop_bufg_I_O)         0.091     1.179 r  design_1_wrapper_i/design_1_i/processing_system7_0/inst/buffer_fclk_clk_0.FCLK_CLK_0_BUFG/O
                         net (fo=7088, routed)        1.474     2.653    <hidden>
    SLICE_X39Y85         FDCE                                         r  <hidden>

Slack:                    inf
  Source:                 design_1_wrapper_i/design_1_i/axi_smc/inst/clk_map/psr_aclk/U0/ACTIVE_LOW_BSR_OUT_DFF[0].FDRE_BSR_N/C
                            (rising edge-triggered cell FDRE clocked by clk_fpga_0  {rise@0.000ns fall@5.000ns period=10.000ns})
  Destination:            <hidden>
                            (recovery check against rising-edge clock clk_fpga_0  {rise@0.000ns fall@5.000ns period=10.000ns})
  Path Group:             (none)
  Path Type:              Recovery (Max at Slow Process Corner)
  Data Path Delay:        2.548ns  (logic 0.610ns (23.939%)  route 1.938ns (76.061%))
  Logic Levels:           1  (LUT1=1)
  Clock Path Skew:        -0.289ns (DCD - SCD + CPR)
    Destination Clock Delay (DCD):    2.653ns
    Source Clock Delay      (SCD):    2.942ns
    Clock Pessimism Removal (CPR):    0.000ns
  Clock Uncertainty:      0.154ns  ((TSJ^2 + TIJ^2)^1/2 + DJ) / 2 + PE
    Total System Jitter     (TSJ):    0.071ns
    Total Input Jitter      (TIJ):    0.300ns
    Discrete Jitter          (DJ):    0.000ns
    Phase Error              (PE):    0.000ns
  Timing Exception:       False Path

    Location             Delay type                Incr(ns)  Path(ns)    Netlist Resource(s)
  -------------------------------------------------------------------    -------------------
                         (clock clk_fpga_0 rise edge)
                                                      0.000     0.000 r  
    PS7_X0Y0             PS7                          0.000     0.000 r  design_1_wrapper_i/design_1_i/processing_system7_0/inst/PS7_i/FCLKCLK[0]
                         net (fo=1, routed)           1.193     1.193    design_1_wrapper_i/design_1_i/processing_system7_0/inst/FCLK_CLK_unbuffered[0]
    BUFGCTRL_X0Y16       BUFG (Prop_bufg_I_O)         0.101     1.294 r  design_1_wrapper_i/design_1_i/processing_system7_0/inst/buffer_fclk_clk_0.FCLK_CLK_0_BUFG/O
                         net (fo=7088, routed)        1.648     2.942    design_1_wrapper_i/design_1_i/axi_smc/inst/clk_map/psr_aclk/U0/aclk
    SLICE_X44Y88         FDRE                                         r  design_1_wrapper_i/design_1_i/axi_smc/inst/clk_map/psr_aclk/U0/ACTIVE_LOW_BSR_OUT_DFF[0].FDRE_BSR_N/C
  -------------------------------------------------------------------    -------------------
    SLICE_X44Y88         FDRE (Prop_fdre_C_Q)         0.456     3.398 r  design_1_wrapper_i/design_1_i/axi_smc/inst/clk_map/psr_aclk/U0/ACTIVE_LOW_BSR_OUT_DFF[0].FDRE_BSR_N/Q
                         net (fo=9, routed)           1.305     4.703    <hidden>
    SLICE_X39Y85         LUT1 (Prop_lut1_I0_O)        0.154     4.857 f  <hidden>
                         net (fo=3, routed)           0.633     5.490    <hidden>
    SLICE_X39Y85         FDCE                                         f  <hidden>
  -------------------------------------------------------------------    -------------------

                         (clock clk_fpga_0 rise edge)
                                                      0.000     0.000 r  
    PS7_X0Y0             PS7                          0.000     0.000 r  design_1_wrapper_i/design_1_i/processing_system7_0/inst/PS7_i/FCLKCLK[0]
                         net (fo=1, routed)           1.088     1.088    design_1_wrapper_i/design_1_i/processing_system7_0/inst/FCLK_CLK_unbuffered[0]
    BUFGCTRL_X0Y16       BUFG (Prop_bufg_I_O)         0.091     1.179 r  design_1_wrapper_i/design_1_i/processing_system7_0/inst/buffer_fclk_clk_0.FCLK_CLK_0_BUFG/O
                         net (fo=7088, routed)        1.474     2.653    <hidden>
    SLICE_X39Y85         FDCE                                         r  <hidden>

Slack:                    inf
  Source:                 design_1_wrapper_i/design_1_i/axi_smc/inst/clk_map/psr_aclk/U0/ACTIVE_LOW_BSR_OUT_DFF[0].FDRE_BSR_N/C
                            (rising edge-triggered cell FDRE clocked by clk_fpga_0  {rise@0.000ns fall@5.000ns period=10.000ns})
  Destination:            <hidden>
                            (recovery check against rising-edge clock clk_fpga_0  {rise@0.000ns fall@5.000ns period=10.000ns})
  Path Group:             (none)
  Path Type:              Recovery (Max at Slow Process Corner)
  Data Path Delay:        2.417ns  (logic 0.612ns (25.319%)  route 1.805ns (74.681%))
  Logic Levels:           1  (LUT1=1)
  Clock Path Skew:        -0.289ns (DCD - SCD + CPR)
    Destination Clock Delay (DCD):    2.653ns
    Source Clock Delay      (SCD):    2.942ns
    Clock Pessimism Removal (CPR):    0.000ns
  Clock Uncertainty:      0.154ns  ((TSJ^2 + TIJ^2)^1/2 + DJ) / 2 + PE
    Total System Jitter     (TSJ):    0.071ns
    Total Input Jitter      (TIJ):    0.300ns
    Discrete Jitter          (DJ):    0.000ns
    Phase Error              (PE):    0.000ns
  Timing Exception:       False Path

    Location             Delay type                Incr(ns)  Path(ns)    Netlist Resource(s)
  -------------------------------------------------------------------    -------------------
                         (clock clk_fpga_0 rise edge)
                                                      0.000     0.000 r  
    PS7_X0Y0             PS7                          0.000     0.000 r  design_1_wrapper_i/design_1_i/processing_system7_0/inst/PS7_i/FCLKCLK[0]
                         net (fo=1, routed)           1.193     1.193    design_1_wrapper_i/design_1_i/processing_system7_0/inst/FCLK_CLK_unbuffered[0]
    BUFGCTRL_X0Y16       BUFG (Prop_bufg_I_O)         0.101     1.294 r  design_1_wrapper_i/design_1_i/processing_system7_0/inst/buffer_fclk_clk_0.FCLK_CLK_0_BUFG/O
                         net (fo=7088, routed)        1.648     2.942    design_1_wrapper_i/design_1_i/axi_smc/inst/clk_map/psr_aclk/U0/aclk
    SLICE_X44Y88         FDRE                                         r  design_1_wrapper_i/design_1_i/axi_smc/inst/clk_map/psr_aclk/U0/ACTIVE_LOW_BSR_OUT_DFF[0].FDRE_BSR_N/C
  -------------------------------------------------------------------    -------------------
    SLICE_X44Y88         FDRE (Prop_fdre_C_Q)         0.456     3.398 r  design_1_wrapper_i/design_1_i/axi_smc/inst/clk_map/psr_aclk/U0/ACTIVE_LOW_BSR_OUT_DFF[0].FDRE_BSR_N/Q
                         net (fo=9, routed)           1.188     4.586    <hidden>
    SLICE_X38Y86         LUT1 (Prop_lut1_I0_O)        0.156     4.742 f  <hidden>
                         net (fo=3, routed)           0.617     5.359    <hidden>
    SLICE_X38Y86         FDCE                                         f  <hidden>
  -------------------------------------------------------------------    -------------------

                         (clock clk_fpga_0 rise edge)
                                                      0.000     0.000 r  
    PS7_X0Y0             PS7                          0.000     0.000 r  design_1_wrapper_i/design_1_i/processing_system7_0/inst/PS7_i/FCLKCLK[0]
                         net (fo=1, routed)           1.088     1.088    design_1_wrapper_i/design_1_i/processing_system7_0/inst/FCLK_CLK_unbuffered[0]
    BUFGCTRL_X0Y16       BUFG (Prop_bufg_I_O)         0.091     1.179 r  design_1_wrapper_i/design_1_i/processing_system7_0/inst/buffer_fclk_clk_0.FCLK_CLK_0_BUFG/O
                         net (fo=7088, routed)        1.474     2.653    <hidden>
    SLICE_X38Y86         FDCE                                         r  <hidden>

Slack:                    inf
  Source:                 design_1_wrapper_i/design_1_i/axi_smc/inst/clk_map/psr_aclk/U0/ACTIVE_LOW_BSR_OUT_DFF[0].FDRE_BSR_N/C
                            (rising edge-triggered cell FDRE clocked by clk_fpga_0  {rise@0.000ns fall@5.000ns period=10.000ns})
  Destination:            <hidden>
                            (recovery check against rising-edge clock clk_fpga_0  {rise@0.000ns fall@5.000ns period=10.000ns})
  Path Group:             (none)
  Path Type:              Recovery (Max at Slow Process Corner)
  Data Path Delay:        2.417ns  (logic 0.612ns (25.319%)  route 1.805ns (74.681%))
  Logic Levels:           1  (LUT1=1)
  Clock Path Skew:        -0.289ns (DCD - SCD + CPR)
    Destination Clock Delay (DCD):    2.653ns
    Source Clock Delay      (SCD):    2.942ns
    Clock Pessimism Removal (CPR):    0.000ns
  Clock Uncertainty:      0.154ns  ((TSJ^2 + TIJ^2)^1/2 + DJ) / 2 + PE
    Total System Jitter     (TSJ):    0.071ns
    Total Input Jitter      (TIJ):    0.300ns
    Discrete Jitter          (DJ):    0.000ns
    Phase Error              (PE):    0.000ns
  Timing Exception:       False Path

    Location             Delay type                Incr(ns)  Path(ns)    Netlist Resource(s)
  -------------------------------------------------------------------    -------------------
                         (clock clk_fpga_0 rise edge)
                                                      0.000     0.000 r  
    PS7_X0Y0             PS7                          0.000     0.000 r  design_1_wrapper_i/design_1_i/processing_system7_0/inst/PS7_i/FCLKCLK[0]
                         net (fo=1, routed)           1.193     1.193    design_1_wrapper_i/design_1_i/processing_system7_0/inst/FCLK_CLK_unbuffered[0]
    BUFGCTRL_X0Y16       BUFG (Prop_bufg_I_O)         0.101     1.294 r  design_1_wrapper_i/design_1_i/processing_system7_0/inst/buffer_fclk_clk_0.FCLK_CLK_0_BUFG/O
                         net (fo=7088, routed)        1.648     2.942    design_1_wrapper_i/design_1_i/axi_smc/inst/clk_map/psr_aclk/U0/aclk
    SLICE_X44Y88         FDRE                                         r  design_1_wrapper_i/design_1_i/axi_smc/inst/clk_map/psr_aclk/U0/ACTIVE_LOW_BSR_OUT_DFF[0].FDRE_BSR_N/C
  -------------------------------------------------------------------    -------------------
    SLICE_X44Y88         FDRE (Prop_fdre_C_Q)         0.456     3.398 r  design_1_wrapper_i/design_1_i/axi_smc/inst/clk_map/psr_aclk/U0/ACTIVE_LOW_BSR_OUT_DFF[0].FDRE_BSR_N/Q
                         net (fo=9, routed)           1.188     4.586    <hidden>
    SLICE_X38Y86         LUT1 (Prop_lut1_I0_O)        0.156     4.742 f  <hidden>
                         net (fo=3, routed)           0.617     5.359    <hidden>
    SLICE_X38Y86         FDCE                                         f  <hidden>
  -------------------------------------------------------------------    -------------------

                         (clock clk_fpga_0 rise edge)
                                                      0.000     0.000 r  
    PS7_X0Y0             PS7                          0.000     0.000 r  design_1_wrapper_i/design_1_i/processing_system7_0/inst/PS7_i/FCLKCLK[0]
                         net (fo=1, routed)           1.088     1.088    design_1_wrapper_i/design_1_i/processing_system7_0/inst/FCLK_CLK_unbuffered[0]
    BUFGCTRL_X0Y16       BUFG (Prop_bufg_I_O)         0.091     1.179 r  design_1_wrapper_i/design_1_i/processing_system7_0/inst/buffer_fclk_clk_0.FCLK_CLK_0_BUFG/O
                         net (fo=7088, routed)        1.474     2.653    <hidden>
    SLICE_X38Y86         FDCE                                         r  <hidden>

Slack:                    inf
  Source:                 design_1_wrapper_i/design_1_i/axi_smc/inst/clk_map/psr_aclk/U0/ACTIVE_LOW_BSR_OUT_DFF[0].FDRE_BSR_N/C
                            (rising edge-triggered cell FDRE clocked by clk_fpga_0  {rise@0.000ns fall@5.000ns period=10.000ns})
  Destination:            <hidden>
                            (recovery check against rising-edge clock clk_fpga_0  {rise@0.000ns fall@5.000ns period=10.000ns})
  Path Group:             (none)
  Path Type:              Recovery (Max at Slow Process Corner)
  Data Path Delay:        2.417ns  (logic 0.612ns (25.319%)  route 1.805ns (74.681%))
  Logic Levels:           1  (LUT1=1)
  Clock Path Skew:        -0.289ns (DCD - SCD + CPR)
    Destination Clock Delay (DCD):    2.653ns
    Source Clock Delay      (SCD):    2.942ns
    Clock Pessimism Removal (CPR):    0.000ns
  Clock Uncertainty:      0.154ns  ((TSJ^2 + TIJ^2)^1/2 + DJ) / 2 + PE
    Total System Jitter     (TSJ):    0.071ns
    Total Input Jitter      (TIJ):    0.300ns
    Discrete Jitter          (DJ):    0.000ns
    Phase Error              (PE):    0.000ns
  Timing Exception:       False Path

    Location             Delay type                Incr(ns)  Path(ns)    Netlist Resource(s)
  -------------------------------------------------------------------    -------------------
                         (clock clk_fpga_0 rise edge)
                                                      0.000     0.000 r  
    PS7_X0Y0             PS7                          0.000     0.000 r  design_1_wrapper_i/design_1_i/processing_system7_0/inst/PS7_i/FCLKCLK[0]
                         net (fo=1, routed)           1.193     1.193    design_1_wrapper_i/design_1_i/processing_system7_0/inst/FCLK_CLK_unbuffered[0]
    BUFGCTRL_X0Y16       BUFG (Prop_bufg_I_O)         0.101     1.294 r  design_1_wrapper_i/design_1_i/processing_system7_0/inst/buffer_fclk_clk_0.FCLK_CLK_0_BUFG/O
                         net (fo=7088, routed)        1.648     2.942    design_1_wrapper_i/design_1_i/axi_smc/inst/clk_map/psr_aclk/U0/aclk
    SLICE_X44Y88         FDRE                                         r  design_1_wrapper_i/design_1_i/axi_smc/inst/clk_map/psr_aclk/U0/ACTIVE_LOW_BSR_OUT_DFF[0].FDRE_BSR_N/C
  -------------------------------------------------------------------    -------------------
    SLICE_X44Y88         FDRE (Prop_fdre_C_Q)         0.456     3.398 r  design_1_wrapper_i/design_1_i/axi_smc/inst/clk_map/psr_aclk/U0/ACTIVE_LOW_BSR_OUT_DFF[0].FDRE_BSR_N/Q
                         net (fo=9, routed)           1.188     4.586    <hidden>
    SLICE_X38Y86         LUT1 (Prop_lut1_I0_O)        0.156     4.742 f  <hidden>
                         net (fo=3, routed)           0.617     5.359    <hidden>
    SLICE_X38Y86         FDCE                                         f  <hidden>
  -------------------------------------------------------------------    -------------------

                         (clock clk_fpga_0 rise edge)
                                                      0.000     0.000 r  
    PS7_X0Y0             PS7                          0.000     0.000 r  design_1_wrapper_i/design_1_i/processing_system7_0/inst/PS7_i/FCLKCLK[0]
                         net (fo=1, routed)           1.088     1.088    design_1_wrapper_i/design_1_i/processing_system7_0/inst/FCLK_CLK_unbuffered[0]
    BUFGCTRL_X0Y16       BUFG (Prop_bufg_I_O)         0.091     1.179 r  design_1_wrapper_i/design_1_i/processing_system7_0/inst/buffer_fclk_clk_0.FCLK_CLK_0_BUFG/O
                         net (fo=7088, routed)        1.474     2.653    <hidden>
    SLICE_X38Y86         FDCE                                         r  <hidden>

Slack:                    inf
  Source:                 design_1_wrapper_i/design_1_i/axi_smc/inst/clk_map/psr_aclk/U0/ACTIVE_LOW_BSR_OUT_DFF[0].FDRE_BSR_N/C
                            (rising edge-triggered cell FDRE clocked by clk_fpga_0  {rise@0.000ns fall@5.000ns period=10.000ns})
  Destination:            <hidden>
                            (recovery check against rising-edge clock clk_fpga_0  {rise@0.000ns fall@5.000ns period=10.000ns})
  Path Group:             (none)
  Path Type:              Recovery (Max at Slow Process Corner)
  Data Path Delay:        2.366ns  (logic 0.580ns (24.515%)  route 1.786ns (75.485%))
  Logic Levels:           1  (LUT1=1)
  Clock Path Skew:        -0.290ns (DCD - SCD + CPR)
    Destination Clock Delay (DCD):    2.652ns
    Source Clock Delay      (SCD):    2.942ns
    Clock Pessimism Removal (CPR):    0.000ns
  Clock Uncertainty:      0.154ns  ((TSJ^2 + TIJ^2)^1/2 + DJ) / 2 + PE
    Total System Jitter     (TSJ):    0.071ns
    Total Input Jitter      (TIJ):    0.300ns
    Discrete Jitter          (DJ):    0.000ns
    Phase Error              (PE):    0.000ns
  Timing Exception:       False Path

    Location             Delay type                Incr(ns)  Path(ns)    Netlist Resource(s)
  -------------------------------------------------------------------    -------------------
                         (clock clk_fpga_0 rise edge)
                                                      0.000     0.000 r  
    PS7_X0Y0             PS7                          0.000     0.000 r  design_1_wrapper_i/design_1_i/processing_system7_0/inst/PS7_i/FCLKCLK[0]
                         net (fo=1, routed)           1.193     1.193    design_1_wrapper_i/design_1_i/processing_system7_0/inst/FCLK_CLK_unbuffered[0]
    BUFGCTRL_X0Y16       BUFG (Prop_bufg_I_O)         0.101     1.294 r  design_1_wrapper_i/design_1_i/processing_system7_0/inst/buffer_fclk_clk_0.FCLK_CLK_0_BUFG/O
                         net (fo=7088, routed)        1.648     2.942    design_1_wrapper_i/design_1_i/axi_smc/inst/clk_map/psr_aclk/U0/aclk
    SLICE_X44Y88         FDRE                                         r  design_1_wrapper_i/design_1_i/axi_smc/inst/clk_map/psr_aclk/U0/ACTIVE_LOW_BSR_OUT_DFF[0].FDRE_BSR_N/C
  -------------------------------------------------------------------    -------------------
    SLICE_X44Y88         FDRE (Prop_fdre_C_Q)         0.456     3.398 r  design_1_wrapper_i/design_1_i/axi_smc/inst/clk_map/psr_aclk/U0/ACTIVE_LOW_BSR_OUT_DFF[0].FDRE_BSR_N/Q
                         net (fo=9, routed)           1.305     4.703    <hidden>
    SLICE_X39Y85         LUT1 (Prop_lut1_I0_O)        0.124     4.827 f  <hidden>
                         net (fo=3, routed)           0.481     5.308    <hidden>
    SLICE_X39Y84         FDCE                                         f  <hidden>
  -------------------------------------------------------------------    -------------------

                         (clock clk_fpga_0 rise edge)
                                                      0.000     0.000 r  
    PS7_X0Y0             PS7                          0.000     0.000 r  design_1_wrapper_i/design_1_i/processing_system7_0/inst/PS7_i/FCLKCLK[0]
                         net (fo=1, routed)           1.088     1.088    design_1_wrapper_i/design_1_i/processing_system7_0/inst/FCLK_CLK_unbuffered[0]
    BUFGCTRL_X0Y16       BUFG (Prop_bufg_I_O)         0.091     1.179 r  design_1_wrapper_i/design_1_i/processing_system7_0/inst/buffer_fclk_clk_0.FCLK_CLK_0_BUFG/O
                         net (fo=7088, routed)        1.473     2.652    <hidden>
    SLICE_X39Y84         FDCE                                         r  <hidden>

Slack:                    inf
  Source:                 design_1_wrapper_i/design_1_i/axi_smc/inst/clk_map/psr_aclk/U0/ACTIVE_LOW_BSR_OUT_DFF[0].FDRE_BSR_N/C
                            (rising edge-triggered cell FDRE clocked by clk_fpga_0  {rise@0.000ns fall@5.000ns period=10.000ns})
  Destination:            <hidden>
                            (recovery check against rising-edge clock clk_fpga_0  {rise@0.000ns fall@5.000ns period=10.000ns})
  Path Group:             (none)
  Path Type:              Recovery (Max at Slow Process Corner)
  Data Path Delay:        2.366ns  (logic 0.580ns (24.515%)  route 1.786ns (75.485%))
  Logic Levels:           1  (LUT1=1)
  Clock Path Skew:        -0.290ns (DCD - SCD + CPR)
    Destination Clock Delay (DCD):    2.652ns
    Source Clock Delay      (SCD):    2.942ns
    Clock Pessimism Removal (CPR):    0.000ns
  Clock Uncertainty:      0.154ns  ((TSJ^2 + TIJ^2)^1/2 + DJ) / 2 + PE
    Total System Jitter     (TSJ):    0.071ns
    Total Input Jitter      (TIJ):    0.300ns
    Discrete Jitter          (DJ):    0.000ns
    Phase Error              (PE):    0.000ns
  Timing Exception:       False Path

    Location             Delay type                Incr(ns)  Path(ns)    Netlist Resource(s)
  -------------------------------------------------------------------    -------------------
                         (clock clk_fpga_0 rise edge)
                                                      0.000     0.000 r  
    PS7_X0Y0             PS7                          0.000     0.000 r  design_1_wrapper_i/design_1_i/processing_system7_0/inst/PS7_i/FCLKCLK[0]
                         net (fo=1, routed)           1.193     1.193    design_1_wrapper_i/design_1_i/processing_system7_0/inst/FCLK_CLK_unbuffered[0]
    BUFGCTRL_X0Y16       BUFG (Prop_bufg_I_O)         0.101     1.294 r  design_1_wrapper_i/design_1_i/processing_system7_0/inst/buffer_fclk_clk_0.FCLK_CLK_0_BUFG/O
                         net (fo=7088, routed)        1.648     2.942    design_1_wrapper_i/design_1_i/axi_smc/inst/clk_map/psr_aclk/U0/aclk
    SLICE_X44Y88         FDRE                                         r  design_1_wrapper_i/design_1_i/axi_smc/inst/clk_map/psr_aclk/U0/ACTIVE_LOW_BSR_OUT_DFF[0].FDRE_BSR_N/C
  -------------------------------------------------------------------    -------------------
    SLICE_X44Y88         FDRE (Prop_fdre_C_Q)         0.456     3.398 r  design_1_wrapper_i/design_1_i/axi_smc/inst/clk_map/psr_aclk/U0/ACTIVE_LOW_BSR_OUT_DFF[0].FDRE_BSR_N/Q
                         net (fo=9, routed)           1.305     4.703    <hidden>
    SLICE_X39Y85         LUT1 (Prop_lut1_I0_O)        0.124     4.827 f  <hidden>
                         net (fo=3, routed)           0.481     5.308    <hidden>
    SLICE_X39Y84         FDCE                                         f  <hidden>
  -------------------------------------------------------------------    -------------------

                         (clock clk_fpga_0 rise edge)
                                                      0.000     0.000 r  
    PS7_X0Y0             PS7                          0.000     0.000 r  design_1_wrapper_i/design_1_i/processing_system7_0/inst/PS7_i/FCLKCLK[0]
                         net (fo=1, routed)           1.088     1.088    design_1_wrapper_i/design_1_i/processing_system7_0/inst/FCLK_CLK_unbuffered[0]
    BUFGCTRL_X0Y16       BUFG (Prop_bufg_I_O)         0.091     1.179 r  design_1_wrapper_i/design_1_i/processing_system7_0/inst/buffer_fclk_clk_0.FCLK_CLK_0_BUFG/O
                         net (fo=7088, routed)        1.473     2.652    <hidden>
    SLICE_X39Y84         FDCE                                         r  <hidden>

Slack:                    inf
  Source:                 design_1_wrapper_i/design_1_i/axi_smc/inst/clk_map/psr_aclk/U0/ACTIVE_LOW_BSR_OUT_DFF[0].FDRE_BSR_N/C
                            (rising edge-triggered cell FDRE clocked by clk_fpga_0  {rise@0.000ns fall@5.000ns period=10.000ns})
  Destination:            <hidden>
                            (recovery check against rising-edge clock clk_fpga_0  {rise@0.000ns fall@5.000ns period=10.000ns})
  Path Group:             (none)
  Path Type:              Recovery (Max at Slow Process Corner)
  Data Path Delay:        2.366ns  (logic 0.580ns (24.515%)  route 1.786ns (75.485%))
  Logic Levels:           1  (LUT1=1)
  Clock Path Skew:        -0.290ns (DCD - SCD + CPR)
    Destination Clock Delay (DCD):    2.652ns
    Source Clock Delay      (SCD):    2.942ns
    Clock Pessimism Removal (CPR):    0.000ns
  Clock Uncertainty:      0.154ns  ((TSJ^2 + TIJ^2)^1/2 + DJ) / 2 + PE
    Total System Jitter     (TSJ):    0.071ns
    Total Input Jitter      (TIJ):    0.300ns
    Discrete Jitter          (DJ):    0.000ns
    Phase Error              (PE):    0.000ns
  Timing Exception:       False Path

    Location             Delay type                Incr(ns)  Path(ns)    Netlist Resource(s)
  -------------------------------------------------------------------    -------------------
                         (clock clk_fpga_0 rise edge)
                                                      0.000     0.000 r  
    PS7_X0Y0             PS7                          0.000     0.000 r  design_1_wrapper_i/design_1_i/processing_system7_0/inst/PS7_i/FCLKCLK[0]
                         net (fo=1, routed)           1.193     1.193    design_1_wrapper_i/design_1_i/processing_system7_0/inst/FCLK_CLK_unbuffered[0]
    BUFGCTRL_X0Y16       BUFG (Prop_bufg_I_O)         0.101     1.294 r  design_1_wrapper_i/design_1_i/processing_system7_0/inst/buffer_fclk_clk_0.FCLK_CLK_0_BUFG/O
                         net (fo=7088, routed)        1.648     2.942    design_1_wrapper_i/design_1_i/axi_smc/inst/clk_map/psr_aclk/U0/aclk
    SLICE_X44Y88         FDRE                                         r  design_1_wrapper_i/design_1_i/axi_smc/inst/clk_map/psr_aclk/U0/ACTIVE_LOW_BSR_OUT_DFF[0].FDRE_BSR_N/C
  -------------------------------------------------------------------    -------------------
    SLICE_X44Y88         FDRE (Prop_fdre_C_Q)         0.456     3.398 r  design_1_wrapper_i/design_1_i/axi_smc/inst/clk_map/psr_aclk/U0/ACTIVE_LOW_BSR_OUT_DFF[0].FDRE_BSR_N/Q
                         net (fo=9, routed)           1.305     4.703    <hidden>
    SLICE_X39Y85         LUT1 (Prop_lut1_I0_O)        0.124     4.827 f  <hidden>
                         net (fo=3, routed)           0.481     5.308    <hidden>
    SLICE_X39Y84         FDCE                                         f  <hidden>
  -------------------------------------------------------------------    -------------------

                         (clock clk_fpga_0 rise edge)
                                                      0.000     0.000 r  
    PS7_X0Y0             PS7                          0.000     0.000 r  design_1_wrapper_i/design_1_i/processing_system7_0/inst/PS7_i/FCLKCLK[0]
                         net (fo=1, routed)           1.088     1.088    design_1_wrapper_i/design_1_i/processing_system7_0/inst/FCLK_CLK_unbuffered[0]
    BUFGCTRL_X0Y16       BUFG (Prop_bufg_I_O)         0.091     1.179 r  design_1_wrapper_i/design_1_i/processing_system7_0/inst/buffer_fclk_clk_0.FCLK_CLK_0_BUFG/O
                         net (fo=7088, routed)        1.473     2.652    <hidden>
    SLICE_X39Y84         FDCE                                         r  <hidden>





Min Delay Paths
--------------------------------------------------------------------------------------
Slack:                    inf
  Source:                 design_1_wrapper_i/design_1_i/axi_smc/inst/clk_map/psr_aclk/U0/ACTIVE_LOW_BSR_OUT_DFF[0].FDRE_BSR_N/C
                            (rising edge-triggered cell FDRE clocked by clk_fpga_0  {rise@0.000ns fall@5.000ns period=10.000ns})
  Destination:            <hidden>
                            (removal check against rising-edge clock clk_fpga_0  {rise@0.000ns fall@5.000ns period=10.000ns})
  Path Group:             (none)
  Path Type:              Removal (Min at Fast Process Corner)
  Data Path Delay:        0.660ns  (logic 0.186ns (28.201%)  route 0.474ns (71.799%))
  Logic Levels:           1  (LUT1=1)
  Clock Path Skew:        0.298ns (DCD - SCD - CPR)
    Destination Clock Delay (DCD):    1.188ns
    Source Clock Delay      (SCD):    0.890ns
    Clock Pessimism Removal (CPR):    -0.000ns
  Clock Uncertainty:      0.154ns  ((TSJ^2 + TIJ^2)^1/2 + DJ) / 2 + PE
    Total System Jitter     (TSJ):    0.071ns
    Total Input Jitter      (TIJ):    0.300ns
    Discrete Jitter          (DJ):    0.000ns
    Phase Error              (PE):    0.000ns
  Timing Exception:       False Path

    Location             Delay type                Incr(ns)  Path(ns)    Netlist Resource(s)
  -------------------------------------------------------------------    -------------------
                         (clock clk_fpga_0 rise edge)
                                                      0.000     0.000 r  
    PS7_X0Y0             PS7                          0.000     0.000 r  design_1_wrapper_i/design_1_i/processing_system7_0/inst/PS7_i/FCLKCLK[0]
                         net (fo=1, routed)           0.310     0.310    design_1_wrapper_i/design_1_i/processing_system7_0/inst/FCLK_CLK_unbuffered[0]
    BUFGCTRL_X0Y16       BUFG (Prop_bufg_I_O)         0.026     0.336 r  design_1_wrapper_i/design_1_i/processing_system7_0/inst/buffer_fclk_clk_0.FCLK_CLK_0_BUFG/O
                         net (fo=7088, routed)        0.554     0.890    design_1_wrapper_i/design_1_i/axi_smc/inst/clk_map/psr_aclk/U0/aclk
    SLICE_X44Y88         FDRE                                         r  design_1_wrapper_i/design_1_i/axi_smc/inst/clk_map/psr_aclk/U0/ACTIVE_LOW_BSR_OUT_DFF[0].FDRE_BSR_N/C
  -------------------------------------------------------------------    -------------------
    SLICE_X44Y88         FDRE (Prop_fdre_C_Q)         0.141     1.031 r  design_1_wrapper_i/design_1_i/axi_smc/inst/clk_map/psr_aclk/U0/ACTIVE_LOW_BSR_OUT_DFF[0].FDRE_BSR_N/Q
                         net (fo=9, routed)           0.234     1.265    <hidden>
    SLICE_X40Y88         LUT1 (Prop_lut1_I0_O)        0.045     1.310 f  <hidden>
                         net (fo=3, routed)           0.239     1.549    <hidden>
    SLICE_X40Y88         FDCE                                         f  <hidden>
  -------------------------------------------------------------------    -------------------

                         (clock clk_fpga_0 rise edge)
                                                      0.000     0.000 r  
    PS7_X0Y0             PS7                          0.000     0.000 r  design_1_wrapper_i/design_1_i/processing_system7_0/inst/PS7_i/FCLKCLK[0]
                         net (fo=1, routed)           0.337     0.337    design_1_wrapper_i/design_1_i/processing_system7_0/inst/FCLK_CLK_unbuffered[0]
    BUFGCTRL_X0Y16       BUFG (Prop_bufg_I_O)         0.029     0.366 r  design_1_wrapper_i/design_1_i/processing_system7_0/inst/buffer_fclk_clk_0.FCLK_CLK_0_BUFG/O
                         net (fo=7088, routed)        0.822     1.188    <hidden>
    SLICE_X40Y88         FDCE                                         r  <hidden>

Slack:                    inf
  Source:                 design_1_wrapper_i/design_1_i/axi_smc/inst/clk_map/psr_aclk/U0/ACTIVE_LOW_BSR_OUT_DFF[0].FDRE_BSR_N/C
                            (rising edge-triggered cell FDRE clocked by clk_fpga_0  {rise@0.000ns fall@5.000ns period=10.000ns})
  Destination:            <hidden>
                            (removal check against rising-edge clock clk_fpga_0  {rise@0.000ns fall@5.000ns period=10.000ns})
  Path Group:             (none)
  Path Type:              Removal (Min at Fast Process Corner)
  Data Path Delay:        0.660ns  (logic 0.186ns (28.201%)  route 0.474ns (71.799%))
  Logic Levels:           1  (LUT1=1)
  Clock Path Skew:        0.298ns (DCD - SCD - CPR)
    Destination Clock Delay (DCD):    1.188ns
    Source Clock Delay      (SCD):    0.890ns
    Clock Pessimism Removal (CPR):    -0.000ns
  Clock Uncertainty:      0.154ns  ((TSJ^2 + TIJ^2)^1/2 + DJ) / 2 + PE
    Total System Jitter     (TSJ):    0.071ns
    Total Input Jitter      (TIJ):    0.300ns
    Discrete Jitter          (DJ):    0.000ns
    Phase Error              (PE):    0.000ns
  Timing Exception:       False Path

    Location             Delay type                Incr(ns)  Path(ns)    Netlist Resource(s)
  -------------------------------------------------------------------    -------------------
                         (clock clk_fpga_0 rise edge)
                                                      0.000     0.000 r  
    PS7_X0Y0             PS7                          0.000     0.000 r  design_1_wrapper_i/design_1_i/processing_system7_0/inst/PS7_i/FCLKCLK[0]
                         net (fo=1, routed)           0.310     0.310    design_1_wrapper_i/design_1_i/processing_system7_0/inst/FCLK_CLK_unbuffered[0]
    BUFGCTRL_X0Y16       BUFG (Prop_bufg_I_O)         0.026     0.336 r  design_1_wrapper_i/design_1_i/processing_system7_0/inst/buffer_fclk_clk_0.FCLK_CLK_0_BUFG/O
                         net (fo=7088, routed)        0.554     0.890    design_1_wrapper_i/design_1_i/axi_smc/inst/clk_map/psr_aclk/U0/aclk
    SLICE_X44Y88         FDRE                                         r  design_1_wrapper_i/design_1_i/axi_smc/inst/clk_map/psr_aclk/U0/ACTIVE_LOW_BSR_OUT_DFF[0].FDRE_BSR_N/C
  -------------------------------------------------------------------    -------------------
    SLICE_X44Y88         FDRE (Prop_fdre_C_Q)         0.141     1.031 r  design_1_wrapper_i/design_1_i/axi_smc/inst/clk_map/psr_aclk/U0/ACTIVE_LOW_BSR_OUT_DFF[0].FDRE_BSR_N/Q
                         net (fo=9, routed)           0.234     1.265    <hidden>
    SLICE_X40Y88         LUT1 (Prop_lut1_I0_O)        0.045     1.310 f  <hidden>
                         net (fo=3, routed)           0.239     1.549    <hidden>
    SLICE_X40Y88         FDCE                                         f  <hidden>
  -------------------------------------------------------------------    -------------------

                         (clock clk_fpga_0 rise edge)
                                                      0.000     0.000 r  
    PS7_X0Y0             PS7                          0.000     0.000 r  design_1_wrapper_i/design_1_i/processing_system7_0/inst/PS7_i/FCLKCLK[0]
                         net (fo=1, routed)           0.337     0.337    design_1_wrapper_i/design_1_i/processing_system7_0/inst/FCLK_CLK_unbuffered[0]
    BUFGCTRL_X0Y16       BUFG (Prop_bufg_I_O)         0.029     0.366 r  design_1_wrapper_i/design_1_i/processing_system7_0/inst/buffer_fclk_clk_0.FCLK_CLK_0_BUFG/O
                         net (fo=7088, routed)        0.822     1.188    <hidden>
    SLICE_X40Y88         FDCE                                         r  <hidden>

Slack:                    inf
  Source:                 design_1_wrapper_i/design_1_i/axi_smc/inst/clk_map/psr_aclk/U0/ACTIVE_LOW_BSR_OUT_DFF[0].FDRE_BSR_N/C
                            (rising edge-triggered cell FDRE clocked by clk_fpga_0  {rise@0.000ns fall@5.000ns period=10.000ns})
  Destination:            <hidden>
                            (removal check against rising-edge clock clk_fpga_0  {rise@0.000ns fall@5.000ns period=10.000ns})
  Path Group:             (none)
  Path Type:              Removal (Min at Fast Process Corner)
  Data Path Delay:        0.660ns  (logic 0.186ns (28.201%)  route 0.474ns (71.799%))
  Logic Levels:           1  (LUT1=1)
  Clock Path Skew:        0.298ns (DCD - SCD - CPR)
    Destination Clock Delay (DCD):    1.188ns
    Source Clock Delay      (SCD):    0.890ns
    Clock Pessimism Removal (CPR):    -0.000ns
  Clock Uncertainty:      0.154ns  ((TSJ^2 + TIJ^2)^1/2 + DJ) / 2 + PE
    Total System Jitter     (TSJ):    0.071ns
    Total Input Jitter      (TIJ):    0.300ns
    Discrete Jitter          (DJ):    0.000ns
    Phase Error              (PE):    0.000ns
  Timing Exception:       False Path

    Location             Delay type                Incr(ns)  Path(ns)    Netlist Resource(s)
  -------------------------------------------------------------------    -------------------
                         (clock clk_fpga_0 rise edge)
                                                      0.000     0.000 r  
    PS7_X0Y0             PS7                          0.000     0.000 r  design_1_wrapper_i/design_1_i/processing_system7_0/inst/PS7_i/FCLKCLK[0]
                         net (fo=1, routed)           0.310     0.310    design_1_wrapper_i/design_1_i/processing_system7_0/inst/FCLK_CLK_unbuffered[0]
    BUFGCTRL_X0Y16       BUFG (Prop_bufg_I_O)         0.026     0.336 r  design_1_wrapper_i/design_1_i/processing_system7_0/inst/buffer_fclk_clk_0.FCLK_CLK_0_BUFG/O
                         net (fo=7088, routed)        0.554     0.890    design_1_wrapper_i/design_1_i/axi_smc/inst/clk_map/psr_aclk/U0/aclk
    SLICE_X44Y88         FDRE                                         r  design_1_wrapper_i/design_1_i/axi_smc/inst/clk_map/psr_aclk/U0/ACTIVE_LOW_BSR_OUT_DFF[0].FDRE_BSR_N/C
  -------------------------------------------------------------------    -------------------
    SLICE_X44Y88         FDRE (Prop_fdre_C_Q)         0.141     1.031 r  design_1_wrapper_i/design_1_i/axi_smc/inst/clk_map/psr_aclk/U0/ACTIVE_LOW_BSR_OUT_DFF[0].FDRE_BSR_N/Q
                         net (fo=9, routed)           0.234     1.265    <hidden>
    SLICE_X40Y88         LUT1 (Prop_lut1_I0_O)        0.045     1.310 f  <hidden>
                         net (fo=3, routed)           0.239     1.549    <hidden>
    SLICE_X40Y88         FDCE                                         f  <hidden>
  -------------------------------------------------------------------    -------------------

                         (clock clk_fpga_0 rise edge)
                                                      0.000     0.000 r  
    PS7_X0Y0             PS7                          0.000     0.000 r  design_1_wrapper_i/design_1_i/processing_system7_0/inst/PS7_i/FCLKCLK[0]
                         net (fo=1, routed)           0.337     0.337    design_1_wrapper_i/design_1_i/processing_system7_0/inst/FCLK_CLK_unbuffered[0]
    BUFGCTRL_X0Y16       BUFG (Prop_bufg_I_O)         0.029     0.366 r  design_1_wrapper_i/design_1_i/processing_system7_0/inst/buffer_fclk_clk_0.FCLK_CLK_0_BUFG/O
                         net (fo=7088, routed)        0.822     1.188    <hidden>
    SLICE_X40Y88         FDCE                                         r  <hidden>

Slack:                    inf
  Source:                 design_1_wrapper_i/design_1_i/axi_smc/inst/clk_map/psr_aclk/U0/ACTIVE_LOW_BSR_OUT_DFF[0].FDRE_BSR_N/C
                            (rising edge-triggered cell FDRE clocked by clk_fpga_0  {rise@0.000ns fall@5.000ns period=10.000ns})
  Destination:            <hidden>
                            (removal check against rising-edge clock clk_fpga_0  {rise@0.000ns fall@5.000ns period=10.000ns})
  Path Group:             (none)
  Path Type:              Removal (Min at Fast Process Corner)
  Data Path Delay:        0.759ns  (logic 0.186ns (24.507%)  route 0.573ns (75.493%))
  Logic Levels:           1  (LUT1=1)
  Clock Path Skew:        0.294ns (DCD - SCD - CPR)
    Destination Clock Delay (DCD):    1.184ns
    Source Clock Delay      (SCD):    0.890ns
    Clock Pessimism Removal (CPR):    -0.000ns
  Clock Uncertainty:      0.154ns  ((TSJ^2 + TIJ^2)^1/2 + DJ) / 2 + PE
    Total System Jitter     (TSJ):    0.071ns
    Total Input Jitter      (TIJ):    0.300ns
    Discrete Jitter          (DJ):    0.000ns
    Phase Error              (PE):    0.000ns
  Timing Exception:       False Path

    Location             Delay type                Incr(ns)  Path(ns)    Netlist Resource(s)
  -------------------------------------------------------------------    -------------------
                         (clock clk_fpga_0 rise edge)
                                                      0.000     0.000 r  
    PS7_X0Y0             PS7                          0.000     0.000 r  design_1_wrapper_i/design_1_i/processing_system7_0/inst/PS7_i/FCLKCLK[0]
                         net (fo=1, routed)           0.310     0.310    design_1_wrapper_i/design_1_i/processing_system7_0/inst/FCLK_CLK_unbuffered[0]
    BUFGCTRL_X0Y16       BUFG (Prop_bufg_I_O)         0.026     0.336 r  design_1_wrapper_i/design_1_i/processing_system7_0/inst/buffer_fclk_clk_0.FCLK_CLK_0_BUFG/O
                         net (fo=7088, routed)        0.554     0.890    design_1_wrapper_i/design_1_i/axi_smc/inst/clk_map/psr_aclk/U0/aclk
    SLICE_X44Y88         FDRE                                         r  design_1_wrapper_i/design_1_i/axi_smc/inst/clk_map/psr_aclk/U0/ACTIVE_LOW_BSR_OUT_DFF[0].FDRE_BSR_N/C
  -------------------------------------------------------------------    -------------------
    SLICE_X44Y88         FDRE (Prop_fdre_C_Q)         0.141     1.031 r  design_1_wrapper_i/design_1_i/axi_smc/inst/clk_map/psr_aclk/U0/ACTIVE_LOW_BSR_OUT_DFF[0].FDRE_BSR_N/Q
                         net (fo=9, routed)           0.394     1.425    <hidden>
    SLICE_X37Y85         LUT1 (Prop_lut1_I0_O)        0.045     1.470 f  <hidden>
                         net (fo=3, routed)           0.179     1.649    <hidden>
    SLICE_X37Y84         FDCE                                         f  <hidden>
  -------------------------------------------------------------------    -------------------

                         (clock clk_fpga_0 rise edge)
                                                      0.000     0.000 r  
    PS7_X0Y0             PS7                          0.000     0.000 r  design_1_wrapper_i/design_1_i/processing_system7_0/inst/PS7_i/FCLKCLK[0]
                         net (fo=1, routed)           0.337     0.337    design_1_wrapper_i/design_1_i/processing_system7_0/inst/FCLK_CLK_unbuffered[0]
    BUFGCTRL_X0Y16       BUFG (Prop_bufg_I_O)         0.029     0.366 r  design_1_wrapper_i/design_1_i/processing_system7_0/inst/buffer_fclk_clk_0.FCLK_CLK_0_BUFG/O
                         net (fo=7088, routed)        0.818     1.184    <hidden>
    SLICE_X37Y84         FDCE                                         r  <hidden>

Slack:                    inf
  Source:                 design_1_wrapper_i/design_1_i/axi_smc/inst/clk_map/psr_aclk/U0/ACTIVE_LOW_BSR_OUT_DFF[0].FDRE_BSR_N/C
                            (rising edge-triggered cell FDRE clocked by clk_fpga_0  {rise@0.000ns fall@5.000ns period=10.000ns})
  Destination:            <hidden>
                            (removal check against rising-edge clock clk_fpga_0  {rise@0.000ns fall@5.000ns period=10.000ns})
  Path Group:             (none)
  Path Type:              Removal (Min at Fast Process Corner)
  Data Path Delay:        0.759ns  (logic 0.186ns (24.507%)  route 0.573ns (75.493%))
  Logic Levels:           1  (LUT1=1)
  Clock Path Skew:        0.294ns (DCD - SCD - CPR)
    Destination Clock Delay (DCD):    1.184ns
    Source Clock Delay      (SCD):    0.890ns
    Clock Pessimism Removal (CPR):    -0.000ns
  Clock Uncertainty:      0.154ns  ((TSJ^2 + TIJ^2)^1/2 + DJ) / 2 + PE
    Total System Jitter     (TSJ):    0.071ns
    Total Input Jitter      (TIJ):    0.300ns
    Discrete Jitter          (DJ):    0.000ns
    Phase Error              (PE):    0.000ns
  Timing Exception:       False Path

    Location             Delay type                Incr(ns)  Path(ns)    Netlist Resource(s)
  -------------------------------------------------------------------    -------------------
                         (clock clk_fpga_0 rise edge)
                                                      0.000     0.000 r  
    PS7_X0Y0             PS7                          0.000     0.000 r  design_1_wrapper_i/design_1_i/processing_system7_0/inst/PS7_i/FCLKCLK[0]
                         net (fo=1, routed)           0.310     0.310    design_1_wrapper_i/design_1_i/processing_system7_0/inst/FCLK_CLK_unbuffered[0]
    BUFGCTRL_X0Y16       BUFG (Prop_bufg_I_O)         0.026     0.336 r  design_1_wrapper_i/design_1_i/processing_system7_0/inst/buffer_fclk_clk_0.FCLK_CLK_0_BUFG/O
                         net (fo=7088, routed)        0.554     0.890    design_1_wrapper_i/design_1_i/axi_smc/inst/clk_map/psr_aclk/U0/aclk
    SLICE_X44Y88         FDRE                                         r  design_1_wrapper_i/design_1_i/axi_smc/inst/clk_map/psr_aclk/U0/ACTIVE_LOW_BSR_OUT_DFF[0].FDRE_BSR_N/C
  -------------------------------------------------------------------    -------------------
    SLICE_X44Y88         FDRE (Prop_fdre_C_Q)         0.141     1.031 r  design_1_wrapper_i/design_1_i/axi_smc/inst/clk_map/psr_aclk/U0/ACTIVE_LOW_BSR_OUT_DFF[0].FDRE_BSR_N/Q
                         net (fo=9, routed)           0.394     1.425    <hidden>
    SLICE_X37Y85         LUT1 (Prop_lut1_I0_O)        0.045     1.470 f  <hidden>
                         net (fo=3, routed)           0.179     1.649    <hidden>
    SLICE_X37Y84         FDCE                                         f  <hidden>
  -------------------------------------------------------------------    -------------------

                         (clock clk_fpga_0 rise edge)
                                                      0.000     0.000 r  
    PS7_X0Y0             PS7                          0.000     0.000 r  design_1_wrapper_i/design_1_i/processing_system7_0/inst/PS7_i/FCLKCLK[0]
                         net (fo=1, routed)           0.337     0.337    design_1_wrapper_i/design_1_i/processing_system7_0/inst/FCLK_CLK_unbuffered[0]
    BUFGCTRL_X0Y16       BUFG (Prop_bufg_I_O)         0.029     0.366 r  design_1_wrapper_i/design_1_i/processing_system7_0/inst/buffer_fclk_clk_0.FCLK_CLK_0_BUFG/O
                         net (fo=7088, routed)        0.818     1.184    <hidden>
    SLICE_X37Y84         FDCE                                         r  <hidden>

Slack:                    inf
  Source:                 design_1_wrapper_i/design_1_i/axi_smc/inst/clk_map/psr_aclk/U0/ACTIVE_LOW_BSR_OUT_DFF[0].FDRE_BSR_N/C
                            (rising edge-triggered cell FDRE clocked by clk_fpga_0  {rise@0.000ns fall@5.000ns period=10.000ns})
  Destination:            <hidden>
                            (removal check against rising-edge clock clk_fpga_0  {rise@0.000ns fall@5.000ns period=10.000ns})
  Path Group:             (none)
  Path Type:              Removal (Min at Fast Process Corner)
  Data Path Delay:        0.759ns  (logic 0.186ns (24.507%)  route 0.573ns (75.493%))
  Logic Levels:           1  (LUT1=1)
  Clock Path Skew:        0.294ns (DCD - SCD - CPR)
    Destination Clock Delay (DCD):    1.184ns
    Source Clock Delay      (SCD):    0.890ns
    Clock Pessimism Removal (CPR):    -0.000ns
  Clock Uncertainty:      0.154ns  ((TSJ^2 + TIJ^2)^1/2 + DJ) / 2 + PE
    Total System Jitter     (TSJ):    0.071ns
    Total Input Jitter      (TIJ):    0.300ns
    Discrete Jitter          (DJ):    0.000ns
    Phase Error              (PE):    0.000ns
  Timing Exception:       False Path

    Location             Delay type                Incr(ns)  Path(ns)    Netlist Resource(s)
  -------------------------------------------------------------------    -------------------
                         (clock clk_fpga_0 rise edge)
                                                      0.000     0.000 r  
    PS7_X0Y0             PS7                          0.000     0.000 r  design_1_wrapper_i/design_1_i/processing_system7_0/inst/PS7_i/FCLKCLK[0]
                         net (fo=1, routed)           0.310     0.310    design_1_wrapper_i/design_1_i/processing_system7_0/inst/FCLK_CLK_unbuffered[0]
    BUFGCTRL_X0Y16       BUFG (Prop_bufg_I_O)         0.026     0.336 r  design_1_wrapper_i/design_1_i/processing_system7_0/inst/buffer_fclk_clk_0.FCLK_CLK_0_BUFG/O
                         net (fo=7088, routed)        0.554     0.890    design_1_wrapper_i/design_1_i/axi_smc/inst/clk_map/psr_aclk/U0/aclk
    SLICE_X44Y88         FDRE                                         r  design_1_wrapper_i/design_1_i/axi_smc/inst/clk_map/psr_aclk/U0/ACTIVE_LOW_BSR_OUT_DFF[0].FDRE_BSR_N/C
  -------------------------------------------------------------------    -------------------
    SLICE_X44Y88         FDRE (Prop_fdre_C_Q)         0.141     1.031 r  design_1_wrapper_i/design_1_i/axi_smc/inst/clk_map/psr_aclk/U0/ACTIVE_LOW_BSR_OUT_DFF[0].FDRE_BSR_N/Q
                         net (fo=9, routed)           0.394     1.425    <hidden>
    SLICE_X37Y85         LUT1 (Prop_lut1_I0_O)        0.045     1.470 f  <hidden>
                         net (fo=3, routed)           0.179     1.649    <hidden>
    SLICE_X37Y84         FDCE                                         f  <hidden>
  -------------------------------------------------------------------    -------------------

                         (clock clk_fpga_0 rise edge)
                                                      0.000     0.000 r  
    PS7_X0Y0             PS7                          0.000     0.000 r  design_1_wrapper_i/design_1_i/processing_system7_0/inst/PS7_i/FCLKCLK[0]
                         net (fo=1, routed)           0.337     0.337    design_1_wrapper_i/design_1_i/processing_system7_0/inst/FCLK_CLK_unbuffered[0]
    BUFGCTRL_X0Y16       BUFG (Prop_bufg_I_O)         0.029     0.366 r  design_1_wrapper_i/design_1_i/processing_system7_0/inst/buffer_fclk_clk_0.FCLK_CLK_0_BUFG/O
                         net (fo=7088, routed)        0.818     1.184    <hidden>
    SLICE_X37Y84         FDCE                                         r  <hidden>

Slack:                    inf
  Source:                 design_1_wrapper_i/design_1_i/axi_smc/inst/clk_map/psr_aclk/U0/ACTIVE_LOW_BSR_OUT_DFF[0].FDRE_BSR_N/C
                            (rising edge-triggered cell FDRE clocked by clk_fpga_0  {rise@0.000ns fall@5.000ns period=10.000ns})
  Destination:            <hidden>
                            (removal check against rising-edge clock clk_fpga_0  {rise@0.000ns fall@5.000ns period=10.000ns})
  Path Group:             (none)
  Path Type:              Removal (Min at Fast Process Corner)
  Data Path Delay:        0.770ns  (logic 0.186ns (24.147%)  route 0.584ns (75.853%))
  Logic Levels:           1  (LUT1=1)
  Clock Path Skew:        0.295ns (DCD - SCD - CPR)
    Destination Clock Delay (DCD):    1.185ns
    Source Clock Delay      (SCD):    0.890ns
    Clock Pessimism Removal (CPR):    -0.000ns
  Clock Uncertainty:      0.154ns  ((TSJ^2 + TIJ^2)^1/2 + DJ) / 2 + PE
    Total System Jitter     (TSJ):    0.071ns
    Total Input Jitter      (TIJ):    0.300ns
    Discrete Jitter          (DJ):    0.000ns
    Phase Error              (PE):    0.000ns
  Timing Exception:       False Path

    Location             Delay type                Incr(ns)  Path(ns)    Netlist Resource(s)
  -------------------------------------------------------------------    -------------------
                         (clock clk_fpga_0 rise edge)
                                                      0.000     0.000 r  
    PS7_X0Y0             PS7                          0.000     0.000 r  design_1_wrapper_i/design_1_i/processing_system7_0/inst/PS7_i/FCLKCLK[0]
                         net (fo=1, routed)           0.310     0.310    design_1_wrapper_i/design_1_i/processing_system7_0/inst/FCLK_CLK_unbuffered[0]
    BUFGCTRL_X0Y16       BUFG (Prop_bufg_I_O)         0.026     0.336 r  design_1_wrapper_i/design_1_i/processing_system7_0/inst/buffer_fclk_clk_0.FCLK_CLK_0_BUFG/O
                         net (fo=7088, routed)        0.554     0.890    design_1_wrapper_i/design_1_i/axi_smc/inst/clk_map/psr_aclk/U0/aclk
    SLICE_X44Y88         FDRE                                         r  design_1_wrapper_i/design_1_i/axi_smc/inst/clk_map/psr_aclk/U0/ACTIVE_LOW_BSR_OUT_DFF[0].FDRE_BSR_N/C
  -------------------------------------------------------------------    -------------------
    SLICE_X44Y88         FDRE (Prop_fdre_C_Q)         0.141     1.031 r  design_1_wrapper_i/design_1_i/axi_smc/inst/clk_map/psr_aclk/U0/ACTIVE_LOW_BSR_OUT_DFF[0].FDRE_BSR_N/Q
                         net (fo=9, routed)           0.411     1.442    <hidden>
    SLICE_X38Y86         LUT1 (Prop_lut1_I0_O)        0.045     1.487 f  <hidden>
                         net (fo=3, routed)           0.173     1.660    <hidden>
    SLICE_X38Y85         FDCE                                         f  <hidden>
  -------------------------------------------------------------------    -------------------

                         (clock clk_fpga_0 rise edge)
                                                      0.000     0.000 r  
    PS7_X0Y0             PS7                          0.000     0.000 r  design_1_wrapper_i/design_1_i/processing_system7_0/inst/PS7_i/FCLKCLK[0]
                         net (fo=1, routed)           0.337     0.337    design_1_wrapper_i/design_1_i/processing_system7_0/inst/FCLK_CLK_unbuffered[0]
    BUFGCTRL_X0Y16       BUFG (Prop_bufg_I_O)         0.029     0.366 r  design_1_wrapper_i/design_1_i/processing_system7_0/inst/buffer_fclk_clk_0.FCLK_CLK_0_BUFG/O
                         net (fo=7088, routed)        0.819     1.185    <hidden>
    SLICE_X38Y85         FDCE                                         r  <hidden>

Slack:                    inf
  Source:                 design_1_wrapper_i/design_1_i/axi_smc/inst/clk_map/psr_aclk/U0/ACTIVE_LOW_BSR_OUT_DFF[0].FDRE_BSR_N/C
                            (rising edge-triggered cell FDRE clocked by clk_fpga_0  {rise@0.000ns fall@5.000ns period=10.000ns})
  Destination:            <hidden>
                            (removal check against rising-edge clock clk_fpga_0  {rise@0.000ns fall@5.000ns period=10.000ns})
  Path Group:             (none)
  Path Type:              Removal (Min at Fast Process Corner)
  Data Path Delay:        0.770ns  (logic 0.186ns (24.147%)  route 0.584ns (75.853%))
  Logic Levels:           1  (LUT1=1)
  Clock Path Skew:        0.295ns (DCD - SCD - CPR)
    Destination Clock Delay (DCD):    1.185ns
    Source Clock Delay      (SCD):    0.890ns
    Clock Pessimism Removal (CPR):    -0.000ns
  Clock Uncertainty:      0.154ns  ((TSJ^2 + TIJ^2)^1/2 + DJ) / 2 + PE
    Total System Jitter     (TSJ):    0.071ns
    Total Input Jitter      (TIJ):    0.300ns
    Discrete Jitter          (DJ):    0.000ns
    Phase Error              (PE):    0.000ns
  Timing Exception:       False Path

    Location             Delay type                Incr(ns)  Path(ns)    Netlist Resource(s)
  -------------------------------------------------------------------    -------------------
                         (clock clk_fpga_0 rise edge)
                                                      0.000     0.000 r  
    PS7_X0Y0             PS7                          0.000     0.000 r  design_1_wrapper_i/design_1_i/processing_system7_0/inst/PS7_i/FCLKCLK[0]
                         net (fo=1, routed)           0.310     0.310    design_1_wrapper_i/design_1_i/processing_system7_0/inst/FCLK_CLK_unbuffered[0]
    BUFGCTRL_X0Y16       BUFG (Prop_bufg_I_O)         0.026     0.336 r  design_1_wrapper_i/design_1_i/processing_system7_0/inst/buffer_fclk_clk_0.FCLK_CLK_0_BUFG/O
                         net (fo=7088, routed)        0.554     0.890    design_1_wrapper_i/design_1_i/axi_smc/inst/clk_map/psr_aclk/U0/aclk
    SLICE_X44Y88         FDRE                                         r  design_1_wrapper_i/design_1_i/axi_smc/inst/clk_map/psr_aclk/U0/ACTIVE_LOW_BSR_OUT_DFF[0].FDRE_BSR_N/C
  -------------------------------------------------------------------    -------------------
    SLICE_X44Y88         FDRE (Prop_fdre_C_Q)         0.141     1.031 r  design_1_wrapper_i/design_1_i/axi_smc/inst/clk_map/psr_aclk/U0/ACTIVE_LOW_BSR_OUT_DFF[0].FDRE_BSR_N/Q
                         net (fo=9, routed)           0.411     1.442    <hidden>
    SLICE_X38Y86         LUT1 (Prop_lut1_I0_O)        0.045     1.487 f  <hidden>
                         net (fo=3, routed)           0.173     1.660    <hidden>
    SLICE_X38Y85         FDCE                                         f  <hidden>
  -------------------------------------------------------------------    -------------------

                         (clock clk_fpga_0 rise edge)
                                                      0.000     0.000 r  
    PS7_X0Y0             PS7                          0.000     0.000 r  design_1_wrapper_i/design_1_i/processing_system7_0/inst/PS7_i/FCLKCLK[0]
                         net (fo=1, routed)           0.337     0.337    design_1_wrapper_i/design_1_i/processing_system7_0/inst/FCLK_CLK_unbuffered[0]
    BUFGCTRL_X0Y16       BUFG (Prop_bufg_I_O)         0.029     0.366 r  design_1_wrapper_i/design_1_i/processing_system7_0/inst/buffer_fclk_clk_0.FCLK_CLK_0_BUFG/O
                         net (fo=7088, routed)        0.819     1.185    <hidden>
    SLICE_X38Y85         FDCE                                         r  <hidden>

Slack:                    inf
  Source:                 design_1_wrapper_i/design_1_i/axi_smc/inst/clk_map/psr_aclk/U0/ACTIVE_LOW_BSR_OUT_DFF[0].FDRE_BSR_N/C
                            (rising edge-triggered cell FDRE clocked by clk_fpga_0  {rise@0.000ns fall@5.000ns period=10.000ns})
  Destination:            <hidden>
                            (removal check against rising-edge clock clk_fpga_0  {rise@0.000ns fall@5.000ns period=10.000ns})
  Path Group:             (none)
  Path Type:              Removal (Min at Fast Process Corner)
  Data Path Delay:        0.770ns  (logic 0.186ns (24.147%)  route 0.584ns (75.853%))
  Logic Levels:           1  (LUT1=1)
  Clock Path Skew:        0.295ns (DCD - SCD - CPR)
    Destination Clock Delay (DCD):    1.185ns
    Source Clock Delay      (SCD):    0.890ns
    Clock Pessimism Removal (CPR):    -0.000ns
  Clock Uncertainty:      0.154ns  ((TSJ^2 + TIJ^2)^1/2 + DJ) / 2 + PE
    Total System Jitter     (TSJ):    0.071ns
    Total Input Jitter      (TIJ):    0.300ns
    Discrete Jitter          (DJ):    0.000ns
    Phase Error              (PE):    0.000ns
  Timing Exception:       False Path

    Location             Delay type                Incr(ns)  Path(ns)    Netlist Resource(s)
  -------------------------------------------------------------------    -------------------
                         (clock clk_fpga_0 rise edge)
                                                      0.000     0.000 r  
    PS7_X0Y0             PS7                          0.000     0.000 r  design_1_wrapper_i/design_1_i/processing_system7_0/inst/PS7_i/FCLKCLK[0]
                         net (fo=1, routed)           0.310     0.310    design_1_wrapper_i/design_1_i/processing_system7_0/inst/FCLK_CLK_unbuffered[0]
    BUFGCTRL_X0Y16       BUFG (Prop_bufg_I_O)         0.026     0.336 r  design_1_wrapper_i/design_1_i/processing_system7_0/inst/buffer_fclk_clk_0.FCLK_CLK_0_BUFG/O
                         net (fo=7088, routed)        0.554     0.890    design_1_wrapper_i/design_1_i/axi_smc/inst/clk_map/psr_aclk/U0/aclk
    SLICE_X44Y88         FDRE                                         r  design_1_wrapper_i/design_1_i/axi_smc/inst/clk_map/psr_aclk/U0/ACTIVE_LOW_BSR_OUT_DFF[0].FDRE_BSR_N/C
  -------------------------------------------------------------------    -------------------
    SLICE_X44Y88         FDRE (Prop_fdre_C_Q)         0.141     1.031 r  design_1_wrapper_i/design_1_i/axi_smc/inst/clk_map/psr_aclk/U0/ACTIVE_LOW_BSR_OUT_DFF[0].FDRE_BSR_N/Q
                         net (fo=9, routed)           0.411     1.442    <hidden>
    SLICE_X38Y86         LUT1 (Prop_lut1_I0_O)        0.045     1.487 f  <hidden>
                         net (fo=3, routed)           0.173     1.660    <hidden>
    SLICE_X38Y85         FDCE                                         f  <hidden>
  -------------------------------------------------------------------    -------------------

                         (clock clk_fpga_0 rise edge)
                                                      0.000     0.000 r  
    PS7_X0Y0             PS7                          0.000     0.000 r  design_1_wrapper_i/design_1_i/processing_system7_0/inst/PS7_i/FCLKCLK[0]
                         net (fo=1, routed)           0.337     0.337    design_1_wrapper_i/design_1_i/processing_system7_0/inst/FCLK_CLK_unbuffered[0]
    BUFGCTRL_X0Y16       BUFG (Prop_bufg_I_O)         0.029     0.366 r  design_1_wrapper_i/design_1_i/processing_system7_0/inst/buffer_fclk_clk_0.FCLK_CLK_0_BUFG/O
                         net (fo=7088, routed)        0.819     1.185    <hidden>
    SLICE_X38Y85         FDCE                                         r  <hidden>

Slack:                    inf
  Source:                 design_1_wrapper_i/design_1_i/axi_smc/inst/clk_map/psr_aclk/U0/ACTIVE_LOW_BSR_OUT_DFF[0].FDRE_BSR_N/C
                            (rising edge-triggered cell FDRE clocked by clk_fpga_0  {rise@0.000ns fall@5.000ns period=10.000ns})
  Destination:            <hidden>
                            (removal check against rising-edge clock clk_fpga_0  {rise@0.000ns fall@5.000ns period=10.000ns})
  Path Group:             (none)
  Path Type:              Removal (Min at Fast Process Corner)
  Data Path Delay:        0.789ns  (logic 0.186ns (23.562%)  route 0.603ns (76.438%))
  Logic Levels:           1  (LUT1=1)
  Clock Path Skew:        0.295ns (DCD - SCD - CPR)
    Destination Clock Delay (DCD):    1.185ns
    Source Clock Delay      (SCD):    0.890ns
    Clock Pessimism Removal (CPR):    -0.000ns
  Clock Uncertainty:      0.154ns  ((TSJ^2 + TIJ^2)^1/2 + DJ) / 2 + PE
    Total System Jitter     (TSJ):    0.071ns
    Total Input Jitter      (TIJ):    0.300ns
    Discrete Jitter          (DJ):    0.000ns
    Phase Error              (PE):    0.000ns
  Timing Exception:       False Path

    Location             Delay type                Incr(ns)  Path(ns)    Netlist Resource(s)
  -------------------------------------------------------------------    -------------------
                         (clock clk_fpga_0 rise edge)
                                                      0.000     0.000 r  
    PS7_X0Y0             PS7                          0.000     0.000 r  design_1_wrapper_i/design_1_i/processing_system7_0/inst/PS7_i/FCLKCLK[0]
                         net (fo=1, routed)           0.310     0.310    design_1_wrapper_i/design_1_i/processing_system7_0/inst/FCLK_CLK_unbuffered[0]
    BUFGCTRL_X0Y16       BUFG (Prop_bufg_I_O)         0.026     0.336 r  design_1_wrapper_i/design_1_i/processing_system7_0/inst/buffer_fclk_clk_0.FCLK_CLK_0_BUFG/O
                         net (fo=7088, routed)        0.554     0.890    design_1_wrapper_i/design_1_i/axi_smc/inst/clk_map/psr_aclk/U0/aclk
    SLICE_X44Y88         FDRE                                         r  design_1_wrapper_i/design_1_i/axi_smc/inst/clk_map/psr_aclk/U0/ACTIVE_LOW_BSR_OUT_DFF[0].FDRE_BSR_N/C
  -------------------------------------------------------------------    -------------------
    SLICE_X44Y88         FDRE (Prop_fdre_C_Q)         0.141     1.031 r  design_1_wrapper_i/design_1_i/axi_smc/inst/clk_map/psr_aclk/U0/ACTIVE_LOW_BSR_OUT_DFF[0].FDRE_BSR_N/Q
                         net (fo=9, routed)           0.442     1.473    <hidden>
    SLICE_X38Y86         LUT1 (Prop_lut1_I0_O)        0.045     1.518 f  <hidden>
                         net (fo=3, routed)           0.161     1.679    <hidden>
    SLICE_X36Y86         FDCE                                         f  <hidden>
  -------------------------------------------------------------------    -------------------

                         (clock clk_fpga_0 rise edge)
                                                      0.000     0.000 r  
    PS7_X0Y0             PS7                          0.000     0.000 r  design_1_wrapper_i/design_1_i/processing_system7_0/inst/PS7_i/FCLKCLK[0]
                         net (fo=1, routed)           0.337     0.337    design_1_wrapper_i/design_1_i/processing_system7_0/inst/FCLK_CLK_unbuffered[0]
    BUFGCTRL_X0Y16       BUFG (Prop_bufg_I_O)         0.029     0.366 r  design_1_wrapper_i/design_1_i/processing_system7_0/inst/buffer_fclk_clk_0.FCLK_CLK_0_BUFG/O
                         net (fo=7088, routed)        0.819     1.185    <hidden>
    SLICE_X36Y86         FDCE                                         r  <hidden>





