Copyright 1986-2022 Xilinx, Inc. All Rights Reserved. Copyright 2022-2024 Advanced Micro Devices, Inc. All Rights Reserved.
---------------------------------------------------------------------------------------------------------------------------------------------------------------------------------------------------------------------------------------------------------------
| Tool Version : Vivado v.2024.2 (win64) Build 5239630 Fri Nov 08 22:35:27 MST 2024
| Date         : Thu May 14 02:32:12 2026
| Host         : DESKTOP-88SD8FS running 64-bit major release  (build 9200)
| Command      : report_timing_summary -max_paths 10 -report_unconstrained -warn_on_violation -file top_level_timing_summary_postroute_physopted.rpt -pb top_level_timing_summary_postroute_physopted.pb -rpx top_level_timing_summary_postroute_physopted.rpx
| Design       : top_level
| Device       : 7z020-clg484
| Speed File   : -1  PRODUCTION 1.12 2019-11-22
| Design State : Physopt postRoute
---------------------------------------------------------------------------------------------------------------------------------------------------------------------------------------------------------------------------------------------------------------

Timing Summary Report

------------------------------------------------------------------------------------------------
| Timer Settings
| --------------
------------------------------------------------------------------------------------------------

  Enable Multi Corner Analysis               :  Yes
  Enable Pessimism Removal                   :  Yes
  Pessimism Removal Resolution               :  Nearest Common Node
  Enable Input Delay Default Clock           :  No
  Enable Preset / Clear Arcs                 :  No
  Disable Flight Delays                      :  No
  Ignore I/O Paths                           :  No
  Timing Early Launch at Borrowing Latches   :  No
  Borrow Time for Max Delay Exceptions       :  Yes
  Merge Timing Exceptions                    :  Yes
  Inter-SLR Compensation                     :  Conservative

  Corner  Analyze    Analyze    
  Name    Max Paths  Min Paths  
  ------  ---------  ---------  
  Slow    Yes        Yes        
  Fast    Yes        Yes        


------------------------------------------------------------------------------------------------
| Report Methodology
| ------------------
------------------------------------------------------------------------------------------------

Rule      Severity  Description                                  Violations  
--------  --------  -------------------------------------------  ----------  
SYNTH-6   Warning   Timing of a RAM block might be sub-optimal   1           
ULMTCS-1  Warning   Control Sets use limits recommend reduction  1           

Note: This report is based on the most recent report_methodology run and may not be up-to-date. Run report_methodology on the current design for the latest report.



check_timing report

Table of Contents
-----------------
1. checking no_clock (0)
2. checking constant_clock (0)
3. checking pulse_width_clock (0)
4. checking unconstrained_internal_endpoints (0)
5. checking no_input_delay (0)
6. checking no_output_delay (0)
7. checking multiple_clock (0)
8. checking generated_clocks (0)
9. checking loops (0)
10. checking partial_input_delay (0)
11. checking partial_output_delay (0)
12. checking latch_loops (0)

1. checking no_clock (0)
------------------------
 There are 0 register/latch pins with no clock.


2. checking constant_clock (0)
------------------------------
 There are 0 register/latch pins with constant_clock.


3. checking pulse_width_clock (0)
---------------------------------
 There are 0 register/latch pins which need pulse_width check


4. checking unconstrained_internal_endpoints (0)
------------------------------------------------
 There are 0 pins that are not constrained for maximum delay.

 There are 0 pins that are not constrained for maximum delay due to constant clock.


5. checking no_input_delay (0)
------------------------------
 There are 0 input ports with no input delay specified.

 There are 0 input ports with no input delay but user has a false path constraint.


6. checking no_output_delay (0)
-------------------------------
 There are 0 ports with no output delay specified.

 There are 0 ports with no output delay but user has a false path constraint

 There are 0 ports with no output delay but with a timing clock defined on it or propagating through it


7. checking multiple_clock (0)
------------------------------
 There are 0 register/latch pins with multiple clocks.


8. checking generated_clocks (0)
--------------------------------
 There are 0 generated clocks that are not connected to a clock source.


9. checking loops (0)
---------------------
 There are 0 combinational loops in the design.


10. checking partial_input_delay (0)
------------------------------------
 There are 0 input ports with partial input delay specified.


11. checking partial_output_delay (0)
-------------------------------------
 There are 0 ports with partial output delay specified.


12. checking latch_loops (0)
----------------------------
 There are 0 combinational latch loops in the design through latch input



------------------------------------------------------------------------------------------------
| Design Timing Summary
| ---------------------
------------------------------------------------------------------------------------------------

    WNS(ns)      TNS(ns)  TNS Failing Endpoints  TNS Total Endpoints      WHS(ns)      THS(ns)  THS Failing Endpoints  THS Total Endpoints     WPWS(ns)     TPWS(ns)  TPWS Failing Endpoints  TPWS Total Endpoints  
    -------      -------  ---------------------  -------------------      -------      -------  ---------------------  -------------------     --------     --------  ----------------------  --------------------  
     -0.129       -1.317                     31                53076        0.056        0.000                      0                53076        4.020        0.000                       0                 18048  


Timing constraints are not met.


------------------------------------------------------------------------------------------------
| Clock Summary
| -------------
------------------------------------------------------------------------------------------------

Clock       Waveform(ns)       Period(ns)      Frequency(MHz)
-----       ------------       ----------      --------------
clk_fpga_0  {0.000 5.000}      10.000          100.000         


------------------------------------------------------------------------------------------------
| Intra Clock Table
| -----------------
------------------------------------------------------------------------------------------------

Clock             WNS(ns)      TNS(ns)  TNS Failing Endpoints  TNS Total Endpoints      WHS(ns)      THS(ns)  THS Failing Endpoints  THS Total Endpoints     WPWS(ns)     TPWS(ns)  TPWS Failing Endpoints  TPWS Total Endpoints  
-----             -------      -------  ---------------------  -------------------      -------      -------  ---------------------  -------------------     --------     --------  ----------------------  --------------------  
clk_fpga_0         -0.129       -1.317                     31                53076        0.056        0.000                      0                53076        4.020        0.000                       0                 18048  


------------------------------------------------------------------------------------------------
| Inter Clock Table
| -----------------
------------------------------------------------------------------------------------------------

From Clock    To Clock          WNS(ns)      TNS(ns)  TNS Failing Endpoints  TNS Total Endpoints      WHS(ns)      THS(ns)  THS Failing Endpoints  THS Total Endpoints  
----------    --------          -------      -------  ---------------------  -------------------      -------      -------  ---------------------  -------------------  


------------------------------------------------------------------------------------------------
| Other Path Groups Table
| -----------------------
------------------------------------------------------------------------------------------------

Path Group    From Clock    To Clock          WNS(ns)      TNS(ns)  TNS Failing Endpoints  TNS Total Endpoints      WHS(ns)      THS(ns)  THS Failing Endpoints  THS Total Endpoints  
----------    ----------    --------          -------      -------  ---------------------  -------------------      -------      -------  ---------------------  -------------------  


------------------------------------------------------------------------------------------------
| User Ignored Path Table
| -----------------------
------------------------------------------------------------------------------------------------

Path Group    From Clock    To Clock    
----------    ----------    --------    
(none)                      clk_fpga_0    
(none)        clk_fpga_0    clk_fpga_0    


------------------------------------------------------------------------------------------------
| Unconstrained Path Table
| ------------------------
------------------------------------------------------------------------------------------------

Path Group    From Clock    To Clock    
----------    ----------    --------    


------------------------------------------------------------------------------------------------
| Timing Details
| --------------
------------------------------------------------------------------------------------------------


---------------------------------------------------------------------------------------------------
From Clock:  clk_fpga_0
  To Clock:  clk_fpga_0

Setup :           31  Failing Endpoints,  Worst Slack       -0.129ns,  Total Violation       -1.317ns
Hold  :            0  Failing Endpoints,  Worst Slack        0.056ns,  Total Violation        0.000ns
PW    :            0  Failing Endpoints,  Worst Slack        4.020ns,  Total Violation        0.000ns
---------------------------------------------------------------------------------------------------


Max Delay Paths
--------------------------------------------------------------------------------------
Slack (VIOLATED) :        -0.129ns  (required time - arrival time)
  Source:                 qkv_projector_i/Q_reg_reg[3,2][15]/C
                            (rising edge-triggered cell FDRE clocked by clk_fpga_0  {rise@0.000ns fall@5.000ns period=10.000ns})
  Destination:            attention_score_i/acc_reg[27]/D
                            (rising edge-triggered cell FDRE clocked by clk_fpga_0  {rise@0.000ns fall@5.000ns period=10.000ns})
  Path Group:             clk_fpga_0
  Path Type:              Setup (Max at Slow Process Corner)
  Requirement:            10.000ns  (clk_fpga_0 rise@10.000ns - clk_fpga_0 rise@0.000ns)
  Data Path Delay:        9.919ns  (logic 5.327ns (53.703%)  route 4.592ns (46.297%))
  Logic Levels:           7  (DSP48E1=1 LUT4=1 LUT6=3 MUXF7=1 MUXF8=1)
  Clock Path Skew:        -0.026ns (DCD - SCD + CPR)
    Destination Clock Delay (DCD):    3.020ns = ( 13.021 - 10.000 ) 
    Source Clock Delay      (SCD):    3.198ns
    Clock Pessimism Removal (CPR):    0.152ns
  Clock Uncertainty:      0.154ns  ((TSJ^2 + TIJ^2)^1/2 + DJ) / 2 + PE
    Total System Jitter     (TSJ):    0.071ns
    Total Input Jitter      (TIJ):    0.300ns
    Discrete Jitter          (DJ):    0.000ns
    Phase Error              (PE):    0.000ns

    Location             Delay type                Incr(ns)  Path(ns)    Netlist Resource(s)
  -------------------------------------------------------------------    -------------------
                         (clock clk_fpga_0 rise edge)
                                                      0.000     0.000 r  
    PS7_X0Y0             PS7                          0.000     0.000 r  design_1_wrapper_i/design_1_i/processing_system7_0/inst/PS7_i/FCLKCLK[0]
                         net (fo=1, routed)           1.193     1.193    design_1_wrapper_i/design_1_i/processing_system7_0/inst/FCLK_CLK_unbuffered[0]
    BUFGCTRL_X0Y17       BUFG (Prop_bufg_I_O)         0.101     1.294 r  design_1_wrapper_i/design_1_i/processing_system7_0/inst/buffer_fclk_clk_0.FCLK_CLK_0_BUFG_replica/O
                         net (fo=112, routed)         0.146     1.440    design_1_wrapper_i/design_1_i/processing_system7_0/inst/FCLK_CLK0_repN
    BUFGCTRL_X0Y16       BUFG (Prop_bufg_I_O)         0.101     1.541 r  design_1_wrapper_i/design_1_i/processing_system7_0/inst/buffer_fclk_clk_0.FCLK_CLK_0_BUFG/O
                         net (fo=17939, routed)       1.657     3.198    qkv_projector_i/pl_clk0
    SLICE_X44Y31         FDRE                                         r  qkv_projector_i/Q_reg_reg[3,2][15]/C
  -------------------------------------------------------------------    -------------------
    SLICE_X44Y31         FDRE (Prop_fdre_C_Q)         0.456     3.654 r  qkv_projector_i/Q_reg_reg[3,2][15]/Q
                         net (fo=2, routed)           1.182     4.836    qkv_projector_i/Q_mat[3,2][15]
    SLICE_X52Y28         LUT6 (Prop_lut6_I0_O)        0.124     4.960 r  qkv_projector_i/acc0_i_1661/O
                         net (fo=1, routed)           0.000     4.960    qkv_projector_i/acc0_i_1661_n_0
    SLICE_X52Y28         MUXF7 (Prop_muxf7_I0_O)      0.238     5.198 r  qkv_projector_i/acc0_i_823/O
                         net (fo=1, routed)           0.000     5.198    qkv_projector_i/acc0_i_823_n_0
    SLICE_X52Y28         MUXF8 (Prop_muxf8_I0_O)      0.104     5.302 r  qkv_projector_i/acc0_i_336/O
                         net (fo=1, routed)           1.190     6.491    qkv_projector_i/acc0_i_336_n_0
    SLICE_X81Y21         LUT6 (Prop_lut6_I1_O)        0.316     6.807 r  qkv_projector_i/acc0_i_123/O
                         net (fo=1, routed)           0.303     7.110    qkv_projector_i/acc0_i_123_n_0
    SLICE_X84Y21         LUT6 (Prop_lut6_I2_O)        0.124     7.234 r  qkv_projector_i/acc0_i_17_comp/O
                         net (fo=15, routed)          1.104     8.338    attention_score_i/A[15]
    DSP48_X3Y6           DSP48E1 (Prop_dsp48e1_A[29]_P[27])
                                                      3.841    12.179 r  attention_score_i/acc0/P[27]
                         net (fo=1, routed)           0.624    12.804    attention_score_i/acc0_n_78
    SLICE_X97Y16         LUT4 (Prop_lut4_I2_O)        0.124    12.928 r  attention_score_i/acc0_i_45/O
                         net (fo=2, routed)           0.190    13.117    attention_score_i/acc[27]
    SLICE_X96Y16         FDRE                                         r  attention_score_i/acc_reg[27]/D
  -------------------------------------------------------------------    -------------------

                         (clock clk_fpga_0 rise edge)
                                                     10.000    10.000 r  
    PS7_X0Y0             PS7                          0.000    10.000 r  design_1_wrapper_i/design_1_i/processing_system7_0/inst/PS7_i/FCLKCLK[0]
                         net (fo=1, routed)           1.088    11.088    design_1_wrapper_i/design_1_i/processing_system7_0/inst/FCLK_CLK_unbuffered[0]
    BUFGCTRL_X0Y17       BUFG (Prop_bufg_I_O)         0.091    11.179 r  design_1_wrapper_i/design_1_i/processing_system7_0/inst/buffer_fclk_clk_0.FCLK_CLK_0_BUFG_replica/O
                         net (fo=112, routed)         0.133    11.312    design_1_wrapper_i/design_1_i/processing_system7_0/inst/FCLK_CLK0_repN
    BUFGCTRL_X0Y16       BUFG (Prop_bufg_I_O)         0.091    11.403 r  design_1_wrapper_i/design_1_i/processing_system7_0/inst/buffer_fclk_clk_0.FCLK_CLK_0_BUFG/O
                         net (fo=17939, routed)       1.617    13.021    attention_score_i/pl_clk0
    SLICE_X96Y16         FDRE                                         r  attention_score_i/acc_reg[27]/C
                         clock pessimism              0.152    13.172    
                         clock uncertainty           -0.154    13.018    
    SLICE_X96Y16         FDRE (Setup_fdre_C_D)       -0.030    12.988    attention_score_i/acc_reg[27]
  -------------------------------------------------------------------
                         required time                         12.988    
                         arrival time                         -13.117    
  -------------------------------------------------------------------
                         slack                                 -0.129    

Slack (VIOLATED) :        -0.125ns  (required time - arrival time)
  Source:                 attention_score_i/acc_reg[5]/C
                            (rising edge-triggered cell FDRE clocked by clk_fpga_0  {rise@0.000ns fall@5.000ns period=10.000ns})
  Destination:            attention_score_i/prod_reg_reg[53]/D
                            (rising edge-triggered cell FDRE clocked by clk_fpga_0  {rise@0.000ns fall@5.000ns period=10.000ns})
  Path Group:             clk_fpga_0
  Path Type:              Setup (Max at Slow Process Corner)
  Requirement:            10.000ns  (clk_fpga_0 rise@10.000ns - clk_fpga_0 rise@0.000ns)
  Data Path Delay:        9.747ns  (logic 4.646ns (47.667%)  route 5.101ns (52.333%))
  Logic Levels:           18  (CARRY4=14 LUT2=1 LUT3=1 LUT4=1 LUT5=1)
  Clock Path Skew:        -0.286ns (DCD - SCD + CPR)
    Destination Clock Delay (DCD):    2.898ns = ( 12.898 - 10.000 ) 
    Source Clock Delay      (SCD):    3.335ns
    Clock Pessimism Removal (CPR):    0.152ns
  Clock Uncertainty:      0.154ns  ((TSJ^2 + TIJ^2)^1/2 + DJ) / 2 + PE
    Total System Jitter     (TSJ):    0.071ns
    Total Input Jitter      (TIJ):    0.300ns
    Discrete Jitter          (DJ):    0.000ns
    Phase Error              (PE):    0.000ns

    Location             Delay type                Incr(ns)  Path(ns)    Netlist Resource(s)
  -------------------------------------------------------------------    -------------------
                         (clock clk_fpga_0 rise edge)
                                                      0.000     0.000 r  
    PS7_X0Y0             PS7                          0.000     0.000 r  design_1_wrapper_i/design_1_i/processing_system7_0/inst/PS7_i/FCLKCLK[0]
                         net (fo=1, routed)           1.193     1.193    design_1_wrapper_i/design_1_i/processing_system7_0/inst/FCLK_CLK_unbuffered[0]
    BUFGCTRL_X0Y17       BUFG (Prop_bufg_I_O)         0.101     1.294 r  design_1_wrapper_i/design_1_i/processing_system7_0/inst/buffer_fclk_clk_0.FCLK_CLK_0_BUFG_replica/O
                         net (fo=112, routed)         0.146     1.440    design_1_wrapper_i/design_1_i/processing_system7_0/inst/FCLK_CLK0_repN
    BUFGCTRL_X0Y16       BUFG (Prop_bufg_I_O)         0.101     1.541 r  design_1_wrapper_i/design_1_i/processing_system7_0/inst/buffer_fclk_clk_0.FCLK_CLK_0_BUFG/O
                         net (fo=17939, routed)       1.794     3.335    attention_score_i/pl_clk0
    SLICE_X97Y16         FDRE                                         r  attention_score_i/acc_reg[5]/C
  -------------------------------------------------------------------    -------------------
    SLICE_X97Y16         FDRE (Prop_fdre_C_Q)         0.456     3.791 r  attention_score_i/acc_reg[5]/Q
                         net (fo=13, routed)          2.422     6.213    attention_score_i/acc_reg_n_0_[5]
    SLICE_X38Y36         LUT2 (Prop_lut2_I0_O)        0.124     6.337 r  attention_score_i/prod_reg[31]_i_198/O
                         net (fo=1, routed)           0.000     6.337    attention_score_i/prod_reg[31]_i_198_n_0
    SLICE_X38Y36         CARRY4 (Prop_carry4_S[0]_CO[3])
                                                      0.513     6.850 r  attention_score_i/prod_reg_reg[31]_i_161/CO[3]
                         net (fo=1, routed)           0.000     6.850    attention_score_i/prod_reg_reg[31]_i_161_n_0
    SLICE_X38Y37         CARRY4 (Prop_carry4_CI_CO[3])
                                                      0.117     6.967 r  attention_score_i/prod_reg_reg[31]_i_120/CO[3]
                         net (fo=1, routed)           0.000     6.967    attention_score_i/prod_reg_reg[31]_i_120_n_0
    SLICE_X38Y38         CARRY4 (Prop_carry4_CI_CO[3])
                                                      0.117     7.084 r  attention_score_i/prod_reg_reg[31]_i_125/CO[3]
                         net (fo=1, routed)           0.000     7.084    attention_score_i/prod_reg_reg[31]_i_125_n_0
    SLICE_X38Y39         CARRY4 (Prop_carry4_CI_CO[3])
                                                      0.117     7.201 r  attention_score_i/prod_reg_reg[31]_i_91/CO[3]
                         net (fo=1, routed)           0.000     7.201    attention_score_i/prod_reg_reg[31]_i_91_n_0
    SLICE_X38Y40         CARRY4 (Prop_carry4_CI_O[1])
                                                      0.323     7.524 r  attention_score_i/prod_reg_reg[35]_i_33/O[1]
                         net (fo=3, routed)           1.024     8.547    attention_score_i/prod_reg_reg[35]_i_33_n_6
    SLICE_X40Y39         LUT4 (Prop_lut4_I1_O)        0.306     8.853 r  attention_score_i/prod_reg[31]_i_55/O
                         net (fo=1, routed)           0.000     8.853    attention_score_i/prod_reg[31]_i_55_n_0
    SLICE_X40Y39         CARRY4 (Prop_carry4_S[3]_CO[3])
                                                      0.401     9.254 r  attention_score_i/prod_reg_reg[31]_i_26/CO[3]
                         net (fo=1, routed)           0.000     9.254    attention_score_i/prod_reg_reg[31]_i_26_n_0
    SLICE_X40Y40         CARRY4 (Prop_carry4_CI_CO[3])
                                                      0.114     9.368 r  attention_score_i/prod_reg_reg[35]_i_16/CO[3]
                         net (fo=1, routed)           0.000     9.368    attention_score_i/prod_reg_reg[35]_i_16_n_0
    SLICE_X40Y41         CARRY4 (Prop_carry4_CI_O[1])
                                                      0.334     9.702 r  attention_score_i/prod_reg_reg[39]_i_16/O[1]
                         net (fo=3, routed)           0.619    10.321    attention_score_i/prod_reg_reg[39]_i_16_n_6
    SLICE_X46Y40         LUT3 (Prop_lut3_I1_O)        0.303    10.624 r  attention_score_i/prod_reg[35]_i_14/O
                         net (fo=2, routed)           0.553    11.177    attention_score_i/prod_reg[35]_i_14_n_0
    SLICE_X46Y40         LUT5 (Prop_lut5_I1_O)        0.124    11.301 r  attention_score_i/prod_reg[35]_i_4/O
                         net (fo=2, routed)           0.484    11.785    attention_score_i/prod_reg[35]_i_4_n_0
    SLICE_X44Y40         CARRY4 (Prop_carry4_DI[1]_CO[3])
                                                      0.507    12.292 r  attention_score_i/prod_reg_reg[35]_i_1/CO[3]
                         net (fo=1, routed)           0.000    12.292    attention_score_i/prod_reg_reg[35]_i_1_n_0
    SLICE_X44Y41         CARRY4 (Prop_carry4_CI_CO[3])
                                                      0.114    12.406 r  attention_score_i/prod_reg_reg[39]_i_1/CO[3]
                         net (fo=1, routed)           0.000    12.406    attention_score_i/prod_reg_reg[39]_i_1_n_0
    SLICE_X44Y42         CARRY4 (Prop_carry4_CI_CO[3])
                                                      0.114    12.520 r  attention_score_i/prod_reg_reg[43]_i_1/CO[3]
                         net (fo=1, routed)           0.000    12.520    attention_score_i/prod_reg_reg[43]_i_1_n_0
    SLICE_X44Y43         CARRY4 (Prop_carry4_CI_CO[3])
                                                      0.114    12.634 r  attention_score_i/prod_reg_reg[47]_i_1/CO[3]
                         net (fo=1, routed)           0.000    12.634    attention_score_i/prod_reg_reg[47]_i_1_n_0
    SLICE_X44Y44         CARRY4 (Prop_carry4_CI_CO[3])
                                                      0.114    12.748 r  attention_score_i/prod_reg_reg[51]_i_1/CO[3]
                         net (fo=1, routed)           0.000    12.748    attention_score_i/prod_reg_reg[51]_i_1_n_0
    SLICE_X44Y45         CARRY4 (Prop_carry4_CI_O[1])
                                                      0.334    13.082 r  attention_score_i/prod_reg_reg[54]_i_1/O[1]
                         net (fo=1, routed)           0.000    13.082    attention_score_i/prod_reg_reg[54]_i_1_n_6
    SLICE_X44Y45         FDRE                                         r  attention_score_i/prod_reg_reg[53]/D
  -------------------------------------------------------------------    -------------------

                         (clock clk_fpga_0 rise edge)
                                                     10.000    10.000 r  
    PS7_X0Y0             PS7                          0.000    10.000 r  design_1_wrapper_i/design_1_i/processing_system7_0/inst/PS7_i/FCLKCLK[0]
                         net (fo=1, routed)           1.088    11.088    design_1_wrapper_i/design_1_i/processing_system7_0/inst/FCLK_CLK_unbuffered[0]
    BUFGCTRL_X0Y17       BUFG (Prop_bufg_I_O)         0.091    11.179 r  design_1_wrapper_i/design_1_i/processing_system7_0/inst/buffer_fclk_clk_0.FCLK_CLK_0_BUFG_replica/O
                         net (fo=112, routed)         0.133    11.312    design_1_wrapper_i/design_1_i/processing_system7_0/inst/FCLK_CLK0_repN
    BUFGCTRL_X0Y16       BUFG (Prop_bufg_I_O)         0.091    11.403 r  design_1_wrapper_i/design_1_i/processing_system7_0/inst/buffer_fclk_clk_0.FCLK_CLK_0_BUFG/O
                         net (fo=17939, routed)       1.494    12.898    attention_score_i/pl_clk0
    SLICE_X44Y45         FDRE                                         r  attention_score_i/prod_reg_reg[53]/C
                         clock pessimism              0.152    13.049    
                         clock uncertainty           -0.154    12.895    
    SLICE_X44Y45         FDRE (Setup_fdre_C_D)        0.062    12.957    attention_score_i/prod_reg_reg[53]
  -------------------------------------------------------------------
                         required time                         12.957    
                         arrival time                         -13.082    
  -------------------------------------------------------------------
                         slack                                 -0.125    

Slack (VIOLATED) :        -0.116ns  (required time - arrival time)
  Source:                 qkv_projector_i/Q_reg_reg[3,2][15]/C
                            (rising edge-triggered cell FDRE clocked by clk_fpga_0  {rise@0.000ns fall@5.000ns period=10.000ns})
  Destination:            attention_score_i/acc0_i_70_psdsp/D
                            (rising edge-triggered cell FDRE clocked by clk_fpga_0  {rise@0.000ns fall@5.000ns period=10.000ns})
  Path Group:             clk_fpga_0
  Path Type:              Setup (Max at Slow Process Corner)
  Requirement:            10.000ns  (clk_fpga_0 rise@10.000ns - clk_fpga_0 rise@0.000ns)
  Data Path Delay:        9.909ns  (logic 5.327ns (53.759%)  route 4.582ns (46.241%))
  Logic Levels:           7  (DSP48E1=1 LUT4=1 LUT6=3 MUXF7=1 MUXF8=1)
  Clock Path Skew:        -0.025ns (DCD - SCD + CPR)
    Destination Clock Delay (DCD):    3.021ns = ( 13.021 - 10.000 ) 
    Source Clock Delay      (SCD):    3.198ns
    Clock Pessimism Removal (CPR):    0.152ns
  Clock Uncertainty:      0.154ns  ((TSJ^2 + TIJ^2)^1/2 + DJ) / 2 + PE
    Total System Jitter     (TSJ):    0.071ns
    Total Input Jitter      (TIJ):    0.300ns
    Discrete Jitter          (DJ):    0.000ns
    Phase Error              (PE):    0.000ns

    Location             Delay type                Incr(ns)  Path(ns)    Netlist Resource(s)
  -------------------------------------------------------------------    -------------------
                         (clock clk_fpga_0 rise edge)
                                                      0.000     0.000 r  
    PS7_X0Y0             PS7                          0.000     0.000 r  design_1_wrapper_i/design_1_i/processing_system7_0/inst/PS7_i/FCLKCLK[0]
                         net (fo=1, routed)           1.193     1.193    design_1_wrapper_i/design_1_i/processing_system7_0/inst/FCLK_CLK_unbuffered[0]
    BUFGCTRL_X0Y17       BUFG (Prop_bufg_I_O)         0.101     1.294 r  design_1_wrapper_i/design_1_i/processing_system7_0/inst/buffer_fclk_clk_0.FCLK_CLK_0_BUFG_replica/O
                         net (fo=112, routed)         0.146     1.440    design_1_wrapper_i/design_1_i/processing_system7_0/inst/FCLK_CLK0_repN
    BUFGCTRL_X0Y16       BUFG (Prop_bufg_I_O)         0.101     1.541 r  design_1_wrapper_i/design_1_i/processing_system7_0/inst/buffer_fclk_clk_0.FCLK_CLK_0_BUFG/O
                         net (fo=17939, routed)       1.657     3.198    qkv_projector_i/pl_clk0
    SLICE_X44Y31         FDRE                                         r  qkv_projector_i/Q_reg_reg[3,2][15]/C
  -------------------------------------------------------------------    -------------------
    SLICE_X44Y31         FDRE (Prop_fdre_C_Q)         0.456     3.654 r  qkv_projector_i/Q_reg_reg[3,2][15]/Q
                         net (fo=2, routed)           1.182     4.836    qkv_projector_i/Q_mat[3,2][15]
    SLICE_X52Y28         LUT6 (Prop_lut6_I0_O)        0.124     4.960 r  qkv_projector_i/acc0_i_1661/O
                         net (fo=1, routed)           0.000     4.960    qkv_projector_i/acc0_i_1661_n_0
    SLICE_X52Y28         MUXF7 (Prop_muxf7_I0_O)      0.238     5.198 r  qkv_projector_i/acc0_i_823/O
                         net (fo=1, routed)           0.000     5.198    qkv_projector_i/acc0_i_823_n_0
    SLICE_X52Y28         MUXF8 (Prop_muxf8_I0_O)      0.104     5.302 r  qkv_projector_i/acc0_i_336/O
                         net (fo=1, routed)           1.190     6.491    qkv_projector_i/acc0_i_336_n_0
    SLICE_X81Y21         LUT6 (Prop_lut6_I1_O)        0.316     6.807 r  qkv_projector_i/acc0_i_123/O
                         net (fo=1, routed)           0.303     7.110    qkv_projector_i/acc0_i_123_n_0
    SLICE_X84Y21         LUT6 (Prop_lut6_I2_O)        0.124     7.234 r  qkv_projector_i/acc0_i_17_comp/O
                         net (fo=15, routed)          1.104     8.338    attention_score_i/A[15]
    DSP48_X3Y6           DSP48E1 (Prop_dsp48e1_A[29]_P[2])
                                                      3.841    12.179 r  attention_score_i/acc0/P[2]
                         net (fo=1, routed)           0.613    12.793    attention_score_i/acc0_n_103
    SLICE_X95Y15         LUT4 (Prop_lut4_I2_O)        0.124    12.917 r  attention_score_i/acc0_i_70/O
                         net (fo=2, routed)           0.190    13.107    attention_score_i/acc[2]
    SLICE_X94Y15         FDRE                                         r  attention_score_i/acc0_i_70_psdsp/D
  -------------------------------------------------------------------    -------------------

                         (clock clk_fpga_0 rise edge)
                                                     10.000    10.000 r  
    PS7_X0Y0             PS7                          0.000    10.000 r  design_1_wrapper_i/design_1_i/processing_system7_0/inst/PS7_i/FCLKCLK[0]
                         net (fo=1, routed)           1.088    11.088    design_1_wrapper_i/design_1_i/processing_system7_0/inst/FCLK_CLK_unbuffered[0]
    BUFGCTRL_X0Y17       BUFG (Prop_bufg_I_O)         0.091    11.179 r  design_1_wrapper_i/design_1_i/processing_system7_0/inst/buffer_fclk_clk_0.FCLK_CLK_0_BUFG_replica/O
                         net (fo=112, routed)         0.133    11.312    design_1_wrapper_i/design_1_i/processing_system7_0/inst/FCLK_CLK0_repN
    BUFGCTRL_X0Y16       BUFG (Prop_bufg_I_O)         0.091    11.403 r  design_1_wrapper_i/design_1_i/processing_system7_0/inst/buffer_fclk_clk_0.FCLK_CLK_0_BUFG/O
                         net (fo=17939, routed)       1.618    13.021    attention_score_i/pl_clk0
    SLICE_X94Y15         FDRE                                         r  attention_score_i/acc0_i_70_psdsp/C
                         clock pessimism              0.152    13.173    
                         clock uncertainty           -0.154    13.019    
    SLICE_X94Y15         FDRE (Setup_fdre_C_D)       -0.028    12.991    attention_score_i/acc0_i_70_psdsp
  -------------------------------------------------------------------
                         required time                         12.991    
                         arrival time                         -13.107    
  -------------------------------------------------------------------
                         slack                                 -0.116    

Slack (VIOLATED) :        -0.106ns  (required time - arrival time)
  Source:                 <hidden>
                            (rising edge-triggered cell FDRE clocked by clk_fpga_0  {rise@0.000ns fall@5.000ns period=10.000ns})
  Destination:            design_1_wrapper_i/design_1_i/transformer_axi_0/U0/s00_axi_inst/xmat_regs_reg[40][18]/D
                            (rising edge-triggered cell FDRE clocked by clk_fpga_0  {rise@0.000ns fall@5.000ns period=10.000ns})
  Path Group:             clk_fpga_0
  Path Type:              Setup (Max at Slow Process Corner)
  Requirement:            10.000ns  (clk_fpga_0 rise@10.000ns - clk_fpga_0 rise@0.000ns)
  Data Path Delay:        9.956ns  (logic 0.456ns (4.580%)  route 9.500ns (95.420%))
  Logic Levels:           0  
  Clock Path Skew:        0.097ns (DCD - SCD + CPR)
    Destination Clock Delay (DCD):    3.185ns = ( 13.185 - 10.000 ) 
    Source Clock Delay      (SCD):    3.240ns
    Clock Pessimism Removal (CPR):    0.152ns
  Clock Uncertainty:      0.154ns  ((TSJ^2 + TIJ^2)^1/2 + DJ) / 2 + PE
    Total System Jitter     (TSJ):    0.071ns
    Total Input Jitter      (TIJ):    0.300ns
    Discrete Jitter          (DJ):    0.000ns
    Phase Error              (PE):    0.000ns

    Location             Delay type                Incr(ns)  Path(ns)    Netlist Resource(s)
  -------------------------------------------------------------------    -------------------
                         (clock clk_fpga_0 rise edge)
                                                      0.000     0.000 r  
    PS7_X0Y0             PS7                          0.000     0.000 r  design_1_wrapper_i/design_1_i/processing_system7_0/inst/PS7_i/FCLKCLK[0]
                         net (fo=1, routed)           1.193     1.193    design_1_wrapper_i/design_1_i/processing_system7_0/inst/FCLK_CLK_unbuffered[0]
    BUFGCTRL_X0Y17       BUFG (Prop_bufg_I_O)         0.101     1.294 r  design_1_wrapper_i/design_1_i/processing_system7_0/inst/buffer_fclk_clk_0.FCLK_CLK_0_BUFG_replica/O
                         net (fo=112, routed)         0.146     1.440    design_1_wrapper_i/design_1_i/processing_system7_0/inst/FCLK_CLK0_repN
    BUFGCTRL_X0Y16       BUFG (Prop_bufg_I_O)         0.101     1.541 r  design_1_wrapper_i/design_1_i/processing_system7_0/inst/buffer_fclk_clk_0.FCLK_CLK_0_BUFG/O
                         net (fo=17939, routed)       1.699     3.240    <hidden>
    SLICE_X29Y96         FDRE                                         r  <hidden>
  -------------------------------------------------------------------    -------------------
    SLICE_X29Y96         FDRE (Prop_fdre_C_Q)         0.456     3.696 r  <hidden>
                         net (fo=255, routed)         9.500    13.196    design_1_wrapper_i/design_1_i/transformer_axi_0/U0/s00_axi_inst/s00_axi_wdata[18]
    SLICE_X97Y145        FDRE                                         r  design_1_wrapper_i/design_1_i/transformer_axi_0/U0/s00_axi_inst/xmat_regs_reg[40][18]/D
  -------------------------------------------------------------------    -------------------

                         (clock clk_fpga_0 rise edge)
                                                     10.000    10.000 r  
    PS7_X0Y0             PS7                          0.000    10.000 r  design_1_wrapper_i/design_1_i/processing_system7_0/inst/PS7_i/FCLKCLK[0]
                         net (fo=1, routed)           1.088    11.088    design_1_wrapper_i/design_1_i/processing_system7_0/inst/FCLK_CLK_unbuffered[0]
    BUFGCTRL_X0Y17       BUFG (Prop_bufg_I_O)         0.091    11.179 r  design_1_wrapper_i/design_1_i/processing_system7_0/inst/buffer_fclk_clk_0.FCLK_CLK_0_BUFG_replica/O
                         net (fo=112, routed)         0.133    11.312    design_1_wrapper_i/design_1_i/processing_system7_0/inst/FCLK_CLK0_repN
    BUFGCTRL_X0Y16       BUFG (Prop_bufg_I_O)         0.091    11.403 r  design_1_wrapper_i/design_1_i/processing_system7_0/inst/buffer_fclk_clk_0.FCLK_CLK_0_BUFG/O
                         net (fo=17939, routed)       1.782    13.185    design_1_wrapper_i/design_1_i/transformer_axi_0/U0/s00_axi_inst/s00_axi_aclk
    SLICE_X97Y145        FDRE                                         r  design_1_wrapper_i/design_1_i/transformer_axi_0/U0/s00_axi_inst/xmat_regs_reg[40][18]/C
                         clock pessimism              0.152    13.337    
                         clock uncertainty           -0.154    13.183    
    SLICE_X97Y145        FDRE (Setup_fdre_C_D)       -0.093    13.090    design_1_wrapper_i/design_1_i/transformer_axi_0/U0/s00_axi_inst/xmat_regs_reg[40][18]
  -------------------------------------------------------------------
                         required time                         13.090    
                         arrival time                         -13.196    
  -------------------------------------------------------------------
                         slack                                 -0.106    

Slack (VIOLATED) :        -0.095ns  (required time - arrival time)
  Source:                 qkv_projector_i/Q_reg_reg[3,2][15]/C
                            (rising edge-triggered cell FDRE clocked by clk_fpga_0  {rise@0.000ns fall@5.000ns period=10.000ns})
  Destination:            attention_score_i/acc0_i_49_psdsp/D
                            (rising edge-triggered cell FDRE clocked by clk_fpga_0  {rise@0.000ns fall@5.000ns period=10.000ns})
  Path Group:             clk_fpga_0
  Path Type:              Setup (Max at Slow Process Corner)
  Requirement:            10.000ns  (clk_fpga_0 rise@10.000ns - clk_fpga_0 rise@0.000ns)
  Data Path Delay:        9.887ns  (logic 5.327ns (53.880%)  route 4.560ns (46.120%))
  Logic Levels:           7  (DSP48E1=1 LUT4=1 LUT6=3 MUXF7=1 MUXF8=1)
  Clock Path Skew:        -0.026ns (DCD - SCD + CPR)
    Destination Clock Delay (DCD):    3.020ns = ( 13.021 - 10.000 ) 
    Source Clock Delay      (SCD):    3.198ns
    Clock Pessimism Removal (CPR):    0.152ns
  Clock Uncertainty:      0.154ns  ((TSJ^2 + TIJ^2)^1/2 + DJ) / 2 + PE
    Total System Jitter     (TSJ):    0.071ns
    Total Input Jitter      (TIJ):    0.300ns
    Discrete Jitter          (DJ):    0.000ns
    Phase Error              (PE):    0.000ns

    Location             Delay type                Incr(ns)  Path(ns)    Netlist Resource(s)
  -------------------------------------------------------------------    -------------------
                         (clock clk_fpga_0 rise edge)
                                                      0.000     0.000 r  
    PS7_X0Y0             PS7                          0.000     0.000 r  design_1_wrapper_i/design_1_i/processing_system7_0/inst/PS7_i/FCLKCLK[0]
                         net (fo=1, routed)           1.193     1.193    design_1_wrapper_i/design_1_i/processing_system7_0/inst/FCLK_CLK_unbuffered[0]
    BUFGCTRL_X0Y17       BUFG (Prop_bufg_I_O)         0.101     1.294 r  design_1_wrapper_i/design_1_i/processing_system7_0/inst/buffer_fclk_clk_0.FCLK_CLK_0_BUFG_replica/O
                         net (fo=112, routed)         0.146     1.440    design_1_wrapper_i/design_1_i/processing_system7_0/inst/FCLK_CLK0_repN
    BUFGCTRL_X0Y16       BUFG (Prop_bufg_I_O)         0.101     1.541 r  design_1_wrapper_i/design_1_i/processing_system7_0/inst/buffer_fclk_clk_0.FCLK_CLK_0_BUFG/O
                         net (fo=17939, routed)       1.657     3.198    qkv_projector_i/pl_clk0
    SLICE_X44Y31         FDRE                                         r  qkv_projector_i/Q_reg_reg[3,2][15]/C
  -------------------------------------------------------------------    -------------------
    SLICE_X44Y31         FDRE (Prop_fdre_C_Q)         0.456     3.654 r  qkv_projector_i/Q_reg_reg[3,2][15]/Q
                         net (fo=2, routed)           1.182     4.836    qkv_projector_i/Q_mat[3,2][15]
    SLICE_X52Y28         LUT6 (Prop_lut6_I0_O)        0.124     4.960 r  qkv_projector_i/acc0_i_1661/O
                         net (fo=1, routed)           0.000     4.960    qkv_projector_i/acc0_i_1661_n_0
    SLICE_X52Y28         MUXF7 (Prop_muxf7_I0_O)      0.238     5.198 r  qkv_projector_i/acc0_i_823/O
                         net (fo=1, routed)           0.000     5.198    qkv_projector_i/acc0_i_823_n_0
    SLICE_X52Y28         MUXF8 (Prop_muxf8_I0_O)      0.104     5.302 r  qkv_projector_i/acc0_i_336/O
                         net (fo=1, routed)           1.190     6.491    qkv_projector_i/acc0_i_336_n_0
    SLICE_X81Y21         LUT6 (Prop_lut6_I1_O)        0.316     6.807 r  qkv_projector_i/acc0_i_123/O
                         net (fo=1, routed)           0.303     7.110    qkv_projector_i/acc0_i_123_n_0
    SLICE_X84Y21         LUT6 (Prop_lut6_I2_O)        0.124     7.234 r  qkv_projector_i/acc0_i_17_comp/O
                         net (fo=15, routed)          1.104     8.338    attention_score_i/A[15]
    DSP48_X3Y6           DSP48E1 (Prop_dsp48e1_A[29]_P[23])
                                                      3.841    12.179 r  attention_score_i/acc0/P[23]
                         net (fo=1, routed)           0.591    12.771    attention_score_i/acc0_n_82
    SLICE_X93Y14         LUT4 (Prop_lut4_I2_O)        0.124    12.895 r  attention_score_i/acc0_i_49/O
                         net (fo=2, routed)           0.190    13.085    attention_score_i/acc[23]
    SLICE_X92Y14         FDRE                                         r  attention_score_i/acc0_i_49_psdsp/D
  -------------------------------------------------------------------    -------------------

                         (clock clk_fpga_0 rise edge)
                                                     10.000    10.000 r  
    PS7_X0Y0             PS7                          0.000    10.000 r  design_1_wrapper_i/design_1_i/processing_system7_0/inst/PS7_i/FCLKCLK[0]
                         net (fo=1, routed)           1.088    11.088    design_1_wrapper_i/design_1_i/processing_system7_0/inst/FCLK_CLK_unbuffered[0]
    BUFGCTRL_X0Y17       BUFG (Prop_bufg_I_O)         0.091    11.179 r  design_1_wrapper_i/design_1_i/processing_system7_0/inst/buffer_fclk_clk_0.FCLK_CLK_0_BUFG_replica/O
                         net (fo=112, routed)         0.133    11.312    design_1_wrapper_i/design_1_i/processing_system7_0/inst/FCLK_CLK0_repN
    BUFGCTRL_X0Y16       BUFG (Prop_bufg_I_O)         0.091    11.403 r  design_1_wrapper_i/design_1_i/processing_system7_0/inst/buffer_fclk_clk_0.FCLK_CLK_0_BUFG/O
                         net (fo=17939, routed)       1.617    13.021    attention_score_i/pl_clk0
    SLICE_X92Y14         FDRE                                         r  attention_score_i/acc0_i_49_psdsp/C
                         clock pessimism              0.152    13.172    
                         clock uncertainty           -0.154    13.018    
    SLICE_X92Y14         FDRE (Setup_fdre_C_D)       -0.028    12.990    attention_score_i/acc0_i_49_psdsp
  -------------------------------------------------------------------
                         required time                         12.990    
                         arrival time                         -13.085    
  -------------------------------------------------------------------
                         slack                                 -0.095    

Slack (VIOLATED) :        -0.083ns  (required time - arrival time)
  Source:                 qkv_projector_i/Q_reg_reg[3,2][15]/C
                            (rising edge-triggered cell FDRE clocked by clk_fpga_0  {rise@0.000ns fall@5.000ns period=10.000ns})
  Destination:            attention_score_i/acc0_i_37_psdsp/D
                            (rising edge-triggered cell FDRE clocked by clk_fpga_0  {rise@0.000ns fall@5.000ns period=10.000ns})
  Path Group:             clk_fpga_0
  Path Type:              Setup (Max at Slow Process Corner)
  Requirement:            10.000ns  (clk_fpga_0 rise@10.000ns - clk_fpga_0 rise@0.000ns)
  Data Path Delay:        9.887ns  (logic 5.327ns (53.880%)  route 4.560ns (46.120%))
  Logic Levels:           7  (DSP48E1=1 LUT4=1 LUT6=3 MUXF7=1 MUXF8=1)
  Clock Path Skew:        -0.029ns (DCD - SCD + CPR)
    Destination Clock Delay (DCD):    3.017ns = ( 13.017 - 10.000 ) 
    Source Clock Delay      (SCD):    3.198ns
    Clock Pessimism Removal (CPR):    0.152ns
  Clock Uncertainty:      0.154ns  ((TSJ^2 + TIJ^2)^1/2 + DJ) / 2 + PE
    Total System Jitter     (TSJ):    0.071ns
    Total Input Jitter      (TIJ):    0.300ns
    Discrete Jitter          (DJ):    0.000ns
    Phase Error              (PE):    0.000ns

    Location             Delay type                Incr(ns)  Path(ns)    Netlist Resource(s)
  -------------------------------------------------------------------    -------------------
                         (clock clk_fpga_0 rise edge)
                                                      0.000     0.000 r  
    PS7_X0Y0             PS7                          0.000     0.000 r  design_1_wrapper_i/design_1_i/processing_system7_0/inst/PS7_i/FCLKCLK[0]
                         net (fo=1, routed)           1.193     1.193    design_1_wrapper_i/design_1_i/processing_system7_0/inst/FCLK_CLK_unbuffered[0]
    BUFGCTRL_X0Y17       BUFG (Prop_bufg_I_O)         0.101     1.294 r  design_1_wrapper_i/design_1_i/processing_system7_0/inst/buffer_fclk_clk_0.FCLK_CLK_0_BUFG_replica/O
                         net (fo=112, routed)         0.146     1.440    design_1_wrapper_i/design_1_i/processing_system7_0/inst/FCLK_CLK0_repN
    BUFGCTRL_X0Y16       BUFG (Prop_bufg_I_O)         0.101     1.541 r  design_1_wrapper_i/design_1_i/processing_system7_0/inst/buffer_fclk_clk_0.FCLK_CLK_0_BUFG/O
                         net (fo=17939, routed)       1.657     3.198    qkv_projector_i/pl_clk0
    SLICE_X44Y31         FDRE                                         r  qkv_projector_i/Q_reg_reg[3,2][15]/C
  -------------------------------------------------------------------    -------------------
    SLICE_X44Y31         FDRE (Prop_fdre_C_Q)         0.456     3.654 r  qkv_projector_i/Q_reg_reg[3,2][15]/Q
                         net (fo=2, routed)           1.182     4.836    qkv_projector_i/Q_mat[3,2][15]
    SLICE_X52Y28         LUT6 (Prop_lut6_I0_O)        0.124     4.960 r  qkv_projector_i/acc0_i_1661/O
                         net (fo=1, routed)           0.000     4.960    qkv_projector_i/acc0_i_1661_n_0
    SLICE_X52Y28         MUXF7 (Prop_muxf7_I0_O)      0.238     5.198 r  qkv_projector_i/acc0_i_823/O
                         net (fo=1, routed)           0.000     5.198    qkv_projector_i/acc0_i_823_n_0
    SLICE_X52Y28         MUXF8 (Prop_muxf8_I0_O)      0.104     5.302 r  qkv_projector_i/acc0_i_336/O
                         net (fo=1, routed)           1.190     6.491    qkv_projector_i/acc0_i_336_n_0
    SLICE_X81Y21         LUT6 (Prop_lut6_I1_O)        0.316     6.807 r  qkv_projector_i/acc0_i_123/O
                         net (fo=1, routed)           0.303     7.110    qkv_projector_i/acc0_i_123_n_0
    SLICE_X84Y21         LUT6 (Prop_lut6_I2_O)        0.124     7.234 r  qkv_projector_i/acc0_i_17_comp/O
                         net (fo=15, routed)          1.104     8.338    attention_score_i/A[15]
    DSP48_X3Y6           DSP48E1 (Prop_dsp48e1_A[29]_P[35])
                                                      3.841    12.179 r  attention_score_i/acc0/P[35]
                         net (fo=1, routed)           0.591    12.771    attention_score_i/acc0_n_70
    SLICE_X93Y17         LUT4 (Prop_lut4_I2_O)        0.124    12.895 r  attention_score_i/acc0_i_37/O
                         net (fo=2, routed)           0.190    13.085    attention_score_i/acc[35]
    SLICE_X92Y17         FDRE                                         r  attention_score_i/acc0_i_37_psdsp/D
  -------------------------------------------------------------------    -------------------

                         (clock clk_fpga_0 rise edge)
                                                     10.000    10.000 r  
    PS7_X0Y0             PS7                          0.000    10.000 r  design_1_wrapper_i/design_1_i/processing_system7_0/inst/PS7_i/FCLKCLK[0]
                         net (fo=1, routed)           1.088    11.088    design_1_wrapper_i/design_1_i/processing_system7_0/inst/FCLK_CLK_unbuffered[0]
    BUFGCTRL_X0Y17       BUFG (Prop_bufg_I_O)         0.091    11.179 r  design_1_wrapper_i/design_1_i/processing_system7_0/inst/buffer_fclk_clk_0.FCLK_CLK_0_BUFG_replica/O
                         net (fo=112, routed)         0.133    11.312    design_1_wrapper_i/design_1_i/processing_system7_0/inst/FCLK_CLK0_repN
    BUFGCTRL_X0Y16       BUFG (Prop_bufg_I_O)         0.091    11.403 r  design_1_wrapper_i/design_1_i/processing_system7_0/inst/buffer_fclk_clk_0.FCLK_CLK_0_BUFG/O
                         net (fo=17939, routed)       1.614    13.017    attention_score_i/pl_clk0
    SLICE_X92Y17         FDRE                                         r  attention_score_i/acc0_i_37_psdsp/C
                         clock pessimism              0.152    13.169    
                         clock uncertainty           -0.154    13.015    
    SLICE_X92Y17         FDRE (Setup_fdre_C_D)       -0.013    13.002    attention_score_i/acc0_i_37_psdsp
  -------------------------------------------------------------------
                         required time                         13.002    
                         arrival time                         -13.085    
  -------------------------------------------------------------------
                         slack                                 -0.083    

Slack (VIOLATED) :        -0.059ns  (required time - arrival time)
  Source:                 qkv_projector_i/Q_reg_reg[3,2][15]/C
                            (rising edge-triggered cell FDRE clocked by clk_fpga_0  {rise@0.000ns fall@5.000ns period=10.000ns})
  Destination:            attention_score_i/acc_reg[1]/D
                            (rising edge-triggered cell FDRE clocked by clk_fpga_0  {rise@0.000ns fall@5.000ns period=10.000ns})
  Path Group:             clk_fpga_0
  Path Type:              Setup (Max at Slow Process Corner)
  Requirement:            10.000ns  (clk_fpga_0 rise@10.000ns - clk_fpga_0 rise@0.000ns)
  Data Path Delay:        9.912ns  (logic 5.320ns (53.674%)  route 4.592ns (46.326%))
  Logic Levels:           7  (DSP48E1=1 LUT4=1 LUT6=3 MUXF7=1 MUXF8=1)
  Clock Path Skew:        -0.026ns (DCD - SCD + CPR)
    Destination Clock Delay (DCD):    3.020ns = ( 13.021 - 10.000 ) 
    Source Clock Delay      (SCD):    3.198ns
    Clock Pessimism Removal (CPR):    0.152ns
  Clock Uncertainty:      0.154ns  ((TSJ^2 + TIJ^2)^1/2 + DJ) / 2 + PE
    Total System Jitter     (TSJ):    0.071ns
    Total Input Jitter      (TIJ):    0.300ns
    Discrete Jitter          (DJ):    0.000ns
    Phase Error              (PE):    0.000ns

    Location             Delay type                Incr(ns)  Path(ns)    Netlist Resource(s)
  -------------------------------------------------------------------    -------------------
                         (clock clk_fpga_0 rise edge)
                                                      0.000     0.000 r  
    PS7_X0Y0             PS7                          0.000     0.000 r  design_1_wrapper_i/design_1_i/processing_system7_0/inst/PS7_i/FCLKCLK[0]
                         net (fo=1, routed)           1.193     1.193    design_1_wrapper_i/design_1_i/processing_system7_0/inst/FCLK_CLK_unbuffered[0]
    BUFGCTRL_X0Y17       BUFG (Prop_bufg_I_O)         0.101     1.294 r  design_1_wrapper_i/design_1_i/processing_system7_0/inst/buffer_fclk_clk_0.FCLK_CLK_0_BUFG_replica/O
                         net (fo=112, routed)         0.146     1.440    design_1_wrapper_i/design_1_i/processing_system7_0/inst/FCLK_CLK0_repN
    BUFGCTRL_X0Y16       BUFG (Prop_bufg_I_O)         0.101     1.541 r  design_1_wrapper_i/design_1_i/processing_system7_0/inst/buffer_fclk_clk_0.FCLK_CLK_0_BUFG/O
                         net (fo=17939, routed)       1.657     3.198    qkv_projector_i/pl_clk0
    SLICE_X44Y31         FDRE                                         r  qkv_projector_i/Q_reg_reg[3,2][15]/C
  -------------------------------------------------------------------    -------------------
    SLICE_X44Y31         FDRE (Prop_fdre_C_Q)         0.456     3.654 r  qkv_projector_i/Q_reg_reg[3,2][15]/Q
                         net (fo=2, routed)           1.182     4.836    qkv_projector_i/Q_mat[3,2][15]
    SLICE_X52Y28         LUT6 (Prop_lut6_I0_O)        0.124     4.960 r  qkv_projector_i/acc0_i_1661/O
                         net (fo=1, routed)           0.000     4.960    qkv_projector_i/acc0_i_1661_n_0
    SLICE_X52Y28         MUXF7 (Prop_muxf7_I0_O)      0.238     5.198 r  qkv_projector_i/acc0_i_823/O
                         net (fo=1, routed)           0.000     5.198    qkv_projector_i/acc0_i_823_n_0
    SLICE_X52Y28         MUXF8 (Prop_muxf8_I0_O)      0.104     5.302 r  qkv_projector_i/acc0_i_336/O
                         net (fo=1, routed)           1.190     6.491    qkv_projector_i/acc0_i_336_n_0
    SLICE_X81Y21         LUT6 (Prop_lut6_I1_O)        0.316     6.807 r  qkv_projector_i/acc0_i_123/O
                         net (fo=1, routed)           0.303     7.110    qkv_projector_i/acc0_i_123_n_0
    SLICE_X84Y21         LUT6 (Prop_lut6_I2_O)        0.124     7.234 r  qkv_projector_i/acc0_i_17_comp/O
                         net (fo=15, routed)          1.104     8.338    attention_score_i/A[15]
    DSP48_X3Y6           DSP48E1 (Prop_dsp48e1_A[29]_P[1])
                                                      3.841    12.179 r  attention_score_i/acc0/P[1]
                         net (fo=1, routed)           0.813    12.993    attention_score_i/acc0_n_104
    SLICE_X95Y16         LUT4 (Prop_lut4_I2_O)        0.117    13.110 r  attention_score_i/acc0_i_71/O
                         net (fo=2, routed)           0.000    13.110    attention_score_i/acc[1]
    SLICE_X95Y16         FDRE                                         r  attention_score_i/acc_reg[1]/D
  -------------------------------------------------------------------    -------------------

                         (clock clk_fpga_0 rise edge)
                                                     10.000    10.000 r  
    PS7_X0Y0             PS7                          0.000    10.000 r  design_1_wrapper_i/design_1_i/processing_system7_0/inst/PS7_i/FCLKCLK[0]
                         net (fo=1, routed)           1.088    11.088    design_1_wrapper_i/design_1_i/processing_system7_0/inst/FCLK_CLK_unbuffered[0]
    BUFGCTRL_X0Y17       BUFG (Prop_bufg_I_O)         0.091    11.179 r  design_1_wrapper_i/design_1_i/processing_system7_0/inst/buffer_fclk_clk_0.FCLK_CLK_0_BUFG_replica/O
                         net (fo=112, routed)         0.133    11.312    design_1_wrapper_i/design_1_i/processing_system7_0/inst/FCLK_CLK0_repN
    BUFGCTRL_X0Y16       BUFG (Prop_bufg_I_O)         0.091    11.403 r  design_1_wrapper_i/design_1_i/processing_system7_0/inst/buffer_fclk_clk_0.FCLK_CLK_0_BUFG/O
                         net (fo=17939, routed)       1.617    13.021    attention_score_i/pl_clk0
    SLICE_X95Y16         FDRE                                         r  attention_score_i/acc_reg[1]/C
                         clock pessimism              0.152    13.172    
                         clock uncertainty           -0.154    13.018    
    SLICE_X95Y16         FDRE (Setup_fdre_C_D)        0.032    13.050    attention_score_i/acc_reg[1]
  -------------------------------------------------------------------
                         required time                         13.050    
                         arrival time                         -13.110    
  -------------------------------------------------------------------
                         slack                                 -0.059    

Slack (VIOLATED) :        -0.058ns  (required time - arrival time)
  Source:                 qkv_projector_i/Q_reg_reg[3,2][15]/C
                            (rising edge-triggered cell FDRE clocked by clk_fpga_0  {rise@0.000ns fall@5.000ns period=10.000ns})
  Destination:            attention_score_i/acc0_i_71_psdsp/D
                            (rising edge-triggered cell FDRE clocked by clk_fpga_0  {rise@0.000ns fall@5.000ns period=10.000ns})
  Path Group:             clk_fpga_0
  Path Type:              Setup (Max at Slow Process Corner)
  Requirement:            10.000ns  (clk_fpga_0 rise@10.000ns - clk_fpga_0 rise@0.000ns)
  Data Path Delay:        9.912ns  (logic 5.320ns (53.674%)  route 4.592ns (46.326%))
  Logic Levels:           7  (DSP48E1=1 LUT4=1 LUT6=3 MUXF7=1 MUXF8=1)
  Clock Path Skew:        -0.026ns (DCD - SCD + CPR)
    Destination Clock Delay (DCD):    3.020ns = ( 13.021 - 10.000 ) 
    Source Clock Delay      (SCD):    3.198ns
    Clock Pessimism Removal (CPR):    0.152ns
  Clock Uncertainty:      0.154ns  ((TSJ^2 + TIJ^2)^1/2 + DJ) / 2 + PE
    Total System Jitter     (TSJ):    0.071ns
    Total Input Jitter      (TIJ):    0.300ns
    Discrete Jitter          (DJ):    0.000ns
    Phase Error              (PE):    0.000ns

    Location             Delay type                Incr(ns)  Path(ns)    Netlist Resource(s)
  -------------------------------------------------------------------    -------------------
                         (clock clk_fpga_0 rise edge)
                                                      0.000     0.000 r  
    PS7_X0Y0             PS7                          0.000     0.000 r  design_1_wrapper_i/design_1_i/processing_system7_0/inst/PS7_i/FCLKCLK[0]
                         net (fo=1, routed)           1.193     1.193    design_1_wrapper_i/design_1_i/processing_system7_0/inst/FCLK_CLK_unbuffered[0]
    BUFGCTRL_X0Y17       BUFG (Prop_bufg_I_O)         0.101     1.294 r  design_1_wrapper_i/design_1_i/processing_system7_0/inst/buffer_fclk_clk_0.FCLK_CLK_0_BUFG_replica/O
                         net (fo=112, routed)         0.146     1.440    design_1_wrapper_i/design_1_i/processing_system7_0/inst/FCLK_CLK0_repN
    BUFGCTRL_X0Y16       BUFG (Prop_bufg_I_O)         0.101     1.541 r  design_1_wrapper_i/design_1_i/processing_system7_0/inst/buffer_fclk_clk_0.FCLK_CLK_0_BUFG/O
                         net (fo=17939, routed)       1.657     3.198    qkv_projector_i/pl_clk0
    SLICE_X44Y31         FDRE                                         r  qkv_projector_i/Q_reg_reg[3,2][15]/C
  -------------------------------------------------------------------    -------------------
    SLICE_X44Y31         FDRE (Prop_fdre_C_Q)         0.456     3.654 r  qkv_projector_i/Q_reg_reg[3,2][15]/Q
                         net (fo=2, routed)           1.182     4.836    qkv_projector_i/Q_mat[3,2][15]
    SLICE_X52Y28         LUT6 (Prop_lut6_I0_O)        0.124     4.960 r  qkv_projector_i/acc0_i_1661/O
                         net (fo=1, routed)           0.000     4.960    qkv_projector_i/acc0_i_1661_n_0
    SLICE_X52Y28         MUXF7 (Prop_muxf7_I0_O)      0.238     5.198 r  qkv_projector_i/acc0_i_823/O
                         net (fo=1, routed)           0.000     5.198    qkv_projector_i/acc0_i_823_n_0
    SLICE_X52Y28         MUXF8 (Prop_muxf8_I0_O)      0.104     5.302 r  qkv_projector_i/acc0_i_336/O
                         net (fo=1, routed)           1.190     6.491    qkv_projector_i/acc0_i_336_n_0
    SLICE_X81Y21         LUT6 (Prop_lut6_I1_O)        0.316     6.807 r  qkv_projector_i/acc0_i_123/O
                         net (fo=1, routed)           0.303     7.110    qkv_projector_i/acc0_i_123_n_0
    SLICE_X84Y21         LUT6 (Prop_lut6_I2_O)        0.124     7.234 r  qkv_projector_i/acc0_i_17_comp/O
                         net (fo=15, routed)          1.104     8.338    attention_score_i/A[15]
    DSP48_X3Y6           DSP48E1 (Prop_dsp48e1_A[29]_P[1])
                                                      3.841    12.179 r  attention_score_i/acc0/P[1]
                         net (fo=1, routed)           0.813    12.993    attention_score_i/acc0_n_104
    SLICE_X95Y16         LUT4 (Prop_lut4_I2_O)        0.117    13.110 r  attention_score_i/acc0_i_71/O
                         net (fo=2, routed)           0.000    13.110    attention_score_i/acc[1]
    SLICE_X95Y16         FDRE                                         r  attention_score_i/acc0_i_71_psdsp/D
  -------------------------------------------------------------------    -------------------

                         (clock clk_fpga_0 rise edge)
                                                     10.000    10.000 r  
    PS7_X0Y0             PS7                          0.000    10.000 r  design_1_wrapper_i/design_1_i/processing_system7_0/inst/PS7_i/FCLKCLK[0]
                         net (fo=1, routed)           1.088    11.088    design_1_wrapper_i/design_1_i/processing_system7_0/inst/FCLK_CLK_unbuffered[0]
    BUFGCTRL_X0Y17       BUFG (Prop_bufg_I_O)         0.091    11.179 r  design_1_wrapper_i/design_1_i/processing_system7_0/inst/buffer_fclk_clk_0.FCLK_CLK_0_BUFG_replica/O
                         net (fo=112, routed)         0.133    11.312    design_1_wrapper_i/design_1_i/processing_system7_0/inst/FCLK_CLK0_repN
    BUFGCTRL_X0Y16       BUFG (Prop_bufg_I_O)         0.091    11.403 r  design_1_wrapper_i/design_1_i/processing_system7_0/inst/buffer_fclk_clk_0.FCLK_CLK_0_BUFG/O
                         net (fo=17939, routed)       1.617    13.021    attention_score_i/pl_clk0
    SLICE_X95Y16         FDRE                                         r  attention_score_i/acc0_i_71_psdsp/C
                         clock pessimism              0.152    13.172    
                         clock uncertainty           -0.154    13.018    
    SLICE_X95Y16         FDRE (Setup_fdre_C_D)        0.033    13.051    attention_score_i/acc0_i_71_psdsp
  -------------------------------------------------------------------
                         required time                         13.051    
                         arrival time                         -13.110    
  -------------------------------------------------------------------
                         slack                                 -0.058    

Slack (VIOLATED) :        -0.058ns  (required time - arrival time)
  Source:                 qkv_projector_i/Q_reg_reg[3,2][15]/C
                            (rising edge-triggered cell FDRE clocked by clk_fpga_0  {rise@0.000ns fall@5.000ns period=10.000ns})
  Destination:            attention_score_i/acc0_i_54_psdsp/D
                            (rising edge-triggered cell FDRE clocked by clk_fpga_0  {rise@0.000ns fall@5.000ns period=10.000ns})
  Path Group:             clk_fpga_0
  Path Type:              Setup (Max at Slow Process Corner)
  Requirement:            10.000ns  (clk_fpga_0 rise@10.000ns - clk_fpga_0 rise@0.000ns)
  Data Path Delay:        9.828ns  (logic 5.327ns (54.205%)  route 4.501ns (45.795%))
  Logic Levels:           7  (DSP48E1=1 LUT4=1 LUT6=3 MUXF7=1 MUXF8=1)
  Clock Path Skew:        -0.030ns (DCD - SCD + CPR)
    Destination Clock Delay (DCD):    3.016ns = ( 13.017 - 10.000 ) 
    Source Clock Delay      (SCD):    3.198ns
    Clock Pessimism Removal (CPR):    0.152ns
  Clock Uncertainty:      0.154ns  ((TSJ^2 + TIJ^2)^1/2 + DJ) / 2 + PE
    Total System Jitter     (TSJ):    0.071ns
    Total Input Jitter      (TIJ):    0.300ns
    Discrete Jitter          (DJ):    0.000ns
    Phase Error              (PE):    0.000ns

    Location             Delay type                Incr(ns)  Path(ns)    Netlist Resource(s)
  -------------------------------------------------------------------    -------------------
                         (clock clk_fpga_0 rise edge)
                                                      0.000     0.000 r  
    PS7_X0Y0             PS7                          0.000     0.000 r  design_1_wrapper_i/design_1_i/processing_system7_0/inst/PS7_i/FCLKCLK[0]
                         net (fo=1, routed)           1.193     1.193    design_1_wrapper_i/design_1_i/processing_system7_0/inst/FCLK_CLK_unbuffered[0]
    BUFGCTRL_X0Y17       BUFG (Prop_bufg_I_O)         0.101     1.294 r  design_1_wrapper_i/design_1_i/processing_system7_0/inst/buffer_fclk_clk_0.FCLK_CLK_0_BUFG_replica/O
                         net (fo=112, routed)         0.146     1.440    design_1_wrapper_i/design_1_i/processing_system7_0/inst/FCLK_CLK0_repN
    BUFGCTRL_X0Y16       BUFG (Prop_bufg_I_O)         0.101     1.541 r  design_1_wrapper_i/design_1_i/processing_system7_0/inst/buffer_fclk_clk_0.FCLK_CLK_0_BUFG/O
                         net (fo=17939, routed)       1.657     3.198    qkv_projector_i/pl_clk0
    SLICE_X44Y31         FDRE                                         r  qkv_projector_i/Q_reg_reg[3,2][15]/C
  -------------------------------------------------------------------    -------------------
    SLICE_X44Y31         FDRE (Prop_fdre_C_Q)         0.456     3.654 r  qkv_projector_i/Q_reg_reg[3,2][15]/Q
                         net (fo=2, routed)           1.182     4.836    qkv_projector_i/Q_mat[3,2][15]
    SLICE_X52Y28         LUT6 (Prop_lut6_I0_O)        0.124     4.960 r  qkv_projector_i/acc0_i_1661/O
                         net (fo=1, routed)           0.000     4.960    qkv_projector_i/acc0_i_1661_n_0
    SLICE_X52Y28         MUXF7 (Prop_muxf7_I0_O)      0.238     5.198 r  qkv_projector_i/acc0_i_823/O
                         net (fo=1, routed)           0.000     5.198    qkv_projector_i/acc0_i_823_n_0
    SLICE_X52Y28         MUXF8 (Prop_muxf8_I0_O)      0.104     5.302 r  qkv_projector_i/acc0_i_336/O
                         net (fo=1, routed)           1.190     6.491    qkv_projector_i/acc0_i_336_n_0
    SLICE_X81Y21         LUT6 (Prop_lut6_I1_O)        0.316     6.807 r  qkv_projector_i/acc0_i_123/O
                         net (fo=1, routed)           0.303     7.110    qkv_projector_i/acc0_i_123_n_0
    SLICE_X84Y21         LUT6 (Prop_lut6_I2_O)        0.124     7.234 r  qkv_projector_i/acc0_i_17_comp/O
                         net (fo=15, routed)          1.104     8.338    attention_score_i/A[15]
    DSP48_X3Y6           DSP48E1 (Prop_dsp48e1_A[29]_P[18])
                                                      3.841    12.179 r  attention_score_i/acc0/P[18]
                         net (fo=1, routed)           0.532    12.711    attention_score_i/acc0_n_87
    SLICE_X94Y20         LUT4 (Prop_lut4_I2_O)        0.124    12.835 r  attention_score_i/acc0_i_54/O
                         net (fo=2, routed)           0.190    13.026    attention_score_i/acc[18]
    SLICE_X95Y20         FDRE                                         r  attention_score_i/acc0_i_54_psdsp/D
  -------------------------------------------------------------------    -------------------

                         (clock clk_fpga_0 rise edge)
                                                     10.000    10.000 r  
    PS7_X0Y0             PS7                          0.000    10.000 r  design_1_wrapper_i/design_1_i/processing_system7_0/inst/PS7_i/FCLKCLK[0]
                         net (fo=1, routed)           1.088    11.088    design_1_wrapper_i/design_1_i/processing_system7_0/inst/FCLK_CLK_unbuffered[0]
    BUFGCTRL_X0Y17       BUFG (Prop_bufg_I_O)         0.091    11.179 r  design_1_wrapper_i/design_1_i/processing_system7_0/inst/buffer_fclk_clk_0.FCLK_CLK_0_BUFG_replica/O
                         net (fo=112, routed)         0.133    11.312    design_1_wrapper_i/design_1_i/processing_system7_0/inst/FCLK_CLK0_repN
    BUFGCTRL_X0Y16       BUFG (Prop_bufg_I_O)         0.091    11.403 r  design_1_wrapper_i/design_1_i/processing_system7_0/inst/buffer_fclk_clk_0.FCLK_CLK_0_BUFG/O
                         net (fo=17939, routed)       1.613    13.016    attention_score_i/pl_clk0
    SLICE_X95Y20         FDRE                                         r  attention_score_i/acc0_i_54_psdsp/C
                         clock pessimism              0.152    13.168    
                         clock uncertainty           -0.154    13.014    
    SLICE_X95Y20         FDRE (Setup_fdre_C_D)       -0.047    12.967    attention_score_i/acc0_i_54_psdsp
  -------------------------------------------------------------------
                         required time                         12.967    
                         arrival time                         -13.026    
  -------------------------------------------------------------------
                         slack                                 -0.058    

Slack (VIOLATED) :        -0.056ns  (required time - arrival time)
  Source:                 qkv_projector_i/Q_reg_reg[3,2][15]/C
                            (rising edge-triggered cell FDRE clocked by clk_fpga_0  {rise@0.000ns fall@5.000ns period=10.000ns})
  Destination:            attention_score_i/acc_reg[25]/D
                            (rising edge-triggered cell FDRE clocked by clk_fpga_0  {rise@0.000ns fall@5.000ns period=10.000ns})
  Path Group:             clk_fpga_0
  Path Type:              Setup (Max at Slow Process Corner)
  Requirement:            10.000ns  (clk_fpga_0 rise@10.000ns - clk_fpga_0 rise@0.000ns)
  Data Path Delay:        9.943ns  (logic 5.353ns (53.839%)  route 4.590ns (46.161%))
  Logic Levels:           7  (DSP48E1=1 LUT4=1 LUT6=3 MUXF7=1 MUXF8=1)
  Clock Path Skew:        -0.026ns (DCD - SCD + CPR)
    Destination Clock Delay (DCD):    3.020ns = ( 13.021 - 10.000 ) 
    Source Clock Delay      (SCD):    3.198ns
    Clock Pessimism Removal (CPR):    0.152ns
  Clock Uncertainty:      0.154ns  ((TSJ^2 + TIJ^2)^1/2 + DJ) / 2 + PE
    Total System Jitter     (TSJ):    0.071ns
    Total Input Jitter      (TIJ):    0.300ns
    Discrete Jitter          (DJ):    0.000ns
    Phase Error              (PE):    0.000ns

    Location             Delay type                Incr(ns)  Path(ns)    Netlist Resource(s)
  -------------------------------------------------------------------    -------------------
                         (clock clk_fpga_0 rise edge)
                                                      0.000     0.000 r  
    PS7_X0Y0             PS7                          0.000     0.000 r  design_1_wrapper_i/design_1_i/processing_system7_0/inst/PS7_i/FCLKCLK[0]
                         net (fo=1, routed)           1.193     1.193    design_1_wrapper_i/design_1_i/processing_system7_0/inst/FCLK_CLK_unbuffered[0]
    BUFGCTRL_X0Y17       BUFG (Prop_bufg_I_O)         0.101     1.294 r  design_1_wrapper_i/design_1_i/processing_system7_0/inst/buffer_fclk_clk_0.FCLK_CLK_0_BUFG_replica/O
                         net (fo=112, routed)         0.146     1.440    design_1_wrapper_i/design_1_i/processing_system7_0/inst/FCLK_CLK0_repN
    BUFGCTRL_X0Y16       BUFG (Prop_bufg_I_O)         0.101     1.541 r  design_1_wrapper_i/design_1_i/processing_system7_0/inst/buffer_fclk_clk_0.FCLK_CLK_0_BUFG/O
                         net (fo=17939, routed)       1.657     3.198    qkv_projector_i/pl_clk0
    SLICE_X44Y31         FDRE                                         r  qkv_projector_i/Q_reg_reg[3,2][15]/C
  -------------------------------------------------------------------    -------------------
    SLICE_X44Y31         FDRE (Prop_fdre_C_Q)         0.456     3.654 r  qkv_projector_i/Q_reg_reg[3,2][15]/Q
                         net (fo=2, routed)           1.182     4.836    qkv_projector_i/Q_mat[3,2][15]
    SLICE_X52Y28         LUT6 (Prop_lut6_I0_O)        0.124     4.960 r  qkv_projector_i/acc0_i_1661/O
                         net (fo=1, routed)           0.000     4.960    qkv_projector_i/acc0_i_1661_n_0
    SLICE_X52Y28         MUXF7 (Prop_muxf7_I0_O)      0.238     5.198 r  qkv_projector_i/acc0_i_823/O
                         net (fo=1, routed)           0.000     5.198    qkv_projector_i/acc0_i_823_n_0
    SLICE_X52Y28         MUXF8 (Prop_muxf8_I0_O)      0.104     5.302 r  qkv_projector_i/acc0_i_336/O
                         net (fo=1, routed)           1.190     6.491    qkv_projector_i/acc0_i_336_n_0
    SLICE_X81Y21         LUT6 (Prop_lut6_I1_O)        0.316     6.807 r  qkv_projector_i/acc0_i_123/O
                         net (fo=1, routed)           0.303     7.110    qkv_projector_i/acc0_i_123_n_0
    SLICE_X84Y21         LUT6 (Prop_lut6_I2_O)        0.124     7.234 r  qkv_projector_i/acc0_i_17_comp/O
                         net (fo=15, routed)          1.104     8.338    attention_score_i/A[15]
    DSP48_X3Y6           DSP48E1 (Prop_dsp48e1_A[29]_P[25])
                                                      3.841    12.179 r  attention_score_i/acc0/P[25]
                         net (fo=1, routed)           0.811    12.991    attention_score_i/acc0_n_80
    SLICE_X96Y16         LUT4 (Prop_lut4_I2_O)        0.150    13.141 r  attention_score_i/acc0_i_47/O
                         net (fo=2, routed)           0.000    13.141    attention_score_i/acc[25]
    SLICE_X96Y16         FDRE                                         r  attention_score_i/acc_reg[25]/D
  -------------------------------------------------------------------    -------------------

                         (clock clk_fpga_0 rise edge)
                                                     10.000    10.000 r  
    PS7_X0Y0             PS7                          0.000    10.000 r  design_1_wrapper_i/design_1_i/processing_system7_0/inst/PS7_i/FCLKCLK[0]
                         net (fo=1, routed)           1.088    11.088    design_1_wrapper_i/design_1_i/processing_system7_0/inst/FCLK_CLK_unbuffered[0]
    BUFGCTRL_X0Y17       BUFG (Prop_bufg_I_O)         0.091    11.179 r  design_1_wrapper_i/design_1_i/processing_system7_0/inst/buffer_fclk_clk_0.FCLK_CLK_0_BUFG_replica/O
                         net (fo=112, routed)         0.133    11.312    design_1_wrapper_i/design_1_i/processing_system7_0/inst/FCLK_CLK0_repN
    BUFGCTRL_X0Y16       BUFG (Prop_bufg_I_O)         0.091    11.403 r  design_1_wrapper_i/design_1_i/processing_system7_0/inst/buffer_fclk_clk_0.FCLK_CLK_0_BUFG/O
                         net (fo=17939, routed)       1.617    13.021    attention_score_i/pl_clk0
    SLICE_X96Y16         FDRE                                         r  attention_score_i/acc_reg[25]/C
                         clock pessimism              0.152    13.172    
                         clock uncertainty           -0.154    13.018    
    SLICE_X96Y16         FDRE (Setup_fdre_C_D)        0.066    13.084    attention_score_i/acc_reg[25]
  -------------------------------------------------------------------
                         required time                         13.084    
                         arrival time                         -13.141    
  -------------------------------------------------------------------
                         slack                                 -0.056    





Min Delay Paths
--------------------------------------------------------------------------------------
Slack (MET) :             0.056ns  (arrival time - required time)
  Source:                 design_1_wrapper_i/design_1_i/rst_ps7_0_100M/U0/EXT_LPF/lpf_int_reg/C
                            (rising edge-triggered cell FDRE clocked by clk_fpga_0  {rise@0.000ns fall@5.000ns period=10.000ns})
  Destination:            design_1_wrapper_i/design_1_i/rst_ps7_0_100M/U0/SEQ/Core_reg/S
                            (rising edge-triggered cell FDSE clocked by clk_fpga_0  {rise@0.000ns fall@5.000ns period=10.000ns})
  Path Group:             clk_fpga_0
  Path Type:              Hold (Min at Fast Process Corner)
  Requirement:            0.000ns  (clk_fpga_0 rise@0.000ns - clk_fpga_0 rise@0.000ns)
  Data Path Delay:        0.323ns  (logic 0.141ns (43.664%)  route 0.182ns (56.336%))
  Logic Levels:           0  
  Clock Path Skew:        0.285ns (DCD - SCD - CPR)
    Destination Clock Delay (DCD):    1.287ns
    Source Clock Delay      (SCD):    0.966ns
    Clock Pessimism Removal (CPR):    0.036ns

    Location             Delay type                Incr(ns)  Path(ns)    Netlist Resource(s)
  -------------------------------------------------------------------    -------------------
                         (clock clk_fpga_0 rise edge)
                                                      0.000     0.000 r  
    PS7_X0Y0             PS7                          0.000     0.000 r  design_1_wrapper_i/design_1_i/processing_system7_0/inst/PS7_i/FCLKCLK[0]
                         net (fo=1, routed)           0.310     0.310    design_1_wrapper_i/design_1_i/processing_system7_0/inst/FCLK_CLK_unbuffered[0]
    BUFGCTRL_X0Y17       BUFG (Prop_bufg_I_O)         0.026     0.336 r  design_1_wrapper_i/design_1_i/processing_system7_0/inst/buffer_fclk_clk_0.FCLK_CLK_0_BUFG_replica/O
                         net (fo=112, routed)         0.030     0.366    design_1_wrapper_i/design_1_i/processing_system7_0/inst/FCLK_CLK0_repN
    BUFGCTRL_X0Y16       BUFG (Prop_bufg_I_O)         0.026     0.392 r  design_1_wrapper_i/design_1_i/processing_system7_0/inst/buffer_fclk_clk_0.FCLK_CLK_0_BUFG/O
                         net (fo=17939, routed)       0.574     0.966    design_1_wrapper_i/design_1_i/rst_ps7_0_100M/U0/EXT_LPF/slowest_sync_clk
    SLICE_X27Y50         FDRE                                         r  design_1_wrapper_i/design_1_i/rst_ps7_0_100M/U0/EXT_LPF/lpf_int_reg/C
  -------------------------------------------------------------------    -------------------
    SLICE_X27Y50         FDRE (Prop_fdre_C_Q)         0.141     1.107 r  design_1_wrapper_i/design_1_i/rst_ps7_0_100M/U0/EXT_LPF/lpf_int_reg/Q
                         net (fo=4, routed)           0.182     1.289    design_1_wrapper_i/design_1_i/rst_ps7_0_100M/U0/SEQ/lpf_int
    SLICE_X28Y49         FDSE                                         r  design_1_wrapper_i/design_1_i/rst_ps7_0_100M/U0/SEQ/Core_reg/S
  -------------------------------------------------------------------    -------------------

                         (clock clk_fpga_0 rise edge)
                                                      0.000     0.000 r  
    PS7_X0Y0             PS7                          0.000     0.000 r  design_1_wrapper_i/design_1_i/processing_system7_0/inst/PS7_i/FCLKCLK[0]
                         net (fo=1, routed)           0.337     0.337    design_1_wrapper_i/design_1_i/processing_system7_0/inst/FCLK_CLK_unbuffered[0]
    BUFGCTRL_X0Y17       BUFG (Prop_bufg_I_O)         0.029     0.366 r  design_1_wrapper_i/design_1_i/processing_system7_0/inst/buffer_fclk_clk_0.FCLK_CLK_0_BUFG_replica/O
                         net (fo=112, routed)         0.033     0.399    design_1_wrapper_i/design_1_i/processing_system7_0/inst/FCLK_CLK0_repN
    BUFGCTRL_X0Y16       BUFG (Prop_bufg_I_O)         0.029     0.428 r  design_1_wrapper_i/design_1_i/processing_system7_0/inst/buffer_fclk_clk_0.FCLK_CLK_0_BUFG/O
                         net (fo=17939, routed)       0.859     1.287    design_1_wrapper_i/design_1_i/rst_ps7_0_100M/U0/SEQ/slowest_sync_clk
    SLICE_X28Y49         FDSE                                         r  design_1_wrapper_i/design_1_i/rst_ps7_0_100M/U0/SEQ/Core_reg/C
                         clock pessimism             -0.036     1.251    
    SLICE_X28Y49         FDSE (Hold_fdse_C_S)        -0.018     1.233    design_1_wrapper_i/design_1_i/rst_ps7_0_100M/U0/SEQ/Core_reg
  -------------------------------------------------------------------
                         required time                         -1.233    
                         arrival time                           1.289    
  -------------------------------------------------------------------
                         slack                                  0.056    

Slack (MET) :             0.056ns  (arrival time - required time)
  Source:                 design_1_wrapper_i/design_1_i/rst_ps7_0_100M/U0/EXT_LPF/lpf_int_reg/C
                            (rising edge-triggered cell FDRE clocked by clk_fpga_0  {rise@0.000ns fall@5.000ns period=10.000ns})
  Destination:            design_1_wrapper_i/design_1_i/rst_ps7_0_100M/U0/SEQ/from_sys_reg/S
                            (rising edge-triggered cell FDSE clocked by clk_fpga_0  {rise@0.000ns fall@5.000ns period=10.000ns})
  Path Group:             clk_fpga_0
  Path Type:              Hold (Min at Fast Process Corner)
  Requirement:            0.000ns  (clk_fpga_0 rise@0.000ns - clk_fpga_0 rise@0.000ns)
  Data Path Delay:        0.323ns  (logic 0.141ns (43.664%)  route 0.182ns (56.336%))
  Logic Levels:           0  
  Clock Path Skew:        0.285ns (DCD - SCD - CPR)
    Destination Clock Delay (DCD):    1.287ns
    Source Clock Delay      (SCD):    0.966ns
    Clock Pessimism Removal (CPR):    0.036ns

    Location             Delay type                Incr(ns)  Path(ns)    Netlist Resource(s)
  -------------------------------------------------------------------    -------------------
                         (clock clk_fpga_0 rise edge)
                                                      0.000     0.000 r  
    PS7_X0Y0             PS7                          0.000     0.000 r  design_1_wrapper_i/design_1_i/processing_system7_0/inst/PS7_i/FCLKCLK[0]
                         net (fo=1, routed)           0.310     0.310    design_1_wrapper_i/design_1_i/processing_system7_0/inst/FCLK_CLK_unbuffered[0]
    BUFGCTRL_X0Y17       BUFG (Prop_bufg_I_O)         0.026     0.336 r  design_1_wrapper_i/design_1_i/processing_system7_0/inst/buffer_fclk_clk_0.FCLK_CLK_0_BUFG_replica/O
                         net (fo=112, routed)         0.030     0.366    design_1_wrapper_i/design_1_i/processing_system7_0/inst/FCLK_CLK0_repN
    BUFGCTRL_X0Y16       BUFG (Prop_bufg_I_O)         0.026     0.392 r  design_1_wrapper_i/design_1_i/processing_system7_0/inst/buffer_fclk_clk_0.FCLK_CLK_0_BUFG/O
                         net (fo=17939, routed)       0.574     0.966    design_1_wrapper_i/design_1_i/rst_ps7_0_100M/U0/EXT_LPF/slowest_sync_clk
    SLICE_X27Y50         FDRE                                         r  design_1_wrapper_i/design_1_i/rst_ps7_0_100M/U0/EXT_LPF/lpf_int_reg/C
  -------------------------------------------------------------------    -------------------
    SLICE_X27Y50         FDRE (Prop_fdre_C_Q)         0.141     1.107 r  design_1_wrapper_i/design_1_i/rst_ps7_0_100M/U0/EXT_LPF/lpf_int_reg/Q
                         net (fo=4, routed)           0.182     1.289    design_1_wrapper_i/design_1_i/rst_ps7_0_100M/U0/SEQ/lpf_int
    SLICE_X28Y49         FDSE                                         r  design_1_wrapper_i/design_1_i/rst_ps7_0_100M/U0/SEQ/from_sys_reg/S
  -------------------------------------------------------------------    -------------------

                         (clock clk_fpga_0 rise edge)
                                                      0.000     0.000 r  
    PS7_X0Y0             PS7                          0.000     0.000 r  design_1_wrapper_i/design_1_i/processing_system7_0/inst/PS7_i/FCLKCLK[0]
                         net (fo=1, routed)           0.337     0.337    design_1_wrapper_i/design_1_i/processing_system7_0/inst/FCLK_CLK_unbuffered[0]
    BUFGCTRL_X0Y17       BUFG (Prop_bufg_I_O)         0.029     0.366 r  design_1_wrapper_i/design_1_i/processing_system7_0/inst/buffer_fclk_clk_0.FCLK_CLK_0_BUFG_replica/O
                         net (fo=112, routed)         0.033     0.399    design_1_wrapper_i/design_1_i/processing_system7_0/inst/FCLK_CLK0_repN
    BUFGCTRL_X0Y16       BUFG (Prop_bufg_I_O)         0.029     0.428 r  design_1_wrapper_i/design_1_i/processing_system7_0/inst/buffer_fclk_clk_0.FCLK_CLK_0_BUFG/O
                         net (fo=17939, routed)       0.859     1.287    design_1_wrapper_i/design_1_i/rst_ps7_0_100M/U0/SEQ/slowest_sync_clk
    SLICE_X28Y49         FDSE                                         r  design_1_wrapper_i/design_1_i/rst_ps7_0_100M/U0/SEQ/from_sys_reg/C
                         clock pessimism             -0.036     1.251    
    SLICE_X28Y49         FDSE (Hold_fdse_C_S)        -0.018     1.233    design_1_wrapper_i/design_1_i/rst_ps7_0_100M/U0/SEQ/from_sys_reg
  -------------------------------------------------------------------
                         required time                         -1.233    
                         arrival time                           1.289    
  -------------------------------------------------------------------
                         slack                                  0.056    

Slack (MET) :             0.056ns  (arrival time - required time)
  Source:                 design_1_wrapper_i/design_1_i/rst_ps7_0_100M/U0/EXT_LPF/lpf_int_reg/C
                            (rising edge-triggered cell FDRE clocked by clk_fpga_0  {rise@0.000ns fall@5.000ns period=10.000ns})
  Destination:            design_1_wrapper_i/design_1_i/rst_ps7_0_100M/U0/SEQ/pr_reg/S
                            (rising edge-triggered cell FDSE clocked by clk_fpga_0  {rise@0.000ns fall@5.000ns period=10.000ns})
  Path Group:             clk_fpga_0
  Path Type:              Hold (Min at Fast Process Corner)
  Requirement:            0.000ns  (clk_fpga_0 rise@0.000ns - clk_fpga_0 rise@0.000ns)
  Data Path Delay:        0.323ns  (logic 0.141ns (43.664%)  route 0.182ns (56.336%))
  Logic Levels:           0  
  Clock Path Skew:        0.285ns (DCD - SCD - CPR)
    Destination Clock Delay (DCD):    1.287ns
    Source Clock Delay      (SCD):    0.966ns
    Clock Pessimism Removal (CPR):    0.036ns

    Location             Delay type                Incr(ns)  Path(ns)    Netlist Resource(s)
  -------------------------------------------------------------------    -------------------
                         (clock clk_fpga_0 rise edge)
                                                      0.000     0.000 r  
    PS7_X0Y0             PS7                          0.000     0.000 r  design_1_wrapper_i/design_1_i/processing_system7_0/inst/PS7_i/FCLKCLK[0]
                         net (fo=1, routed)           0.310     0.310    design_1_wrapper_i/design_1_i/processing_system7_0/inst/FCLK_CLK_unbuffered[0]
    BUFGCTRL_X0Y17       BUFG (Prop_bufg_I_O)         0.026     0.336 r  design_1_wrapper_i/design_1_i/processing_system7_0/inst/buffer_fclk_clk_0.FCLK_CLK_0_BUFG_replica/O
                         net (fo=112, routed)         0.030     0.366    design_1_wrapper_i/design_1_i/processing_system7_0/inst/FCLK_CLK0_repN
    BUFGCTRL_X0Y16       BUFG (Prop_bufg_I_O)         0.026     0.392 r  design_1_wrapper_i/design_1_i/processing_system7_0/inst/buffer_fclk_clk_0.FCLK_CLK_0_BUFG/O
                         net (fo=17939, routed)       0.574     0.966    design_1_wrapper_i/design_1_i/rst_ps7_0_100M/U0/EXT_LPF/slowest_sync_clk
    SLICE_X27Y50         FDRE                                         r  design_1_wrapper_i/design_1_i/rst_ps7_0_100M/U0/EXT_LPF/lpf_int_reg/C
  -------------------------------------------------------------------    -------------------
    SLICE_X27Y50         FDRE (Prop_fdre_C_Q)         0.141     1.107 r  design_1_wrapper_i/design_1_i/rst_ps7_0_100M/U0/EXT_LPF/lpf_int_reg/Q
                         net (fo=4, routed)           0.182     1.289    design_1_wrapper_i/design_1_i/rst_ps7_0_100M/U0/SEQ/lpf_int
    SLICE_X28Y49         FDSE                                         r  design_1_wrapper_i/design_1_i/rst_ps7_0_100M/U0/SEQ/pr_reg/S
  -------------------------------------------------------------------    -------------------

                         (clock clk_fpga_0 rise edge)
                                                      0.000     0.000 r  
    PS7_X0Y0             PS7                          0.000     0.000 r  design_1_wrapper_i/design_1_i/processing_system7_0/inst/PS7_i/FCLKCLK[0]
                         net (fo=1, routed)           0.337     0.337    design_1_wrapper_i/design_1_i/processing_system7_0/inst/FCLK_CLK_unbuffered[0]
    BUFGCTRL_X0Y17       BUFG (Prop_bufg_I_O)         0.029     0.366 r  design_1_wrapper_i/design_1_i/processing_system7_0/inst/buffer_fclk_clk_0.FCLK_CLK_0_BUFG_replica/O
                         net (fo=112, routed)         0.033     0.399    design_1_wrapper_i/design_1_i/processing_system7_0/inst/FCLK_CLK0_repN
    BUFGCTRL_X0Y16       BUFG (Prop_bufg_I_O)         0.029     0.428 r  design_1_wrapper_i/design_1_i/processing_system7_0/inst/buffer_fclk_clk_0.FCLK_CLK_0_BUFG/O
                         net (fo=17939, routed)       0.859     1.287    design_1_wrapper_i/design_1_i/rst_ps7_0_100M/U0/SEQ/slowest_sync_clk
    SLICE_X28Y49         FDSE                                         r  design_1_wrapper_i/design_1_i/rst_ps7_0_100M/U0/SEQ/pr_reg/C
                         clock pessimism             -0.036     1.251    
    SLICE_X28Y49         FDSE (Hold_fdse_C_S)        -0.018     1.233    design_1_wrapper_i/design_1_i/rst_ps7_0_100M/U0/SEQ/pr_reg
  -------------------------------------------------------------------
                         required time                         -1.233    
                         arrival time                           1.289    
  -------------------------------------------------------------------
                         slack                                  0.056    

Slack (MET) :             0.056ns  (arrival time - required time)
  Source:                 design_1_wrapper_i/design_1_i/rst_ps7_0_100M/U0/EXT_LPF/lpf_int_reg/C
                            (rising edge-triggered cell FDRE clocked by clk_fpga_0  {rise@0.000ns fall@5.000ns period=10.000ns})
  Destination:            design_1_wrapper_i/design_1_i/rst_ps7_0_100M/U0/SEQ/seq_clr_reg/R
                            (rising edge-triggered cell FDRE clocked by clk_fpga_0  {rise@0.000ns fall@5.000ns period=10.000ns})
  Path Group:             clk_fpga_0
  Path Type:              Hold (Min at Fast Process Corner)
  Requirement:            0.000ns  (clk_fpga_0 rise@0.000ns - clk_fpga_0 rise@0.000ns)
  Data Path Delay:        0.323ns  (logic 0.141ns (43.664%)  route 0.182ns (56.336%))
  Logic Levels:           0  
  Clock Path Skew:        0.285ns (DCD - SCD - CPR)
    Destination Clock Delay (DCD):    1.287ns
    Source Clock Delay      (SCD):    0.966ns
    Clock Pessimism Removal (CPR):    0.036ns

    Location             Delay type                Incr(ns)  Path(ns)    Netlist Resource(s)
  -------------------------------------------------------------------    -------------------
                         (clock clk_fpga_0 rise edge)
                                                      0.000     0.000 r  
    PS7_X0Y0             PS7                          0.000     0.000 r  design_1_wrapper_i/design_1_i/processing_system7_0/inst/PS7_i/FCLKCLK[0]
                         net (fo=1, routed)           0.310     0.310    design_1_wrapper_i/design_1_i/processing_system7_0/inst/FCLK_CLK_unbuffered[0]
    BUFGCTRL_X0Y17       BUFG (Prop_bufg_I_O)         0.026     0.336 r  design_1_wrapper_i/design_1_i/processing_system7_0/inst/buffer_fclk_clk_0.FCLK_CLK_0_BUFG_replica/O
                         net (fo=112, routed)         0.030     0.366    design_1_wrapper_i/design_1_i/processing_system7_0/inst/FCLK_CLK0_repN
    BUFGCTRL_X0Y16       BUFG (Prop_bufg_I_O)         0.026     0.392 r  design_1_wrapper_i/design_1_i/processing_system7_0/inst/buffer_fclk_clk_0.FCLK_CLK_0_BUFG/O
                         net (fo=17939, routed)       0.574     0.966    design_1_wrapper_i/design_1_i/rst_ps7_0_100M/U0/EXT_LPF/slowest_sync_clk
    SLICE_X27Y50         FDRE                                         r  design_1_wrapper_i/design_1_i/rst_ps7_0_100M/U0/EXT_LPF/lpf_int_reg/C
  -------------------------------------------------------------------    -------------------
    SLICE_X27Y50         FDRE (Prop_fdre_C_Q)         0.141     1.107 r  design_1_wrapper_i/design_1_i/rst_ps7_0_100M/U0/EXT_LPF/lpf_int_reg/Q
                         net (fo=4, routed)           0.182     1.289    design_1_wrapper_i/design_1_i/rst_ps7_0_100M/U0/SEQ/lpf_int
    SLICE_X28Y49         FDRE                                         r  design_1_wrapper_i/design_1_i/rst_ps7_0_100M/U0/SEQ/seq_clr_reg/R
  -------------------------------------------------------------------    -------------------

                         (clock clk_fpga_0 rise edge)
                                                      0.000     0.000 r  
    PS7_X0Y0             PS7                          0.000     0.000 r  design_1_wrapper_i/design_1_i/processing_system7_0/inst/PS7_i/FCLKCLK[0]
                         net (fo=1, routed)           0.337     0.337    design_1_wrapper_i/design_1_i/processing_system7_0/inst/FCLK_CLK_unbuffered[0]
    BUFGCTRL_X0Y17       BUFG (Prop_bufg_I_O)         0.029     0.366 r  design_1_wrapper_i/design_1_i/processing_system7_0/inst/buffer_fclk_clk_0.FCLK_CLK_0_BUFG_replica/O
                         net (fo=112, routed)         0.033     0.399    design_1_wrapper_i/design_1_i/processing_system7_0/inst/FCLK_CLK0_repN
    BUFGCTRL_X0Y16       BUFG (Prop_bufg_I_O)         0.029     0.428 r  design_1_wrapper_i/design_1_i/processing_system7_0/inst/buffer_fclk_clk_0.FCLK_CLK_0_BUFG/O
                         net (fo=17939, routed)       0.859     1.287    design_1_wrapper_i/design_1_i/rst_ps7_0_100M/U0/SEQ/slowest_sync_clk
    SLICE_X28Y49         FDRE                                         r  design_1_wrapper_i/design_1_i/rst_ps7_0_100M/U0/SEQ/seq_clr_reg/C
                         clock pessimism             -0.036     1.251    
    SLICE_X28Y49         FDRE (Hold_fdre_C_R)        -0.018     1.233    design_1_wrapper_i/design_1_i/rst_ps7_0_100M/U0/SEQ/seq_clr_reg
  -------------------------------------------------------------------
                         required time                         -1.233    
                         arrival time                           1.289    
  -------------------------------------------------------------------
                         slack                                  0.056    

Slack (MET) :             0.066ns  (arrival time - required time)
  Source:                 <hidden>
                            (rising edge-triggered cell FDRE clocked by clk_fpga_0  {rise@0.000ns fall@5.000ns period=10.000ns})
  Destination:            design_1_wrapper_i/design_1_i/transformer_axi_0/U0/s00_axi_inst/axi_awaddr_reg[10]/D
                            (rising edge-triggered cell FDRE clocked by clk_fpga_0  {rise@0.000ns fall@5.000ns period=10.000ns})
  Path Group:             clk_fpga_0
  Path Type:              Hold (Min at Fast Process Corner)
  Requirement:            0.000ns  (clk_fpga_0 rise@0.000ns - clk_fpga_0 rise@0.000ns)
  Data Path Delay:        0.484ns  (logic 0.164ns (33.893%)  route 0.320ns (66.107%))
  Logic Levels:           0  
  Clock Path Skew:        0.348ns (DCD - SCD - CPR)
    Destination Clock Delay (DCD):    1.339ns
    Source Clock Delay      (SCD):    0.950ns
    Clock Pessimism Removal (CPR):    0.041ns

    Location             Delay type                Incr(ns)  Path(ns)    Netlist Resource(s)
  -------------------------------------------------------------------    -------------------
                         (clock clk_fpga_0 rise edge)
                                                      0.000     0.000 r  
    PS7_X0Y0             PS7                          0.000     0.000 r  design_1_wrapper_i/design_1_i/processing_system7_0/inst/PS7_i/FCLKCLK[0]
                         net (fo=1, routed)           0.310     0.310    design_1_wrapper_i/design_1_i/processing_system7_0/inst/FCLK_CLK_unbuffered[0]
    BUFGCTRL_X0Y17       BUFG (Prop_bufg_I_O)         0.026     0.336 r  design_1_wrapper_i/design_1_i/processing_system7_0/inst/buffer_fclk_clk_0.FCLK_CLK_0_BUFG_replica/O
                         net (fo=112, routed)         0.030     0.366    design_1_wrapper_i/design_1_i/processing_system7_0/inst/FCLK_CLK0_repN
    BUFGCTRL_X0Y16       BUFG (Prop_bufg_I_O)         0.026     0.392 r  design_1_wrapper_i/design_1_i/processing_system7_0/inst/buffer_fclk_clk_0.FCLK_CLK_0_BUFG/O
                         net (fo=17939, routed)       0.558     0.950    <hidden>
    SLICE_X34Y93         FDRE                                         r  <hidden>
  -------------------------------------------------------------------    -------------------
    SLICE_X34Y93         FDRE (Prop_fdre_C_Q)         0.164     1.114 r  <hidden>
                         net (fo=1, routed)           0.320     1.433    design_1_wrapper_i/design_1_i/transformer_axi_0/U0/s00_axi_inst/s00_axi_awaddr[8]
    SLICE_X35Y105        FDRE                                         r  design_1_wrapper_i/design_1_i/transformer_axi_0/U0/s00_axi_inst/axi_awaddr_reg[10]/D
  -------------------------------------------------------------------    -------------------

                         (clock clk_fpga_0 rise edge)
                                                      0.000     0.000 r  
    PS7_X0Y0             PS7                          0.000     0.000 r  design_1_wrapper_i/design_1_i/processing_system7_0/inst/PS7_i/FCLKCLK[0]
                         net (fo=1, routed)           0.337     0.337    design_1_wrapper_i/design_1_i/processing_system7_0/inst/FCLK_CLK_unbuffered[0]
    BUFGCTRL_X0Y17       BUFG (Prop_bufg_I_O)         0.029     0.366 r  design_1_wrapper_i/design_1_i/processing_system7_0/inst/buffer_fclk_clk_0.FCLK_CLK_0_BUFG_replica/O
                         net (fo=112, routed)         0.033     0.399    design_1_wrapper_i/design_1_i/processing_system7_0/inst/FCLK_CLK0_repN
    BUFGCTRL_X0Y16       BUFG (Prop_bufg_I_O)         0.029     0.428 r  design_1_wrapper_i/design_1_i/processing_system7_0/inst/buffer_fclk_clk_0.FCLK_CLK_0_BUFG/O
                         net (fo=17939, routed)       0.911     1.339    design_1_wrapper_i/design_1_i/transformer_axi_0/U0/s00_axi_inst/s00_axi_aclk
    SLICE_X35Y105        FDRE                                         r  design_1_wrapper_i/design_1_i/transformer_axi_0/U0/s00_axi_inst/axi_awaddr_reg[10]/C
                         clock pessimism             -0.041     1.298    
    SLICE_X35Y105        FDRE (Hold_fdre_C_D)         0.070     1.368    design_1_wrapper_i/design_1_i/transformer_axi_0/U0/s00_axi_inst/axi_awaddr_reg[10]
  -------------------------------------------------------------------
                         required time                         -1.368    
                         arrival time                           1.433    
  -------------------------------------------------------------------
                         slack                                  0.066    

Slack (MET) :             0.088ns  (arrival time - required time)
  Source:                 <hidden>
                            (rising edge-triggered cell FDRE clocked by clk_fpga_0  {rise@0.000ns fall@5.000ns period=10.000ns})
  Destination:            design_1_wrapper_i/design_1_i/transformer_axi_0/U0/s00_axi_inst/attn_regs_reg[21][11]/D
                            (rising edge-triggered cell FDRE clocked by clk_fpga_0  {rise@0.000ns fall@5.000ns period=10.000ns})
  Path Group:             clk_fpga_0
  Path Type:              Hold (Min at Fast Process Corner)
  Requirement:            0.000ns  (clk_fpga_0 rise@0.000ns - clk_fpga_0 rise@0.000ns)
  Data Path Delay:        0.489ns  (logic 0.141ns (28.829%)  route 0.348ns (71.171%))
  Logic Levels:           0  
  Clock Path Skew:        0.331ns (DCD - SCD - CPR)
    Destination Clock Delay (DCD):    1.340ns
    Source Clock Delay      (SCD):    0.968ns
    Clock Pessimism Removal (CPR):    0.041ns

    Location             Delay type                Incr(ns)  Path(ns)    Netlist Resource(s)
  -------------------------------------------------------------------    -------------------
                         (clock clk_fpga_0 rise edge)
                                                      0.000     0.000 r  
    PS7_X0Y0             PS7                          0.000     0.000 r  design_1_wrapper_i/design_1_i/processing_system7_0/inst/PS7_i/FCLKCLK[0]
                         net (fo=1, routed)           0.310     0.310    design_1_wrapper_i/design_1_i/processing_system7_0/inst/FCLK_CLK_unbuffered[0]
    BUFGCTRL_X0Y17       BUFG (Prop_bufg_I_O)         0.026     0.336 r  design_1_wrapper_i/design_1_i/processing_system7_0/inst/buffer_fclk_clk_0.FCLK_CLK_0_BUFG_replica/O
                         net (fo=112, routed)         0.030     0.366    design_1_wrapper_i/design_1_i/processing_system7_0/inst/FCLK_CLK0_repN
    BUFGCTRL_X0Y16       BUFG (Prop_bufg_I_O)         0.026     0.392 r  design_1_wrapper_i/design_1_i/processing_system7_0/inst/buffer_fclk_clk_0.FCLK_CLK_0_BUFG/O
                         net (fo=17939, routed)       0.576     0.968    <hidden>
    SLICE_X31Y93         FDRE                                         r  <hidden>
  -------------------------------------------------------------------    -------------------
    SLICE_X31Y93         FDRE (Prop_fdre_C_Q)         0.141     1.109 r  <hidden>
                         net (fo=255, routed)         0.348     1.457    design_1_wrapper_i/design_1_i/transformer_axi_0/U0/s00_axi_inst/s00_axi_wdata[11]
    SLICE_X33Y100        FDRE                                         r  design_1_wrapper_i/design_1_i/transformer_axi_0/U0/s00_axi_inst/attn_regs_reg[21][11]/D
  -------------------------------------------------------------------    -------------------

                         (clock clk_fpga_0 rise edge)
                                                      0.000     0.000 r  
    PS7_X0Y0             PS7                          0.000     0.000 r  design_1_wrapper_i/design_1_i/processing_system7_0/inst/PS7_i/FCLKCLK[0]
                         net (fo=1, routed)           0.337     0.337    design_1_wrapper_i/design_1_i/processing_system7_0/inst/FCLK_CLK_unbuffered[0]
    BUFGCTRL_X0Y17       BUFG (Prop_bufg_I_O)         0.029     0.366 r  design_1_wrapper_i/design_1_i/processing_system7_0/inst/buffer_fclk_clk_0.FCLK_CLK_0_BUFG_replica/O
                         net (fo=112, routed)         0.033     0.399    design_1_wrapper_i/design_1_i/processing_system7_0/inst/FCLK_CLK0_repN
    BUFGCTRL_X0Y16       BUFG (Prop_bufg_I_O)         0.029     0.428 r  design_1_wrapper_i/design_1_i/processing_system7_0/inst/buffer_fclk_clk_0.FCLK_CLK_0_BUFG/O
                         net (fo=17939, routed)       0.912     1.340    design_1_wrapper_i/design_1_i/transformer_axi_0/U0/s00_axi_inst/s00_axi_aclk
    SLICE_X33Y100        FDRE                                         r  design_1_wrapper_i/design_1_i/transformer_axi_0/U0/s00_axi_inst/attn_regs_reg[21][11]/C
                         clock pessimism             -0.041     1.299    
    SLICE_X33Y100        FDRE (Hold_fdre_C_D)         0.070     1.369    design_1_wrapper_i/design_1_i/transformer_axi_0/U0/s00_axi_inst/attn_regs_reg[21][11]
  -------------------------------------------------------------------
                         required time                         -1.369    
                         arrival time                           1.457    
  -------------------------------------------------------------------
                         slack                                  0.088    

Slack (MET) :             0.090ns  (arrival time - required time)
  Source:                 <hidden>
                            (rising edge-triggered cell FDRE clocked by clk_fpga_0  {rise@0.000ns fall@5.000ns period=10.000ns})
  Destination:            design_1_wrapper_i/design_1_i/transformer_axi_0/U0/s00_axi_inst/axi_awaddr_reg[8]/D
                            (rising edge-triggered cell FDRE clocked by clk_fpga_0  {rise@0.000ns fall@5.000ns period=10.000ns})
  Path Group:             clk_fpga_0
  Path Type:              Hold (Min at Fast Process Corner)
  Requirement:            0.000ns  (clk_fpga_0 rise@0.000ns - clk_fpga_0 rise@0.000ns)
  Data Path Delay:        0.506ns  (logic 0.164ns (32.440%)  route 0.342ns (67.560%))
  Logic Levels:           0  
  Clock Path Skew:        0.349ns (DCD - SCD - CPR)
    Destination Clock Delay (DCD):    1.339ns
    Source Clock Delay      (SCD):    0.949ns
    Clock Pessimism Removal (CPR):    0.041ns

    Location             Delay type                Incr(ns)  Path(ns)    Netlist Resource(s)
  -------------------------------------------------------------------    -------------------
                         (clock clk_fpga_0 rise edge)
                                                      0.000     0.000 r  
    PS7_X0Y0             PS7                          0.000     0.000 r  design_1_wrapper_i/design_1_i/processing_system7_0/inst/PS7_i/FCLKCLK[0]
                         net (fo=1, routed)           0.310     0.310    design_1_wrapper_i/design_1_i/processing_system7_0/inst/FCLK_CLK_unbuffered[0]
    BUFGCTRL_X0Y17       BUFG (Prop_bufg_I_O)         0.026     0.336 r  design_1_wrapper_i/design_1_i/processing_system7_0/inst/buffer_fclk_clk_0.FCLK_CLK_0_BUFG_replica/O
                         net (fo=112, routed)         0.030     0.366    design_1_wrapper_i/design_1_i/processing_system7_0/inst/FCLK_CLK0_repN
    BUFGCTRL_X0Y16       BUFG (Prop_bufg_I_O)         0.026     0.392 r  design_1_wrapper_i/design_1_i/processing_system7_0/inst/buffer_fclk_clk_0.FCLK_CLK_0_BUFG/O
                         net (fo=17939, routed)       0.557     0.949    <hidden>
    SLICE_X34Y92         FDRE                                         r  <hidden>
  -------------------------------------------------------------------    -------------------
    SLICE_X34Y92         FDRE (Prop_fdre_C_Q)         0.164     1.113 r  <hidden>
                         net (fo=1, routed)           0.342     1.454    design_1_wrapper_i/design_1_i/transformer_axi_0/U0/s00_axi_inst/s00_axi_awaddr[6]
    SLICE_X35Y105        FDRE                                         r  design_1_wrapper_i/design_1_i/transformer_axi_0/U0/s00_axi_inst/axi_awaddr_reg[8]/D
  -------------------------------------------------------------------    -------------------

                         (clock clk_fpga_0 rise edge)
                                                      0.000     0.000 r  
    PS7_X0Y0             PS7                          0.000     0.000 r  design_1_wrapper_i/design_1_i/processing_system7_0/inst/PS7_i/FCLKCLK[0]
                         net (fo=1, routed)           0.337     0.337    design_1_wrapper_i/design_1_i/processing_system7_0/inst/FCLK_CLK_unbuffered[0]
    BUFGCTRL_X0Y17       BUFG (Prop_bufg_I_O)         0.029     0.366 r  design_1_wrapper_i/design_1_i/processing_system7_0/inst/buffer_fclk_clk_0.FCLK_CLK_0_BUFG_replica/O
                         net (fo=112, routed)         0.033     0.399    design_1_wrapper_i/design_1_i/processing_system7_0/inst/FCLK_CLK0_repN
    BUFGCTRL_X0Y16       BUFG (Prop_bufg_I_O)         0.029     0.428 r  design_1_wrapper_i/design_1_i/processing_system7_0/inst/buffer_fclk_clk_0.FCLK_CLK_0_BUFG/O
                         net (fo=17939, routed)       0.911     1.339    design_1_wrapper_i/design_1_i/transformer_axi_0/U0/s00_axi_inst/s00_axi_aclk
    SLICE_X35Y105        FDRE                                         r  design_1_wrapper_i/design_1_i/transformer_axi_0/U0/s00_axi_inst/axi_awaddr_reg[8]/C
                         clock pessimism             -0.041     1.298    
    SLICE_X35Y105        FDRE (Hold_fdre_C_D)         0.066     1.364    design_1_wrapper_i/design_1_i/transformer_axi_0/U0/s00_axi_inst/axi_awaddr_reg[8]
  -------------------------------------------------------------------
                         required time                         -1.364    
                         arrival time                           1.454    
  -------------------------------------------------------------------
                         slack                                  0.090    

Slack (MET) :             0.095ns  (arrival time - required time)
  Source:                 design_1_wrapper_i/design_1_i/transformer_axi_0/U0/s00_axi_inst/slv_reg1_reg[14]/C
                            (rising edge-triggered cell FDRE clocked by clk_fpga_0  {rise@0.000ns fall@5.000ns period=10.000ns})
  Destination:            <hidden>
                            (rising edge-triggered cell FDRE clocked by clk_fpga_0  {rise@0.000ns fall@5.000ns period=10.000ns})
  Path Group:             clk_fpga_0
  Path Type:              Hold (Min at Fast Process Corner)
  Requirement:            0.000ns  (clk_fpga_0 rise@0.000ns - clk_fpga_0 rise@0.000ns)
  Data Path Delay:        0.550ns  (logic 0.298ns (54.166%)  route 0.252ns (45.834%))
  Logic Levels:           2  (LUT2=1 MUXF7=1)
  Clock Path Skew:        0.350ns (DCD - SCD - CPR)
    Destination Clock Delay (DCD):    1.339ns
    Source Clock Delay      (SCD):    0.948ns
    Clock Pessimism Removal (CPR):    0.041ns

    Location             Delay type                Incr(ns)  Path(ns)    Netlist Resource(s)
  -------------------------------------------------------------------    -------------------
                         (clock clk_fpga_0 rise edge)
                                                      0.000     0.000 r  
    PS7_X0Y0             PS7                          0.000     0.000 r  design_1_wrapper_i/design_1_i/processing_system7_0/inst/PS7_i/FCLKCLK[0]
                         net (fo=1, routed)           0.310     0.310    design_1_wrapper_i/design_1_i/processing_system7_0/inst/FCLK_CLK_unbuffered[0]
    BUFGCTRL_X0Y17       BUFG (Prop_bufg_I_O)         0.026     0.336 r  design_1_wrapper_i/design_1_i/processing_system7_0/inst/buffer_fclk_clk_0.FCLK_CLK_0_BUFG_replica/O
                         net (fo=112, routed)         0.030     0.366    design_1_wrapper_i/design_1_i/processing_system7_0/inst/FCLK_CLK0_repN
    BUFGCTRL_X0Y16       BUFG (Prop_bufg_I_O)         0.026     0.392 r  design_1_wrapper_i/design_1_i/processing_system7_0/inst/buffer_fclk_clk_0.FCLK_CLK_0_BUFG/O
                         net (fo=17939, routed)       0.556     0.948    design_1_wrapper_i/design_1_i/transformer_axi_0/U0/s00_axi_inst/s00_axi_aclk
    SLICE_X49Y99         FDRE                                         r  design_1_wrapper_i/design_1_i/transformer_axi_0/U0/s00_axi_inst/slv_reg1_reg[14]/C
  -------------------------------------------------------------------    -------------------
    SLICE_X49Y99         FDRE (Prop_fdre_C_Q)         0.128     1.076 r  design_1_wrapper_i/design_1_i/transformer_axi_0/U0/s00_axi_inst/slv_reg1_reg[14]/Q
                         net (fo=1, routed)           0.252     1.328    design_1_wrapper_i/design_1_i/transformer_axi_0/U0/s00_axi_inst/slv_reg1_reg_n_0_[14]
    SLICE_X48Y100        LUT2 (Prop_lut2_I1_O)        0.099     1.427 r  design_1_wrapper_i/design_1_i/transformer_axi_0/U0/s00_axi_inst/s00_axi_rdata[14]_INST_0_i_1/O
                         net (fo=1, routed)           0.000     1.427    design_1_wrapper_i/design_1_i/transformer_axi_0/U0/s00_axi_inst/s00_axi_rdata[14]_INST_0_i_1_n_0
    SLICE_X48Y100        MUXF7 (Prop_muxf7_I0_O)      0.071     1.498 r  design_1_wrapper_i/design_1_i/transformer_axi_0/U0/s00_axi_inst/s00_axi_rdata[14]_INST_0/O
                         net (fo=1, routed)           0.000     1.498    <hidden>
    SLICE_X48Y100        FDRE                                         r  <hidden>
  -------------------------------------------------------------------    -------------------

                         (clock clk_fpga_0 rise edge)
                                                      0.000     0.000 r  
    PS7_X0Y0             PS7                          0.000     0.000 r  design_1_wrapper_i/design_1_i/processing_system7_0/inst/PS7_i/FCLKCLK[0]
                         net (fo=1, routed)           0.337     0.337    design_1_wrapper_i/design_1_i/processing_system7_0/inst/FCLK_CLK_unbuffered[0]
    BUFGCTRL_X0Y17       BUFG (Prop_bufg_I_O)         0.029     0.366 r  design_1_wrapper_i/design_1_i/processing_system7_0/inst/buffer_fclk_clk_0.FCLK_CLK_0_BUFG_replica/O
                         net (fo=112, routed)         0.033     0.399    design_1_wrapper_i/design_1_i/processing_system7_0/inst/FCLK_CLK0_repN
    BUFGCTRL_X0Y16       BUFG (Prop_bufg_I_O)         0.029     0.428 r  design_1_wrapper_i/design_1_i/processing_system7_0/inst/buffer_fclk_clk_0.FCLK_CLK_0_BUFG/O
                         net (fo=17939, routed)       0.911     1.339    <hidden>
    SLICE_X48Y100        FDRE                                         r  <hidden>
                         clock pessimism             -0.041     1.298    
    SLICE_X48Y100        FDRE (Hold_fdre_C_D)         0.105     1.403    <hidden>
  -------------------------------------------------------------------
                         required time                         -1.403    
                         arrival time                           1.498    
  -------------------------------------------------------------------
                         slack                                  0.095    

Slack (MET) :             0.122ns  (arrival time - required time)
  Source:                 design_1_wrapper_i/design_1_i/axi_smc/inst/clk_map/psr_aclk/U0/EXT_LPF/ACTIVE_LOW_AUX.ACT_LO_AUX/GENERATE_LEVEL_P_S_CDC.SINGLE_BIT.CROSS_PLEVEL_IN2SCNDRY_IN_cdc_to/C
                            (rising edge-triggered cell FDRE clocked by clk_fpga_0  {rise@0.000ns fall@5.000ns period=10.000ns})
  Destination:            design_1_wrapper_i/design_1_i/axi_smc/inst/clk_map/psr_aclk/U0/EXT_LPF/ACTIVE_LOW_AUX.ACT_LO_AUX/GENERATE_LEVEL_P_S_CDC.SINGLE_BIT.CROSS_PLEVEL_IN2SCNDRY_s_level_out_d2/D
                            (rising edge-triggered cell FDRE clocked by clk_fpga_0  {rise@0.000ns fall@5.000ns period=10.000ns})
  Path Group:             clk_fpga_0
  Path Type:              Hold (Min at Fast Process Corner)
  Requirement:            0.000ns  (clk_fpga_0 rise@0.000ns - clk_fpga_0 rise@0.000ns)
  Data Path Delay:        0.197ns  (logic 0.141ns (71.611%)  route 0.056ns (28.389%))
  Logic Levels:           0  
  Clock Path Skew:        0.000ns (DCD - SCD - CPR)
    Destination Clock Delay (DCD):    1.246ns
    Source Clock Delay      (SCD):    0.944ns
    Clock Pessimism Removal (CPR):    0.302ns

    Location             Delay type                Incr(ns)  Path(ns)    Netlist Resource(s)
  -------------------------------------------------------------------    -------------------
                         (clock clk_fpga_0 rise edge)
                                                      0.000     0.000 r  
    PS7_X0Y0             PS7                          0.000     0.000 r  design_1_wrapper_i/design_1_i/processing_system7_0/inst/PS7_i/FCLKCLK[0]
                         net (fo=1, routed)           0.310     0.310    design_1_wrapper_i/design_1_i/processing_system7_0/inst/FCLK_CLK_unbuffered[0]
    BUFGCTRL_X0Y17       BUFG (Prop_bufg_I_O)         0.026     0.336 r  design_1_wrapper_i/design_1_i/processing_system7_0/inst/buffer_fclk_clk_0.FCLK_CLK_0_BUFG_replica/O
                         net (fo=112, routed)         0.030     0.366    design_1_wrapper_i/design_1_i/processing_system7_0/inst/FCLK_CLK0_repN
    BUFGCTRL_X0Y16       BUFG (Prop_bufg_I_O)         0.026     0.392 r  design_1_wrapper_i/design_1_i/processing_system7_0/inst/buffer_fclk_clk_0.FCLK_CLK_0_BUFG/O
                         net (fo=17939, routed)       0.552     0.944    design_1_wrapper_i/design_1_i/axi_smc/inst/clk_map/psr_aclk/U0/EXT_LPF/ACTIVE_LOW_AUX.ACT_LO_AUX/aclk
    SLICE_X39Y84         FDRE                                         r  design_1_wrapper_i/design_1_i/axi_smc/inst/clk_map/psr_aclk/U0/EXT_LPF/ACTIVE_LOW_AUX.ACT_LO_AUX/GENERATE_LEVEL_P_S_CDC.SINGLE_BIT.CROSS_PLEVEL_IN2SCNDRY_IN_cdc_to/C
  -------------------------------------------------------------------    -------------------
    SLICE_X39Y84         FDRE (Prop_fdre_C_Q)         0.141     1.085 r  design_1_wrapper_i/design_1_i/axi_smc/inst/clk_map/psr_aclk/U0/EXT_LPF/ACTIVE_LOW_AUX.ACT_LO_AUX/GENERATE_LEVEL_P_S_CDC.SINGLE_BIT.CROSS_PLEVEL_IN2SCNDRY_IN_cdc_to/Q
                         net (fo=1, routed)           0.056     1.140    design_1_wrapper_i/design_1_i/axi_smc/inst/clk_map/psr_aclk/U0/EXT_LPF/ACTIVE_LOW_AUX.ACT_LO_AUX/Q
    SLICE_X39Y84         FDRE                                         r  design_1_wrapper_i/design_1_i/axi_smc/inst/clk_map/psr_aclk/U0/EXT_LPF/ACTIVE_LOW_AUX.ACT_LO_AUX/GENERATE_LEVEL_P_S_CDC.SINGLE_BIT.CROSS_PLEVEL_IN2SCNDRY_s_level_out_d2/D
  -------------------------------------------------------------------    -------------------

                         (clock clk_fpga_0 rise edge)
                                                      0.000     0.000 r  
    PS7_X0Y0             PS7                          0.000     0.000 r  design_1_wrapper_i/design_1_i/processing_system7_0/inst/PS7_i/FCLKCLK[0]
                         net (fo=1, routed)           0.337     0.337    design_1_wrapper_i/design_1_i/processing_system7_0/inst/FCLK_CLK_unbuffered[0]
    BUFGCTRL_X0Y17       BUFG (Prop_bufg_I_O)         0.029     0.366 r  design_1_wrapper_i/design_1_i/processing_system7_0/inst/buffer_fclk_clk_0.FCLK_CLK_0_BUFG_replica/O
                         net (fo=112, routed)         0.033     0.399    design_1_wrapper_i/design_1_i/processing_system7_0/inst/FCLK_CLK0_repN
    BUFGCTRL_X0Y16       BUFG (Prop_bufg_I_O)         0.029     0.428 r  design_1_wrapper_i/design_1_i/processing_system7_0/inst/buffer_fclk_clk_0.FCLK_CLK_0_BUFG/O
                         net (fo=17939, routed)       0.818     1.246    design_1_wrapper_i/design_1_i/axi_smc/inst/clk_map/psr_aclk/U0/EXT_LPF/ACTIVE_LOW_AUX.ACT_LO_AUX/aclk
    SLICE_X39Y84         FDRE                                         r  design_1_wrapper_i/design_1_i/axi_smc/inst/clk_map/psr_aclk/U0/EXT_LPF/ACTIVE_LOW_AUX.ACT_LO_AUX/GENERATE_LEVEL_P_S_CDC.SINGLE_BIT.CROSS_PLEVEL_IN2SCNDRY_s_level_out_d2/C
                         clock pessimism             -0.302     0.944    
    SLICE_X39Y84         FDRE (Hold_fdre_C_D)         0.075     1.019    design_1_wrapper_i/design_1_i/axi_smc/inst/clk_map/psr_aclk/U0/EXT_LPF/ACTIVE_LOW_AUX.ACT_LO_AUX/GENERATE_LEVEL_P_S_CDC.SINGLE_BIT.CROSS_PLEVEL_IN2SCNDRY_s_level_out_d2
  -------------------------------------------------------------------
                         required time                         -1.019    
                         arrival time                           1.140    
  -------------------------------------------------------------------
                         slack                                  0.122    

Slack (MET) :             0.122ns  (arrival time - required time)
  Source:                 <hidden>
                            (rising edge-triggered cell FDCE clocked by clk_fpga_0  {rise@0.000ns fall@5.000ns period=10.000ns})
  Destination:            <hidden>
                            (rising edge-triggered cell FDCE clocked by clk_fpga_0  {rise@0.000ns fall@5.000ns period=10.000ns})
  Path Group:             clk_fpga_0
  Path Type:              Hold (Min at Fast Process Corner)
  Requirement:            0.000ns  (clk_fpga_0 rise@0.000ns - clk_fpga_0 rise@0.000ns)
  Data Path Delay:        0.197ns  (logic 0.141ns (71.611%)  route 0.056ns (28.389%))
  Logic Levels:           0  
  Clock Path Skew:        0.000ns (DCD - SCD - CPR)
    Destination Clock Delay (DCD):    1.248ns
    Source Clock Delay      (SCD):    0.946ns
    Clock Pessimism Removal (CPR):    0.302ns

    Location             Delay type                Incr(ns)  Path(ns)    Netlist Resource(s)
  -------------------------------------------------------------------    -------------------
                         (clock clk_fpga_0 rise edge)
                                                      0.000     0.000 r  
    PS7_X0Y0             PS7                          0.000     0.000 r  design_1_wrapper_i/design_1_i/processing_system7_0/inst/PS7_i/FCLKCLK[0]
                         net (fo=1, routed)           0.310     0.310    design_1_wrapper_i/design_1_i/processing_system7_0/inst/FCLK_CLK_unbuffered[0]
    BUFGCTRL_X0Y17       BUFG (Prop_bufg_I_O)         0.026     0.336 r  design_1_wrapper_i/design_1_i/processing_system7_0/inst/buffer_fclk_clk_0.FCLK_CLK_0_BUFG_replica/O
                         net (fo=112, routed)         0.030     0.366    design_1_wrapper_i/design_1_i/processing_system7_0/inst/FCLK_CLK0_repN
    BUFGCTRL_X0Y16       BUFG (Prop_bufg_I_O)         0.026     0.392 r  design_1_wrapper_i/design_1_i/processing_system7_0/inst/buffer_fclk_clk_0.FCLK_CLK_0_BUFG/O
                         net (fo=17939, routed)       0.554     0.946    <hidden>
    SLICE_X33Y85         FDCE                                         r  <hidden>
  -------------------------------------------------------------------    -------------------
    SLICE_X33Y85         FDCE (Prop_fdce_C_Q)         0.141     1.087 r  <hidden>
                         net (fo=1, routed)           0.056     1.142    <hidden>
    SLICE_X33Y85         FDCE                                         r  <hidden>
  -------------------------------------------------------------------    -------------------

                         (clock clk_fpga_0 rise edge)
                                                      0.000     0.000 r  
    PS7_X0Y0             PS7                          0.000     0.000 r  design_1_wrapper_i/design_1_i/processing_system7_0/inst/PS7_i/FCLKCLK[0]
                         net (fo=1, routed)           0.337     0.337    design_1_wrapper_i/design_1_i/processing_system7_0/inst/FCLK_CLK_unbuffered[0]
    BUFGCTRL_X0Y17       BUFG (Prop_bufg_I_O)         0.029     0.366 r  design_1_wrapper_i/design_1_i/processing_system7_0/inst/buffer_fclk_clk_0.FCLK_CLK_0_BUFG_replica/O
                         net (fo=112, routed)         0.033     0.399    design_1_wrapper_i/design_1_i/processing_system7_0/inst/FCLK_CLK0_repN
    BUFGCTRL_X0Y16       BUFG (Prop_bufg_I_O)         0.029     0.428 r  design_1_wrapper_i/design_1_i/processing_system7_0/inst/buffer_fclk_clk_0.FCLK_CLK_0_BUFG/O
                         net (fo=17939, routed)       0.820     1.248    <hidden>
    SLICE_X33Y85         FDCE                                         r  <hidden>
                         clock pessimism             -0.302     0.946    
    SLICE_X33Y85         FDCE (Hold_fdce_C_D)         0.075     1.021    <hidden>
  -------------------------------------------------------------------
                         required time                         -1.021    
                         arrival time                           1.142    
  -------------------------------------------------------------------
                         slack                                  0.122    





Pulse Width Checks
--------------------------------------------------------------------------------------
Clock Name:         clk_fpga_0
Waveform(ns):       { 0.000 5.000 }
Period(ns):         10.000
Sources:            { design_1_wrapper_i/design_1_i/processing_system7_0/inst/PS7_i/FCLKCLK[0] }

Check Type        Corner  Lib Pin             Reference Pin  Required(ns)  Actual(ns)  Slack(ns)  Location        Pin
Min Period        n/a     RAMB18E1/CLKARDCLK  n/a            2.944         10.000      7.056      RAMB18_X3Y1     qkv_projector_i/X_reg_reg/CLKARDCLK
Min Period        n/a     RAMB18E1/CLKBWRCLK  n/a            2.576         10.000      7.424      RAMB18_X3Y1     qkv_projector_i/X_reg_reg/CLKBWRCLK
Min Period        n/a     RAMB18E1/CLKARDCLK  n/a            2.576         10.000      7.424      RAMB18_X2Y2     qkv_projector_i/xpm_Wk/xpm_memory_base_inst/gen_rd_a.gen_rd_a_synth_template.gen_rf_narrow_reg.douta_reg_reg/CLKARDCLK
Min Period        n/a     RAMB18E1/CLKARDCLK  n/a            2.576         10.000      7.424      RAMB18_X2Y0     qkv_projector_i/xpm_Wq/xpm_memory_base_inst/gen_rd_a.gen_rd_a_synth_template.gen_rf_narrow_reg.douta_reg_reg/CLKARDCLK
Min Period        n/a     BUFG/I              n/a            2.155         10.000      7.845      BUFGCTRL_X0Y16  design_1_wrapper_i/design_1_i/processing_system7_0/inst/buffer_fclk_clk_0.FCLK_CLK_0_BUFG/I
Min Period        n/a     BUFG/I              n/a            2.155         10.000      7.845      BUFGCTRL_X0Y17  design_1_wrapper_i/design_1_i/processing_system7_0/inst/buffer_fclk_clk_0.FCLK_CLK_0_BUFG_replica/I
Min Period        n/a     FDRE/C              n/a            1.000         10.000      9.000      SLICE_X46Y84    attn_done_lat_reg/C
Min Period        n/a     FDRE/C              n/a            1.000         10.000      9.000      SLICE_X46Y83    attn_out_done_lat_reg/C
Min Period        n/a     FDRE/C              n/a            1.000         10.000      9.000      SLICE_X46Y84    attn_out_start_reg/C
Min Period        n/a     FDRE/C              n/a            1.000         10.000      9.000      SLICE_X47Y84    attn_start_reg/C
Low Pulse Width   Slow    SRL16E/CLK          n/a            0.980         5.000       4.020      SLICE_X38Y84    design_1_wrapper_i/design_1_i/axi_smc/inst/clk_map/psr_aclk/U0/EXT_LPF/POR_SRL_I/CLK
Low Pulse Width   Fast    SRL16E/CLK          n/a            0.980         5.000       4.020      SLICE_X38Y84    design_1_wrapper_i/design_1_i/axi_smc/inst/clk_map/psr_aclk/U0/EXT_LPF/POR_SRL_I/CLK
Low Pulse Width   Slow    SRL16E/CLK          n/a            0.980         5.000       4.020      SLICE_X26Y50    design_1_wrapper_i/design_1_i/rst_ps7_0_100M/U0/EXT_LPF/POR_SRL_I/CLK
Low Pulse Width   Fast    SRL16E/CLK          n/a            0.980         5.000       4.020      SLICE_X26Y50    design_1_wrapper_i/design_1_i/rst_ps7_0_100M/U0/EXT_LPF/POR_SRL_I/CLK
Low Pulse Width   Slow    FDRE/C              n/a            0.500         5.000       4.500      SLICE_X46Y84    attn_done_lat_reg/C
Low Pulse Width   Fast    FDRE/C              n/a            0.500         5.000       4.500      SLICE_X46Y84    attn_done_lat_reg/C
Low Pulse Width   Slow    FDRE/C              n/a            0.500         5.000       4.500      SLICE_X46Y83    attn_out_done_lat_reg/C
Low Pulse Width   Fast    FDRE/C              n/a            0.500         5.000       4.500      SLICE_X46Y83    attn_out_done_lat_reg/C
Low Pulse Width   Slow    FDRE/C              n/a            0.500         5.000       4.500      SLICE_X46Y84    attn_out_start_reg/C
Low Pulse Width   Fast    FDRE/C              n/a            0.500         5.000       4.500      SLICE_X46Y84    attn_out_start_reg/C
High Pulse Width  Slow    SRL16E/CLK          n/a            0.980         5.000       4.020      SLICE_X38Y84    design_1_wrapper_i/design_1_i/axi_smc/inst/clk_map/psr_aclk/U0/EXT_LPF/POR_SRL_I/CLK
High Pulse Width  Fast    SRL16E/CLK          n/a            0.980         5.000       4.020      SLICE_X38Y84    design_1_wrapper_i/design_1_i/axi_smc/inst/clk_map/psr_aclk/U0/EXT_LPF/POR_SRL_I/CLK
High Pulse Width  Slow    SRL16E/CLK          n/a            0.980         5.000       4.020      SLICE_X26Y50    design_1_wrapper_i/design_1_i/rst_ps7_0_100M/U0/EXT_LPF/POR_SRL_I/CLK
High Pulse Width  Fast    SRL16E/CLK          n/a            0.980         5.000       4.020      SLICE_X26Y50    design_1_wrapper_i/design_1_i/rst_ps7_0_100M/U0/EXT_LPF/POR_SRL_I/CLK
High Pulse Width  Slow    FDRE/C              n/a            0.500         5.000       4.500      SLICE_X46Y84    attn_done_lat_reg/C
High Pulse Width  Fast    FDRE/C              n/a            0.500         5.000       4.500      SLICE_X46Y84    attn_done_lat_reg/C
High Pulse Width  Slow    FDRE/C              n/a            0.500         5.000       4.500      SLICE_X46Y83    attn_out_done_lat_reg/C
High Pulse Width  Fast    FDRE/C              n/a            0.500         5.000       4.500      SLICE_X46Y83    attn_out_done_lat_reg/C
High Pulse Width  Slow    FDRE/C              n/a            0.500         5.000       4.500      SLICE_X46Y84    attn_out_start_reg/C
High Pulse Width  Fast    FDRE/C              n/a            0.500         5.000       4.500      SLICE_X46Y84    attn_out_start_reg/C



--------------------------------------------------------------------------------------
Path Group:  (none)
From Clock:  
  To Clock:  clk_fpga_0

Max Delay             1 Endpoint
Min Delay             1 Endpoint
--------------------------------------------------------------------------------------


Max Delay Paths
--------------------------------------------------------------------------------------
Slack:                    inf
  Source:                 design_1_wrapper_i/design_1_i/processing_system7_0/inst/PS7_i/FCLKRESETN[0]
                            (internal pin)
  Destination:            design_1_wrapper_i/design_1_i/rst_ps7_0_100M/U0/EXT_LPF/ACTIVE_LOW_EXT.ACT_LO_EXT/GENERATE_LEVEL_P_S_CDC.SINGLE_BIT.CROSS_PLEVEL_IN2SCNDRY_IN_cdc_to/D
                            (rising edge-triggered cell FDRE clocked by clk_fpga_0  {rise@0.000ns fall@5.000ns period=10.000ns})
  Path Group:             (none)
  Path Type:              Setup (Max at Slow Process Corner)
  Data Path Delay:        2.222ns  (logic 0.124ns (5.580%)  route 2.098ns (94.420%))
  Logic Levels:           1  (LUT1=1)
  Clock Uncertainty:      0.152ns  ((TSJ^2 + TIJ^2)^1/2 + DJ) / 2 + PE
    Total System Jitter     (TSJ):    0.050ns
    Total Input Jitter      (TIJ):    0.300ns
    Discrete Jitter          (DJ):    0.000ns
    Phase Error              (PE):    0.000ns
  Timing Exception:       False Path

    Location             Delay type                Incr(ns)  Path(ns)    Netlist Resource(s)
  -------------------------------------------------------------------    -------------------
    PS7_X0Y0             PS7                          0.000     0.000 f  design_1_wrapper_i/design_1_i/processing_system7_0/inst/PS7_i/FCLKRESETN[0]
                         net (fo=1, routed)           2.098     2.098    design_1_wrapper_i/design_1_i/rst_ps7_0_100M/U0/EXT_LPF/ACTIVE_LOW_EXT.ACT_LO_EXT/ext_reset_in
    SLICE_X26Y54         LUT1 (Prop_lut1_I0_O)        0.124     2.222 r  design_1_wrapper_i/design_1_i/rst_ps7_0_100M/U0/EXT_LPF/ACTIVE_LOW_EXT.ACT_LO_EXT/GENERATE_LEVEL_P_S_CDC.SINGLE_BIT.CROSS_PLEVEL_IN2SCNDRY_IN_cdc_to_i_1/O
                         net (fo=1, routed)           0.000     2.222    design_1_wrapper_i/design_1_i/rst_ps7_0_100M/U0/EXT_LPF/ACTIVE_LOW_EXT.ACT_LO_EXT/exr_d1
    SLICE_X26Y54         FDRE                                         r  design_1_wrapper_i/design_1_i/rst_ps7_0_100M/U0/EXT_LPF/ACTIVE_LOW_EXT.ACT_LO_EXT/GENERATE_LEVEL_P_S_CDC.SINGLE_BIT.CROSS_PLEVEL_IN2SCNDRY_IN_cdc_to/D
  -------------------------------------------------------------------    -------------------

                         (clock clk_fpga_0 rise edge)
                                                      0.000     0.000 r  
    PS7_X0Y0             PS7                          0.000     0.000 r  design_1_wrapper_i/design_1_i/processing_system7_0/inst/PS7_i/FCLKCLK[0]
                         net (fo=1, routed)           1.088     1.088    design_1_wrapper_i/design_1_i/processing_system7_0/inst/FCLK_CLK_unbuffered[0]
    BUFGCTRL_X0Y17       BUFG (Prop_bufg_I_O)         0.091     1.179 r  design_1_wrapper_i/design_1_i/processing_system7_0/inst/buffer_fclk_clk_0.FCLK_CLK_0_BUFG_replica/O
                         net (fo=112, routed)         0.133     1.312    design_1_wrapper_i/design_1_i/processing_system7_0/inst/FCLK_CLK0_repN
    BUFGCTRL_X0Y16       BUFG (Prop_bufg_I_O)         0.091     1.403 r  design_1_wrapper_i/design_1_i/processing_system7_0/inst/buffer_fclk_clk_0.FCLK_CLK_0_BUFG/O
                         net (fo=17939, routed)       1.521     2.924    design_1_wrapper_i/design_1_i/rst_ps7_0_100M/U0/EXT_LPF/ACTIVE_LOW_EXT.ACT_LO_EXT/slowest_sync_clk
    SLICE_X26Y54         FDRE                                         r  design_1_wrapper_i/design_1_i/rst_ps7_0_100M/U0/EXT_LPF/ACTIVE_LOW_EXT.ACT_LO_EXT/GENERATE_LEVEL_P_S_CDC.SINGLE_BIT.CROSS_PLEVEL_IN2SCNDRY_IN_cdc_to/C





Min Delay Paths
--------------------------------------------------------------------------------------
Slack:                    inf
  Source:                 design_1_wrapper_i/design_1_i/processing_system7_0/inst/PS7_i/FCLKRESETN[0]
                            (internal pin)
  Destination:            design_1_wrapper_i/design_1_i/rst_ps7_0_100M/U0/EXT_LPF/ACTIVE_LOW_EXT.ACT_LO_EXT/GENERATE_LEVEL_P_S_CDC.SINGLE_BIT.CROSS_PLEVEL_IN2SCNDRY_IN_cdc_to/D
                            (rising edge-triggered cell FDRE clocked by clk_fpga_0  {rise@0.000ns fall@5.000ns period=10.000ns})
  Path Group:             (none)
  Path Type:              Hold (Min at Fast Process Corner)
  Data Path Delay:        0.860ns  (logic 0.045ns (5.231%)  route 0.815ns (94.769%))
  Logic Levels:           1  (LUT1=1)
  Clock Uncertainty:      0.152ns  ((TSJ^2 + TIJ^2)^1/2 + DJ) / 2 + PE
    Total System Jitter     (TSJ):    0.050ns
    Total Input Jitter      (TIJ):    0.300ns
    Discrete Jitter          (DJ):    0.000ns
    Phase Error              (PE):    0.000ns
  Timing Exception:       False Path

    Location             Delay type                Incr(ns)  Path(ns)    Netlist Resource(s)
  -------------------------------------------------------------------    -------------------
    PS7_X0Y0             PS7                          0.000     0.000 f  design_1_wrapper_i/design_1_i/processing_system7_0/inst/PS7_i/FCLKRESETN[0]
                         net (fo=1, routed)           0.815     0.815    design_1_wrapper_i/design_1_i/rst_ps7_0_100M/U0/EXT_LPF/ACTIVE_LOW_EXT.ACT_LO_EXT/ext_reset_in
    SLICE_X26Y54         LUT1 (Prop_lut1_I0_O)        0.045     0.860 r  design_1_wrapper_i/design_1_i/rst_ps7_0_100M/U0/EXT_LPF/ACTIVE_LOW_EXT.ACT_LO_EXT/GENERATE_LEVEL_P_S_CDC.SINGLE_BIT.CROSS_PLEVEL_IN2SCNDRY_IN_cdc_to_i_1/O
                         net (fo=1, routed)           0.000     0.860    design_1_wrapper_i/design_1_i/rst_ps7_0_100M/U0/EXT_LPF/ACTIVE_LOW_EXT.ACT_LO_EXT/exr_d1
    SLICE_X26Y54         FDRE                                         r  design_1_wrapper_i/design_1_i/rst_ps7_0_100M/U0/EXT_LPF/ACTIVE_LOW_EXT.ACT_LO_EXT/GENERATE_LEVEL_P_S_CDC.SINGLE_BIT.CROSS_PLEVEL_IN2SCNDRY_IN_cdc_to/D
  -------------------------------------------------------------------    -------------------

                         (clock clk_fpga_0 rise edge)
                                                      0.000     0.000 r  
    PS7_X0Y0             PS7                          0.000     0.000 r  design_1_wrapper_i/design_1_i/processing_system7_0/inst/PS7_i/FCLKCLK[0]
                         net (fo=1, routed)           0.337     0.337    design_1_wrapper_i/design_1_i/processing_system7_0/inst/FCLK_CLK_unbuffered[0]
    BUFGCTRL_X0Y17       BUFG (Prop_bufg_I_O)         0.029     0.366 r  design_1_wrapper_i/design_1_i/processing_system7_0/inst/buffer_fclk_clk_0.FCLK_CLK_0_BUFG_replica/O
                         net (fo=112, routed)         0.033     0.399    design_1_wrapper_i/design_1_i/processing_system7_0/inst/FCLK_CLK0_repN
    BUFGCTRL_X0Y16       BUFG (Prop_bufg_I_O)         0.029     0.428 r  design_1_wrapper_i/design_1_i/processing_system7_0/inst/buffer_fclk_clk_0.FCLK_CLK_0_BUFG/O
                         net (fo=17939, routed)       0.843     1.271    design_1_wrapper_i/design_1_i/rst_ps7_0_100M/U0/EXT_LPF/ACTIVE_LOW_EXT.ACT_LO_EXT/slowest_sync_clk
    SLICE_X26Y54         FDRE                                         r  design_1_wrapper_i/design_1_i/rst_ps7_0_100M/U0/EXT_LPF/ACTIVE_LOW_EXT.ACT_LO_EXT/GENERATE_LEVEL_P_S_CDC.SINGLE_BIT.CROSS_PLEVEL_IN2SCNDRY_IN_cdc_to/C





--------------------------------------------------------------------------------------
Path Group:  (none)
From Clock:  clk_fpga_0
  To Clock:  clk_fpga_0

Max Delay            28 Endpoints
Min Delay            28 Endpoints
--------------------------------------------------------------------------------------


Max Delay Paths
--------------------------------------------------------------------------------------
Slack:                    inf
  Source:                 design_1_wrapper_i/design_1_i/rst_ps7_0_100M/U0/ACTIVE_LOW_PR_OUT_DFF[0].FDRE_PER_N/C
                            (rising edge-triggered cell FDRE clocked by clk_fpga_0  {rise@0.000ns fall@5.000ns period=10.000ns})
  Destination:            design_1_wrapper_i/design_1_i/axi_smc/inst/clk_map/psr_aclk/U0/EXT_LPF/ACTIVE_LOW_AUX.ACT_LO_AUX/GENERATE_LEVEL_P_S_CDC.SINGLE_BIT.CROSS_PLEVEL_IN2SCNDRY_IN_cdc_to/D
                            (rising edge-triggered cell FDRE clocked by clk_fpga_0  {rise@0.000ns fall@5.000ns period=10.000ns})
  Path Group:             (none)
  Path Type:              Setup (Max at Slow Process Corner)
  Data Path Delay:        3.051ns  (logic 0.580ns (19.011%)  route 2.471ns (80.989%))
  Logic Levels:           1  (LUT1=1)
  Clock Path Skew:        -0.413ns (DCD - SCD + CPR)
    Destination Clock Delay (DCD):    2.876ns
    Source Clock Delay      (SCD):    3.289ns
    Clock Pessimism Removal (CPR):    0.000ns
  Clock Uncertainty:      0.154ns  ((TSJ^2 + TIJ^2)^1/2 + DJ) / 2 + PE
    Total System Jitter     (TSJ):    0.071ns
    Total Input Jitter      (TIJ):    0.300ns
    Discrete Jitter          (DJ):    0.000ns
    Phase Error              (PE):    0.000ns
  Timing Exception:       False Path

    Location             Delay type                Incr(ns)  Path(ns)    Netlist Resource(s)
  -------------------------------------------------------------------    -------------------
                         (clock clk_fpga_0 rise edge)
                                                      0.000     0.000 r  
    PS7_X0Y0             PS7                          0.000     0.000 r  design_1_wrapper_i/design_1_i/processing_system7_0/inst/PS7_i/FCLKCLK[0]
                         net (fo=1, routed)           1.193     1.193    design_1_wrapper_i/design_1_i/processing_system7_0/inst/FCLK_CLK_unbuffered[0]
    BUFGCTRL_X0Y17       BUFG (Prop_bufg_I_O)         0.101     1.294 r  design_1_wrapper_i/design_1_i/processing_system7_0/inst/buffer_fclk_clk_0.FCLK_CLK_0_BUFG_replica/O
                         net (fo=112, routed)         0.146     1.440    design_1_wrapper_i/design_1_i/processing_system7_0/inst/FCLK_CLK0_repN
    BUFGCTRL_X0Y16       BUFG (Prop_bufg_I_O)         0.101     1.541 r  design_1_wrapper_i/design_1_i/processing_system7_0/inst/buffer_fclk_clk_0.FCLK_CLK_0_BUFG/O
                         net (fo=17939, routed)       1.748     3.289    design_1_wrapper_i/design_1_i/rst_ps7_0_100M/U0/slowest_sync_clk
    SLICE_X28Y48         FDRE                                         r  design_1_wrapper_i/design_1_i/rst_ps7_0_100M/U0/ACTIVE_LOW_PR_OUT_DFF[0].FDRE_PER_N/C
  -------------------------------------------------------------------    -------------------
    SLICE_X28Y48         FDRE (Prop_fdre_C_Q)         0.456     3.745 f  design_1_wrapper_i/design_1_i/rst_ps7_0_100M/U0/ACTIVE_LOW_PR_OUT_DFF[0].FDRE_PER_N/Q
                         net (fo=22, routed)          2.471     6.216    design_1_wrapper_i/design_1_i/axi_smc/inst/clk_map/psr_aclk/U0/EXT_LPF/ACTIVE_LOW_AUX.ACT_LO_AUX/aresetn
    SLICE_X39Y84         LUT1 (Prop_lut1_I0_O)        0.124     6.340 r  design_1_wrapper_i/design_1_i/axi_smc/inst/clk_map/psr_aclk/U0/EXT_LPF/ACTIVE_LOW_AUX.ACT_LO_AUX/GENERATE_LEVEL_P_S_CDC.SINGLE_BIT.CROSS_PLEVEL_IN2SCNDRY_IN_cdc_to_i_1/O
                         net (fo=1, routed)           0.000     6.340    design_1_wrapper_i/design_1_i/axi_smc/inst/clk_map/psr_aclk/U0/EXT_LPF/ACTIVE_LOW_AUX.ACT_LO_AUX/asr_d1
    SLICE_X39Y84         FDRE                                         r  design_1_wrapper_i/design_1_i/axi_smc/inst/clk_map/psr_aclk/U0/EXT_LPF/ACTIVE_LOW_AUX.ACT_LO_AUX/GENERATE_LEVEL_P_S_CDC.SINGLE_BIT.CROSS_PLEVEL_IN2SCNDRY_IN_cdc_to/D
  -------------------------------------------------------------------    -------------------

                         (clock clk_fpga_0 rise edge)
                                                      0.000     0.000 r  
    PS7_X0Y0             PS7                          0.000     0.000 r  design_1_wrapper_i/design_1_i/processing_system7_0/inst/PS7_i/FCLKCLK[0]
                         net (fo=1, routed)           1.088     1.088    design_1_wrapper_i/design_1_i/processing_system7_0/inst/FCLK_CLK_unbuffered[0]
    BUFGCTRL_X0Y17       BUFG (Prop_bufg_I_O)         0.091     1.179 r  design_1_wrapper_i/design_1_i/processing_system7_0/inst/buffer_fclk_clk_0.FCLK_CLK_0_BUFG_replica/O
                         net (fo=112, routed)         0.133     1.312    design_1_wrapper_i/design_1_i/processing_system7_0/inst/FCLK_CLK0_repN
    BUFGCTRL_X0Y16       BUFG (Prop_bufg_I_O)         0.091     1.403 r  design_1_wrapper_i/design_1_i/processing_system7_0/inst/buffer_fclk_clk_0.FCLK_CLK_0_BUFG/O
                         net (fo=17939, routed)       1.473     2.876    design_1_wrapper_i/design_1_i/axi_smc/inst/clk_map/psr_aclk/U0/EXT_LPF/ACTIVE_LOW_AUX.ACT_LO_AUX/aclk
    SLICE_X39Y84         FDRE                                         r  design_1_wrapper_i/design_1_i/axi_smc/inst/clk_map/psr_aclk/U0/EXT_LPF/ACTIVE_LOW_AUX.ACT_LO_AUX/GENERATE_LEVEL_P_S_CDC.SINGLE_BIT.CROSS_PLEVEL_IN2SCNDRY_IN_cdc_to/C

Slack:                    inf
  Source:                 design_1_wrapper_i/design_1_i/axi_smc/inst/clk_map/psr_aclk/U0/ACTIVE_LOW_BSR_OUT_DFF[0].FDRE_BSR_N/C
                            (rising edge-triggered cell FDRE clocked by clk_fpga_0  {rise@0.000ns fall@5.000ns period=10.000ns})
  Destination:            <hidden>
                            (recovery check against rising-edge clock clk_fpga_0  {rise@0.000ns fall@5.000ns period=10.000ns})
  Path Group:             (none)
  Path Type:              Recovery (Max at Slow Process Corner)
  Data Path Delay:        2.786ns  (logic 0.608ns (21.821%)  route 2.178ns (78.179%))
  Logic Levels:           1  (LUT1=1)
  Clock Path Skew:        -0.268ns (DCD - SCD + CPR)
    Destination Clock Delay (DCD):    2.920ns
    Source Clock Delay      (SCD):    3.188ns
    Clock Pessimism Removal (CPR):    0.000ns
  Clock Uncertainty:      0.154ns  ((TSJ^2 + TIJ^2)^1/2 + DJ) / 2 + PE
    Total System Jitter     (TSJ):    0.071ns
    Total Input Jitter      (TIJ):    0.300ns
    Discrete Jitter          (DJ):    0.000ns
    Phase Error              (PE):    0.000ns
  Timing Exception:       False Path

    Location             Delay type                Incr(ns)  Path(ns)    Netlist Resource(s)
  -------------------------------------------------------------------    -------------------
                         (clock clk_fpga_0 rise edge)
                                                      0.000     0.000 r  
    PS7_X0Y0             PS7                          0.000     0.000 r  design_1_wrapper_i/design_1_i/processing_system7_0/inst/PS7_i/FCLKCLK[0]
                         net (fo=1, routed)           1.193     1.193    design_1_wrapper_i/design_1_i/processing_system7_0/inst/FCLK_CLK_unbuffered[0]
    BUFGCTRL_X0Y17       BUFG (Prop_bufg_I_O)         0.101     1.294 r  design_1_wrapper_i/design_1_i/processing_system7_0/inst/buffer_fclk_clk_0.FCLK_CLK_0_BUFG_replica/O
                         net (fo=112, routed)         0.146     1.440    design_1_wrapper_i/design_1_i/processing_system7_0/inst/FCLK_CLK0_repN
    BUFGCTRL_X0Y16       BUFG (Prop_bufg_I_O)         0.101     1.541 r  design_1_wrapper_i/design_1_i/processing_system7_0/inst/buffer_fclk_clk_0.FCLK_CLK_0_BUFG/O
                         net (fo=17939, routed)       1.647     3.188    design_1_wrapper_i/design_1_i/axi_smc/inst/clk_map/psr_aclk/U0/aclk
    SLICE_X37Y85         FDRE                                         r  design_1_wrapper_i/design_1_i/axi_smc/inst/clk_map/psr_aclk/U0/ACTIVE_LOW_BSR_OUT_DFF[0].FDRE_BSR_N/C
  -------------------------------------------------------------------    -------------------
    SLICE_X37Y85         FDRE (Prop_fdre_C_Q)         0.456     3.644 r  design_1_wrapper_i/design_1_i/axi_smc/inst/clk_map/psr_aclk/U0/ACTIVE_LOW_BSR_OUT_DFF[0].FDRE_BSR_N/Q
                         net (fo=9, routed)           1.425     5.069    <hidden>
    SLICE_X33Y82         LUT1 (Prop_lut1_I0_O)        0.152     5.221 f  <hidden>
                         net (fo=3, routed)           0.754     5.974    <hidden>
    SLICE_X31Y82         FDCE                                         f  <hidden>
  -------------------------------------------------------------------    -------------------

                         (clock clk_fpga_0 rise edge)
                                                      0.000     0.000 r  
    PS7_X0Y0             PS7                          0.000     0.000 r  design_1_wrapper_i/design_1_i/processing_system7_0/inst/PS7_i/FCLKCLK[0]
                         net (fo=1, routed)           1.088     1.088    design_1_wrapper_i/design_1_i/processing_system7_0/inst/FCLK_CLK_unbuffered[0]
    BUFGCTRL_X0Y17       BUFG (Prop_bufg_I_O)         0.091     1.179 r  design_1_wrapper_i/design_1_i/processing_system7_0/inst/buffer_fclk_clk_0.FCLK_CLK_0_BUFG_replica/O
                         net (fo=112, routed)         0.133     1.312    design_1_wrapper_i/design_1_i/processing_system7_0/inst/FCLK_CLK0_repN
    BUFGCTRL_X0Y16       BUFG (Prop_bufg_I_O)         0.091     1.403 r  design_1_wrapper_i/design_1_i/processing_system7_0/inst/buffer_fclk_clk_0.FCLK_CLK_0_BUFG/O
                         net (fo=17939, routed)       1.517     2.920    <hidden>
    SLICE_X31Y82         FDCE                                         r  <hidden>

Slack:                    inf
  Source:                 design_1_wrapper_i/design_1_i/axi_smc/inst/clk_map/psr_aclk/U0/ACTIVE_LOW_BSR_OUT_DFF[0].FDRE_BSR_N/C
                            (rising edge-triggered cell FDRE clocked by clk_fpga_0  {rise@0.000ns fall@5.000ns period=10.000ns})
  Destination:            <hidden>
                            (recovery check against rising-edge clock clk_fpga_0  {rise@0.000ns fall@5.000ns period=10.000ns})
  Path Group:             (none)
  Path Type:              Recovery (Max at Slow Process Corner)
  Data Path Delay:        2.786ns  (logic 0.608ns (21.821%)  route 2.178ns (78.179%))
  Logic Levels:           1  (LUT1=1)
  Clock Path Skew:        -0.268ns (DCD - SCD + CPR)
    Destination Clock Delay (DCD):    2.920ns
    Source Clock Delay      (SCD):    3.188ns
    Clock Pessimism Removal (CPR):    0.000ns
  Clock Uncertainty:      0.154ns  ((TSJ^2 + TIJ^2)^1/2 + DJ) / 2 + PE
    Total System Jitter     (TSJ):    0.071ns
    Total Input Jitter      (TIJ):    0.300ns
    Discrete Jitter          (DJ):    0.000ns
    Phase Error              (PE):    0.000ns
  Timing Exception:       False Path

    Location             Delay type                Incr(ns)  Path(ns)    Netlist Resource(s)
  -------------------------------------------------------------------    -------------------
                         (clock clk_fpga_0 rise edge)
                                                      0.000     0.000 r  
    PS7_X0Y0             PS7                          0.000     0.000 r  design_1_wrapper_i/design_1_i/processing_system7_0/inst/PS7_i/FCLKCLK[0]
                         net (fo=1, routed)           1.193     1.193    design_1_wrapper_i/design_1_i/processing_system7_0/inst/FCLK_CLK_unbuffered[0]
    BUFGCTRL_X0Y17       BUFG (Prop_bufg_I_O)         0.101     1.294 r  design_1_wrapper_i/design_1_i/processing_system7_0/inst/buffer_fclk_clk_0.FCLK_CLK_0_BUFG_replica/O
                         net (fo=112, routed)         0.146     1.440    design_1_wrapper_i/design_1_i/processing_system7_0/inst/FCLK_CLK0_repN
    BUFGCTRL_X0Y16       BUFG (Prop_bufg_I_O)         0.101     1.541 r  design_1_wrapper_i/design_1_i/processing_system7_0/inst/buffer_fclk_clk_0.FCLK_CLK_0_BUFG/O
                         net (fo=17939, routed)       1.647     3.188    design_1_wrapper_i/design_1_i/axi_smc/inst/clk_map/psr_aclk/U0/aclk
    SLICE_X37Y85         FDRE                                         r  design_1_wrapper_i/design_1_i/axi_smc/inst/clk_map/psr_aclk/U0/ACTIVE_LOW_BSR_OUT_DFF[0].FDRE_BSR_N/C
  -------------------------------------------------------------------    -------------------
    SLICE_X37Y85         FDRE (Prop_fdre_C_Q)         0.456     3.644 r  design_1_wrapper_i/design_1_i/axi_smc/inst/clk_map/psr_aclk/U0/ACTIVE_LOW_BSR_OUT_DFF[0].FDRE_BSR_N/Q
                         net (fo=9, routed)           1.425     5.069    <hidden>
    SLICE_X33Y82         LUT1 (Prop_lut1_I0_O)        0.152     5.221 f  <hidden>
                         net (fo=3, routed)           0.754     5.974    <hidden>
    SLICE_X31Y82         FDCE                                         f  <hidden>
  -------------------------------------------------------------------    -------------------

                         (clock clk_fpga_0 rise edge)
                                                      0.000     0.000 r  
    PS7_X0Y0             PS7                          0.000     0.000 r  design_1_wrapper_i/design_1_i/processing_system7_0/inst/PS7_i/FCLKCLK[0]
                         net (fo=1, routed)           1.088     1.088    design_1_wrapper_i/design_1_i/processing_system7_0/inst/FCLK_CLK_unbuffered[0]
    BUFGCTRL_X0Y17       BUFG (Prop_bufg_I_O)         0.091     1.179 r  design_1_wrapper_i/design_1_i/processing_system7_0/inst/buffer_fclk_clk_0.FCLK_CLK_0_BUFG_replica/O
                         net (fo=112, routed)         0.133     1.312    design_1_wrapper_i/design_1_i/processing_system7_0/inst/FCLK_CLK0_repN
    BUFGCTRL_X0Y16       BUFG (Prop_bufg_I_O)         0.091     1.403 r  design_1_wrapper_i/design_1_i/processing_system7_0/inst/buffer_fclk_clk_0.FCLK_CLK_0_BUFG/O
                         net (fo=17939, routed)       1.517     2.920    <hidden>
    SLICE_X31Y82         FDCE                                         r  <hidden>

Slack:                    inf
  Source:                 design_1_wrapper_i/design_1_i/axi_smc/inst/clk_map/psr_aclk/U0/ACTIVE_LOW_BSR_OUT_DFF[0].FDRE_BSR_N/C
                            (rising edge-triggered cell FDRE clocked by clk_fpga_0  {rise@0.000ns fall@5.000ns period=10.000ns})
  Destination:            <hidden>
                            (recovery check against rising-edge clock clk_fpga_0  {rise@0.000ns fall@5.000ns period=10.000ns})
  Path Group:             (none)
  Path Type:              Recovery (Max at Slow Process Corner)
  Data Path Delay:        2.786ns  (logic 0.608ns (21.821%)  route 2.178ns (78.179%))
  Logic Levels:           1  (LUT1=1)
  Clock Path Skew:        -0.268ns (DCD - SCD + CPR)
    Destination Clock Delay (DCD):    2.920ns
    Source Clock Delay      (SCD):    3.188ns
    Clock Pessimism Removal (CPR):    0.000ns
  Clock Uncertainty:      0.154ns  ((TSJ^2 + TIJ^2)^1/2 + DJ) / 2 + PE
    Total System Jitter     (TSJ):    0.071ns
    Total Input Jitter      (TIJ):    0.300ns
    Discrete Jitter          (DJ):    0.000ns
    Phase Error              (PE):    0.000ns
  Timing Exception:       False Path

    Location             Delay type                Incr(ns)  Path(ns)    Netlist Resource(s)
  -------------------------------------------------------------------    -------------------
                         (clock clk_fpga_0 rise edge)
                                                      0.000     0.000 r  
    PS7_X0Y0             PS7                          0.000     0.000 r  design_1_wrapper_i/design_1_i/processing_system7_0/inst/PS7_i/FCLKCLK[0]
                         net (fo=1, routed)           1.193     1.193    design_1_wrapper_i/design_1_i/processing_system7_0/inst/FCLK_CLK_unbuffered[0]
    BUFGCTRL_X0Y17       BUFG (Prop_bufg_I_O)         0.101     1.294 r  design_1_wrapper_i/design_1_i/processing_system7_0/inst/buffer_fclk_clk_0.FCLK_CLK_0_BUFG_replica/O
                         net (fo=112, routed)         0.146     1.440    design_1_wrapper_i/design_1_i/processing_system7_0/inst/FCLK_CLK0_repN
    BUFGCTRL_X0Y16       BUFG (Prop_bufg_I_O)         0.101     1.541 r  design_1_wrapper_i/design_1_i/processing_system7_0/inst/buffer_fclk_clk_0.FCLK_CLK_0_BUFG/O
                         net (fo=17939, routed)       1.647     3.188    design_1_wrapper_i/design_1_i/axi_smc/inst/clk_map/psr_aclk/U0/aclk
    SLICE_X37Y85         FDRE                                         r  design_1_wrapper_i/design_1_i/axi_smc/inst/clk_map/psr_aclk/U0/ACTIVE_LOW_BSR_OUT_DFF[0].FDRE_BSR_N/C
  -------------------------------------------------------------------    -------------------
    SLICE_X37Y85         FDRE (Prop_fdre_C_Q)         0.456     3.644 r  design_1_wrapper_i/design_1_i/axi_smc/inst/clk_map/psr_aclk/U0/ACTIVE_LOW_BSR_OUT_DFF[0].FDRE_BSR_N/Q
                         net (fo=9, routed)           1.425     5.069    <hidden>
    SLICE_X33Y82         LUT1 (Prop_lut1_I0_O)        0.152     5.221 f  <hidden>
                         net (fo=3, routed)           0.754     5.974    <hidden>
    SLICE_X31Y82         FDCE                                         f  <hidden>
  -------------------------------------------------------------------    -------------------

                         (clock clk_fpga_0 rise edge)
                                                      0.000     0.000 r  
    PS7_X0Y0             PS7                          0.000     0.000 r  design_1_wrapper_i/design_1_i/processing_system7_0/inst/PS7_i/FCLKCLK[0]
                         net (fo=1, routed)           1.088     1.088    design_1_wrapper_i/design_1_i/processing_system7_0/inst/FCLK_CLK_unbuffered[0]
    BUFGCTRL_X0Y17       BUFG (Prop_bufg_I_O)         0.091     1.179 r  design_1_wrapper_i/design_1_i/processing_system7_0/inst/buffer_fclk_clk_0.FCLK_CLK_0_BUFG_replica/O
                         net (fo=112, routed)         0.133     1.312    design_1_wrapper_i/design_1_i/processing_system7_0/inst/FCLK_CLK0_repN
    BUFGCTRL_X0Y16       BUFG (Prop_bufg_I_O)         0.091     1.403 r  design_1_wrapper_i/design_1_i/processing_system7_0/inst/buffer_fclk_clk_0.FCLK_CLK_0_BUFG/O
                         net (fo=17939, routed)       1.517     2.920    <hidden>
    SLICE_X31Y82         FDCE                                         r  <hidden>

Slack:                    inf
  Source:                 design_1_wrapper_i/design_1_i/axi_smc/inst/clk_map/psr_aclk/U0/ACTIVE_LOW_BSR_OUT_DFF[0].FDRE_BSR_N/C
                            (rising edge-triggered cell FDRE clocked by clk_fpga_0  {rise@0.000ns fall@5.000ns period=10.000ns})
  Destination:            <hidden>
                            (recovery check against rising-edge clock clk_fpga_0  {rise@0.000ns fall@5.000ns period=10.000ns})
  Path Group:             (none)
  Path Type:              Recovery (Max at Slow Process Corner)
  Data Path Delay:        2.516ns  (logic 0.580ns (23.057%)  route 1.936ns (76.943%))
  Logic Levels:           1  (LUT1=1)
  Clock Path Skew:        -0.311ns (DCD - SCD + CPR)
    Destination Clock Delay (DCD):    2.877ns
    Source Clock Delay      (SCD):    3.188ns
    Clock Pessimism Removal (CPR):    0.000ns
  Clock Uncertainty:      0.154ns  ((TSJ^2 + TIJ^2)^1/2 + DJ) / 2 + PE
    Total System Jitter     (TSJ):    0.071ns
    Total Input Jitter      (TIJ):    0.300ns
    Discrete Jitter          (DJ):    0.000ns
    Phase Error              (PE):    0.000ns
  Timing Exception:       False Path

    Location             Delay type                Incr(ns)  Path(ns)    Netlist Resource(s)
  -------------------------------------------------------------------    -------------------
                         (clock clk_fpga_0 rise edge)
                                                      0.000     0.000 r  
    PS7_X0Y0             PS7                          0.000     0.000 r  design_1_wrapper_i/design_1_i/processing_system7_0/inst/PS7_i/FCLKCLK[0]
                         net (fo=1, routed)           1.193     1.193    design_1_wrapper_i/design_1_i/processing_system7_0/inst/FCLK_CLK_unbuffered[0]
    BUFGCTRL_X0Y17       BUFG (Prop_bufg_I_O)         0.101     1.294 r  design_1_wrapper_i/design_1_i/processing_system7_0/inst/buffer_fclk_clk_0.FCLK_CLK_0_BUFG_replica/O
                         net (fo=112, routed)         0.146     1.440    design_1_wrapper_i/design_1_i/processing_system7_0/inst/FCLK_CLK0_repN
    BUFGCTRL_X0Y16       BUFG (Prop_bufg_I_O)         0.101     1.541 r  design_1_wrapper_i/design_1_i/processing_system7_0/inst/buffer_fclk_clk_0.FCLK_CLK_0_BUFG/O
                         net (fo=17939, routed)       1.647     3.188    design_1_wrapper_i/design_1_i/axi_smc/inst/clk_map/psr_aclk/U0/aclk
    SLICE_X37Y85         FDRE                                         r  design_1_wrapper_i/design_1_i/axi_smc/inst/clk_map/psr_aclk/U0/ACTIVE_LOW_BSR_OUT_DFF[0].FDRE_BSR_N/C
  -------------------------------------------------------------------    -------------------
    SLICE_X37Y85         FDRE (Prop_fdre_C_Q)         0.456     3.644 r  design_1_wrapper_i/design_1_i/axi_smc/inst/clk_map/psr_aclk/U0/ACTIVE_LOW_BSR_OUT_DFF[0].FDRE_BSR_N/Q
                         net (fo=9, routed)           1.151     4.795    <hidden>
    SLICE_X33Y85         LUT1 (Prop_lut1_I0_O)        0.124     4.919 f  <hidden>
                         net (fo=3, routed)           0.785     5.704    <hidden>
    SLICE_X32Y85         FDCE                                         f  <hidden>
  -------------------------------------------------------------------    -------------------

                         (clock clk_fpga_0 rise edge)
                                                      0.000     0.000 r  
    PS7_X0Y0             PS7                          0.000     0.000 r  design_1_wrapper_i/design_1_i/processing_system7_0/inst/PS7_i/FCLKCLK[0]
                         net (fo=1, routed)           1.088     1.088    design_1_wrapper_i/design_1_i/processing_system7_0/inst/FCLK_CLK_unbuffered[0]
    BUFGCTRL_X0Y17       BUFG (Prop_bufg_I_O)         0.091     1.179 r  design_1_wrapper_i/design_1_i/processing_system7_0/inst/buffer_fclk_clk_0.FCLK_CLK_0_BUFG_replica/O
                         net (fo=112, routed)         0.133     1.312    design_1_wrapper_i/design_1_i/processing_system7_0/inst/FCLK_CLK0_repN
    BUFGCTRL_X0Y16       BUFG (Prop_bufg_I_O)         0.091     1.403 r  design_1_wrapper_i/design_1_i/processing_system7_0/inst/buffer_fclk_clk_0.FCLK_CLK_0_BUFG/O
                         net (fo=17939, routed)       1.474     2.877    <hidden>
    SLICE_X32Y85         FDCE                                         r  <hidden>

Slack:                    inf
  Source:                 design_1_wrapper_i/design_1_i/axi_smc/inst/clk_map/psr_aclk/U0/ACTIVE_LOW_BSR_OUT_DFF[0].FDRE_BSR_N/C
                            (rising edge-triggered cell FDRE clocked by clk_fpga_0  {rise@0.000ns fall@5.000ns period=10.000ns})
  Destination:            <hidden>
                            (recovery check against rising-edge clock clk_fpga_0  {rise@0.000ns fall@5.000ns period=10.000ns})
  Path Group:             (none)
  Path Type:              Recovery (Max at Slow Process Corner)
  Data Path Delay:        2.516ns  (logic 0.580ns (23.057%)  route 1.936ns (76.943%))
  Logic Levels:           1  (LUT1=1)
  Clock Path Skew:        -0.311ns (DCD - SCD + CPR)
    Destination Clock Delay (DCD):    2.877ns
    Source Clock Delay      (SCD):    3.188ns
    Clock Pessimism Removal (CPR):    0.000ns
  Clock Uncertainty:      0.154ns  ((TSJ^2 + TIJ^2)^1/2 + DJ) / 2 + PE
    Total System Jitter     (TSJ):    0.071ns
    Total Input Jitter      (TIJ):    0.300ns
    Discrete Jitter          (DJ):    0.000ns
    Phase Error              (PE):    0.000ns
  Timing Exception:       False Path

    Location             Delay type                Incr(ns)  Path(ns)    Netlist Resource(s)
  -------------------------------------------------------------------    -------------------
                         (clock clk_fpga_0 rise edge)
                                                      0.000     0.000 r  
    PS7_X0Y0             PS7                          0.000     0.000 r  design_1_wrapper_i/design_1_i/processing_system7_0/inst/PS7_i/FCLKCLK[0]
                         net (fo=1, routed)           1.193     1.193    design_1_wrapper_i/design_1_i/processing_system7_0/inst/FCLK_CLK_unbuffered[0]
    BUFGCTRL_X0Y17       BUFG (Prop_bufg_I_O)         0.101     1.294 r  design_1_wrapper_i/design_1_i/processing_system7_0/inst/buffer_fclk_clk_0.FCLK_CLK_0_BUFG_replica/O
                         net (fo=112, routed)         0.146     1.440    design_1_wrapper_i/design_1_i/processing_system7_0/inst/FCLK_CLK0_repN
    BUFGCTRL_X0Y16       BUFG (Prop_bufg_I_O)         0.101     1.541 r  design_1_wrapper_i/design_1_i/processing_system7_0/inst/buffer_fclk_clk_0.FCLK_CLK_0_BUFG/O
                         net (fo=17939, routed)       1.647     3.188    design_1_wrapper_i/design_1_i/axi_smc/inst/clk_map/psr_aclk/U0/aclk
    SLICE_X37Y85         FDRE                                         r  design_1_wrapper_i/design_1_i/axi_smc/inst/clk_map/psr_aclk/U0/ACTIVE_LOW_BSR_OUT_DFF[0].FDRE_BSR_N/C
  -------------------------------------------------------------------    -------------------
    SLICE_X37Y85         FDRE (Prop_fdre_C_Q)         0.456     3.644 r  design_1_wrapper_i/design_1_i/axi_smc/inst/clk_map/psr_aclk/U0/ACTIVE_LOW_BSR_OUT_DFF[0].FDRE_BSR_N/Q
                         net (fo=9, routed)           1.151     4.795    <hidden>
    SLICE_X33Y85         LUT1 (Prop_lut1_I0_O)        0.124     4.919 f  <hidden>
                         net (fo=3, routed)           0.785     5.704    <hidden>
    SLICE_X32Y85         FDCE                                         f  <hidden>
  -------------------------------------------------------------------    -------------------

                         (clock clk_fpga_0 rise edge)
                                                      0.000     0.000 r  
    PS7_X0Y0             PS7                          0.000     0.000 r  design_1_wrapper_i/design_1_i/processing_system7_0/inst/PS7_i/FCLKCLK[0]
                         net (fo=1, routed)           1.088     1.088    design_1_wrapper_i/design_1_i/processing_system7_0/inst/FCLK_CLK_unbuffered[0]
    BUFGCTRL_X0Y17       BUFG (Prop_bufg_I_O)         0.091     1.179 r  design_1_wrapper_i/design_1_i/processing_system7_0/inst/buffer_fclk_clk_0.FCLK_CLK_0_BUFG_replica/O
                         net (fo=112, routed)         0.133     1.312    design_1_wrapper_i/design_1_i/processing_system7_0/inst/FCLK_CLK0_repN
    BUFGCTRL_X0Y16       BUFG (Prop_bufg_I_O)         0.091     1.403 r  design_1_wrapper_i/design_1_i/processing_system7_0/inst/buffer_fclk_clk_0.FCLK_CLK_0_BUFG/O
                         net (fo=17939, routed)       1.474     2.877    <hidden>
    SLICE_X32Y85         FDCE                                         r  <hidden>

Slack:                    inf
  Source:                 design_1_wrapper_i/design_1_i/axi_smc/inst/clk_map/psr_aclk/U0/ACTIVE_LOW_BSR_OUT_DFF[0].FDRE_BSR_N/C
                            (rising edge-triggered cell FDRE clocked by clk_fpga_0  {rise@0.000ns fall@5.000ns period=10.000ns})
  Destination:            <hidden>
                            (recovery check against rising-edge clock clk_fpga_0  {rise@0.000ns fall@5.000ns period=10.000ns})
  Path Group:             (none)
  Path Type:              Recovery (Max at Slow Process Corner)
  Data Path Delay:        2.516ns  (logic 0.580ns (23.057%)  route 1.936ns (76.943%))
  Logic Levels:           1  (LUT1=1)
  Clock Path Skew:        -0.311ns (DCD - SCD + CPR)
    Destination Clock Delay (DCD):    2.877ns
    Source Clock Delay      (SCD):    3.188ns
    Clock Pessimism Removal (CPR):    0.000ns
  Clock Uncertainty:      0.154ns  ((TSJ^2 + TIJ^2)^1/2 + DJ) / 2 + PE
    Total System Jitter     (TSJ):    0.071ns
    Total Input Jitter      (TIJ):    0.300ns
    Discrete Jitter          (DJ):    0.000ns
    Phase Error              (PE):    0.000ns
  Timing Exception:       False Path

    Location             Delay type                Incr(ns)  Path(ns)    Netlist Resource(s)
  -------------------------------------------------------------------    -------------------
                         (clock clk_fpga_0 rise edge)
                                                      0.000     0.000 r  
    PS7_X0Y0             PS7                          0.000     0.000 r  design_1_wrapper_i/design_1_i/processing_system7_0/inst/PS7_i/FCLKCLK[0]
                         net (fo=1, routed)           1.193     1.193    design_1_wrapper_i/design_1_i/processing_system7_0/inst/FCLK_CLK_unbuffered[0]
    BUFGCTRL_X0Y17       BUFG (Prop_bufg_I_O)         0.101     1.294 r  design_1_wrapper_i/design_1_i/processing_system7_0/inst/buffer_fclk_clk_0.FCLK_CLK_0_BUFG_replica/O
                         net (fo=112, routed)         0.146     1.440    design_1_wrapper_i/design_1_i/processing_system7_0/inst/FCLK_CLK0_repN
    BUFGCTRL_X0Y16       BUFG (Prop_bufg_I_O)         0.101     1.541 r  design_1_wrapper_i/design_1_i/processing_system7_0/inst/buffer_fclk_clk_0.FCLK_CLK_0_BUFG/O
                         net (fo=17939, routed)       1.647     3.188    design_1_wrapper_i/design_1_i/axi_smc/inst/clk_map/psr_aclk/U0/aclk
    SLICE_X37Y85         FDRE                                         r  design_1_wrapper_i/design_1_i/axi_smc/inst/clk_map/psr_aclk/U0/ACTIVE_LOW_BSR_OUT_DFF[0].FDRE_BSR_N/C
  -------------------------------------------------------------------    -------------------
    SLICE_X37Y85         FDRE (Prop_fdre_C_Q)         0.456     3.644 r  design_1_wrapper_i/design_1_i/axi_smc/inst/clk_map/psr_aclk/U0/ACTIVE_LOW_BSR_OUT_DFF[0].FDRE_BSR_N/Q
                         net (fo=9, routed)           1.151     4.795    <hidden>
    SLICE_X33Y85         LUT1 (Prop_lut1_I0_O)        0.124     4.919 f  <hidden>
                         net (fo=3, routed)           0.785     5.704    <hidden>
    SLICE_X32Y85         FDCE                                         f  <hidden>
  -------------------------------------------------------------------    -------------------

                         (clock clk_fpga_0 rise edge)
                                                      0.000     0.000 r  
    PS7_X0Y0             PS7                          0.000     0.000 r  design_1_wrapper_i/design_1_i/processing_system7_0/inst/PS7_i/FCLKCLK[0]
                         net (fo=1, routed)           1.088     1.088    design_1_wrapper_i/design_1_i/processing_system7_0/inst/FCLK_CLK_unbuffered[0]
    BUFGCTRL_X0Y17       BUFG (Prop_bufg_I_O)         0.091     1.179 r  design_1_wrapper_i/design_1_i/processing_system7_0/inst/buffer_fclk_clk_0.FCLK_CLK_0_BUFG_replica/O
                         net (fo=112, routed)         0.133     1.312    design_1_wrapper_i/design_1_i/processing_system7_0/inst/FCLK_CLK0_repN
    BUFGCTRL_X0Y16       BUFG (Prop_bufg_I_O)         0.091     1.403 r  design_1_wrapper_i/design_1_i/processing_system7_0/inst/buffer_fclk_clk_0.FCLK_CLK_0_BUFG/O
                         net (fo=17939, routed)       1.474     2.877    <hidden>
    SLICE_X32Y85         FDCE                                         r  <hidden>

Slack:                    inf
  Source:                 design_1_wrapper_i/design_1_i/axi_smc/inst/clk_map/psr_aclk/U0/ACTIVE_LOW_BSR_OUT_DFF[0].FDRE_BSR_N/C
                            (rising edge-triggered cell FDRE clocked by clk_fpga_0  {rise@0.000ns fall@5.000ns period=10.000ns})
  Destination:            <hidden>
                            (recovery check against rising-edge clock clk_fpga_0  {rise@0.000ns fall@5.000ns period=10.000ns})
  Path Group:             (none)
  Path Type:              Recovery (Max at Slow Process Corner)
  Data Path Delay:        2.353ns  (logic 0.580ns (24.649%)  route 1.773ns (75.351%))
  Logic Levels:           1  (LUT1=1)
  Clock Path Skew:        -0.316ns (DCD - SCD + CPR)
    Destination Clock Delay (DCD):    2.872ns
    Source Clock Delay      (SCD):    3.188ns
    Clock Pessimism Removal (CPR):    0.000ns
  Clock Uncertainty:      0.154ns  ((TSJ^2 + TIJ^2)^1/2 + DJ) / 2 + PE
    Total System Jitter     (TSJ):    0.071ns
    Total Input Jitter      (TIJ):    0.300ns
    Discrete Jitter          (DJ):    0.000ns
    Phase Error              (PE):    0.000ns
  Timing Exception:       False Path

    Location             Delay type                Incr(ns)  Path(ns)    Netlist Resource(s)
  -------------------------------------------------------------------    -------------------
                         (clock clk_fpga_0 rise edge)
                                                      0.000     0.000 r  
    PS7_X0Y0             PS7                          0.000     0.000 r  design_1_wrapper_i/design_1_i/processing_system7_0/inst/PS7_i/FCLKCLK[0]
                         net (fo=1, routed)           1.193     1.193    design_1_wrapper_i/design_1_i/processing_system7_0/inst/FCLK_CLK_unbuffered[0]
    BUFGCTRL_X0Y17       BUFG (Prop_bufg_I_O)         0.101     1.294 r  design_1_wrapper_i/design_1_i/processing_system7_0/inst/buffer_fclk_clk_0.FCLK_CLK_0_BUFG_replica/O
                         net (fo=112, routed)         0.146     1.440    design_1_wrapper_i/design_1_i/processing_system7_0/inst/FCLK_CLK0_repN
    BUFGCTRL_X0Y16       BUFG (Prop_bufg_I_O)         0.101     1.541 r  design_1_wrapper_i/design_1_i/processing_system7_0/inst/buffer_fclk_clk_0.FCLK_CLK_0_BUFG/O
                         net (fo=17939, routed)       1.647     3.188    design_1_wrapper_i/design_1_i/axi_smc/inst/clk_map/psr_aclk/U0/aclk
    SLICE_X37Y85         FDRE                                         r  design_1_wrapper_i/design_1_i/axi_smc/inst/clk_map/psr_aclk/U0/ACTIVE_LOW_BSR_OUT_DFF[0].FDRE_BSR_N/C
  -------------------------------------------------------------------    -------------------
    SLICE_X37Y85         FDRE (Prop_fdre_C_Q)         0.456     3.644 r  design_1_wrapper_i/design_1_i/axi_smc/inst/clk_map/psr_aclk/U0/ACTIVE_LOW_BSR_OUT_DFF[0].FDRE_BSR_N/Q
                         net (fo=9, routed)           1.425     5.069    <hidden>
    SLICE_X33Y82         LUT1 (Prop_lut1_I0_O)        0.124     5.193 f  <hidden>
                         net (fo=3, routed)           0.348     5.541    <hidden>
    SLICE_X33Y81         FDCE                                         f  <hidden>
  -------------------------------------------------------------------    -------------------

                         (clock clk_fpga_0 rise edge)
                                                      0.000     0.000 r  
    PS7_X0Y0             PS7                          0.000     0.000 r  design_1_wrapper_i/design_1_i/processing_system7_0/inst/PS7_i/FCLKCLK[0]
                         net (fo=1, routed)           1.088     1.088    design_1_wrapper_i/design_1_i/processing_system7_0/inst/FCLK_CLK_unbuffered[0]
    BUFGCTRL_X0Y17       BUFG (Prop_bufg_I_O)         0.091     1.179 r  design_1_wrapper_i/design_1_i/processing_system7_0/inst/buffer_fclk_clk_0.FCLK_CLK_0_BUFG_replica/O
                         net (fo=112, routed)         0.133     1.312    design_1_wrapper_i/design_1_i/processing_system7_0/inst/FCLK_CLK0_repN
    BUFGCTRL_X0Y16       BUFG (Prop_bufg_I_O)         0.091     1.403 r  design_1_wrapper_i/design_1_i/processing_system7_0/inst/buffer_fclk_clk_0.FCLK_CLK_0_BUFG/O
                         net (fo=17939, routed)       1.469     2.872    <hidden>
    SLICE_X33Y81         FDCE                                         r  <hidden>

Slack:                    inf
  Source:                 design_1_wrapper_i/design_1_i/axi_smc/inst/clk_map/psr_aclk/U0/ACTIVE_LOW_BSR_OUT_DFF[0].FDRE_BSR_N/C
                            (rising edge-triggered cell FDRE clocked by clk_fpga_0  {rise@0.000ns fall@5.000ns period=10.000ns})
  Destination:            <hidden>
                            (recovery check against rising-edge clock clk_fpga_0  {rise@0.000ns fall@5.000ns period=10.000ns})
  Path Group:             (none)
  Path Type:              Recovery (Max at Slow Process Corner)
  Data Path Delay:        2.353ns  (logic 0.580ns (24.649%)  route 1.773ns (75.351%))
  Logic Levels:           1  (LUT1=1)
  Clock Path Skew:        -0.316ns (DCD - SCD + CPR)
    Destination Clock Delay (DCD):    2.872ns
    Source Clock Delay      (SCD):    3.188ns
    Clock Pessimism Removal (CPR):    0.000ns
  Clock Uncertainty:      0.154ns  ((TSJ^2 + TIJ^2)^1/2 + DJ) / 2 + PE
    Total System Jitter     (TSJ):    0.071ns
    Total Input Jitter      (TIJ):    0.300ns
    Discrete Jitter          (DJ):    0.000ns
    Phase Error              (PE):    0.000ns
  Timing Exception:       False Path

    Location             Delay type                Incr(ns)  Path(ns)    Netlist Resource(s)
  -------------------------------------------------------------------    -------------------
                         (clock clk_fpga_0 rise edge)
                                                      0.000     0.000 r  
    PS7_X0Y0             PS7                          0.000     0.000 r  design_1_wrapper_i/design_1_i/processing_system7_0/inst/PS7_i/FCLKCLK[0]
                         net (fo=1, routed)           1.193     1.193    design_1_wrapper_i/design_1_i/processing_system7_0/inst/FCLK_CLK_unbuffered[0]
    BUFGCTRL_X0Y17       BUFG (Prop_bufg_I_O)         0.101     1.294 r  design_1_wrapper_i/design_1_i/processing_system7_0/inst/buffer_fclk_clk_0.FCLK_CLK_0_BUFG_replica/O
                         net (fo=112, routed)         0.146     1.440    design_1_wrapper_i/design_1_i/processing_system7_0/inst/FCLK_CLK0_repN
    BUFGCTRL_X0Y16       BUFG (Prop_bufg_I_O)         0.101     1.541 r  design_1_wrapper_i/design_1_i/processing_system7_0/inst/buffer_fclk_clk_0.FCLK_CLK_0_BUFG/O
                         net (fo=17939, routed)       1.647     3.188    design_1_wrapper_i/design_1_i/axi_smc/inst/clk_map/psr_aclk/U0/aclk
    SLICE_X37Y85         FDRE                                         r  design_1_wrapper_i/design_1_i/axi_smc/inst/clk_map/psr_aclk/U0/ACTIVE_LOW_BSR_OUT_DFF[0].FDRE_BSR_N/C
  -------------------------------------------------------------------    -------------------
    SLICE_X37Y85         FDRE (Prop_fdre_C_Q)         0.456     3.644 r  design_1_wrapper_i/design_1_i/axi_smc/inst/clk_map/psr_aclk/U0/ACTIVE_LOW_BSR_OUT_DFF[0].FDRE_BSR_N/Q
                         net (fo=9, routed)           1.425     5.069    <hidden>
    SLICE_X33Y82         LUT1 (Prop_lut1_I0_O)        0.124     5.193 f  <hidden>
                         net (fo=3, routed)           0.348     5.541    <hidden>
    SLICE_X33Y81         FDCE                                         f  <hidden>
  -------------------------------------------------------------------    -------------------

                         (clock clk_fpga_0 rise edge)
                                                      0.000     0.000 r  
    PS7_X0Y0             PS7                          0.000     0.000 r  design_1_wrapper_i/design_1_i/processing_system7_0/inst/PS7_i/FCLKCLK[0]
                         net (fo=1, routed)           1.088     1.088    design_1_wrapper_i/design_1_i/processing_system7_0/inst/FCLK_CLK_unbuffered[0]
    BUFGCTRL_X0Y17       BUFG (Prop_bufg_I_O)         0.091     1.179 r  design_1_wrapper_i/design_1_i/processing_system7_0/inst/buffer_fclk_clk_0.FCLK_CLK_0_BUFG_replica/O
                         net (fo=112, routed)         0.133     1.312    design_1_wrapper_i/design_1_i/processing_system7_0/inst/FCLK_CLK0_repN
    BUFGCTRL_X0Y16       BUFG (Prop_bufg_I_O)         0.091     1.403 r  design_1_wrapper_i/design_1_i/processing_system7_0/inst/buffer_fclk_clk_0.FCLK_CLK_0_BUFG/O
                         net (fo=17939, routed)       1.469     2.872    <hidden>
    SLICE_X33Y81         FDCE                                         r  <hidden>

Slack:                    inf
  Source:                 design_1_wrapper_i/design_1_i/axi_smc/inst/clk_map/psr_aclk/U0/ACTIVE_LOW_BSR_OUT_DFF[0].FDRE_BSR_N/C
                            (rising edge-triggered cell FDRE clocked by clk_fpga_0  {rise@0.000ns fall@5.000ns period=10.000ns})
  Destination:            <hidden>
                            (recovery check against rising-edge clock clk_fpga_0  {rise@0.000ns fall@5.000ns period=10.000ns})
  Path Group:             (none)
  Path Type:              Recovery (Max at Slow Process Corner)
  Data Path Delay:        2.353ns  (logic 0.580ns (24.649%)  route 1.773ns (75.351%))
  Logic Levels:           1  (LUT1=1)
  Clock Path Skew:        -0.316ns (DCD - SCD + CPR)
    Destination Clock Delay (DCD):    2.872ns
    Source Clock Delay      (SCD):    3.188ns
    Clock Pessimism Removal (CPR):    0.000ns
  Clock Uncertainty:      0.154ns  ((TSJ^2 + TIJ^2)^1/2 + DJ) / 2 + PE
    Total System Jitter     (TSJ):    0.071ns
    Total Input Jitter      (TIJ):    0.300ns
    Discrete Jitter          (DJ):    0.000ns
    Phase Error              (PE):    0.000ns
  Timing Exception:       False Path

    Location             Delay type                Incr(ns)  Path(ns)    Netlist Resource(s)
  -------------------------------------------------------------------    -------------------
                         (clock clk_fpga_0 rise edge)
                                                      0.000     0.000 r  
    PS7_X0Y0             PS7                          0.000     0.000 r  design_1_wrapper_i/design_1_i/processing_system7_0/inst/PS7_i/FCLKCLK[0]
                         net (fo=1, routed)           1.193     1.193    design_1_wrapper_i/design_1_i/processing_system7_0/inst/FCLK_CLK_unbuffered[0]
    BUFGCTRL_X0Y17       BUFG (Prop_bufg_I_O)         0.101     1.294 r  design_1_wrapper_i/design_1_i/processing_system7_0/inst/buffer_fclk_clk_0.FCLK_CLK_0_BUFG_replica/O
                         net (fo=112, routed)         0.146     1.440    design_1_wrapper_i/design_1_i/processing_system7_0/inst/FCLK_CLK0_repN
    BUFGCTRL_X0Y16       BUFG (Prop_bufg_I_O)         0.101     1.541 r  design_1_wrapper_i/design_1_i/processing_system7_0/inst/buffer_fclk_clk_0.FCLK_CLK_0_BUFG/O
                         net (fo=17939, routed)       1.647     3.188    design_1_wrapper_i/design_1_i/axi_smc/inst/clk_map/psr_aclk/U0/aclk
    SLICE_X37Y85         FDRE                                         r  design_1_wrapper_i/design_1_i/axi_smc/inst/clk_map/psr_aclk/U0/ACTIVE_LOW_BSR_OUT_DFF[0].FDRE_BSR_N/C
  -------------------------------------------------------------------    -------------------
    SLICE_X37Y85         FDRE (Prop_fdre_C_Q)         0.456     3.644 r  design_1_wrapper_i/design_1_i/axi_smc/inst/clk_map/psr_aclk/U0/ACTIVE_LOW_BSR_OUT_DFF[0].FDRE_BSR_N/Q
                         net (fo=9, routed)           1.425     5.069    <hidden>
    SLICE_X33Y82         LUT1 (Prop_lut1_I0_O)        0.124     5.193 f  <hidden>
                         net (fo=3, routed)           0.348     5.541    <hidden>
    SLICE_X33Y81         FDCE                                         f  <hidden>
  -------------------------------------------------------------------    -------------------

                         (clock clk_fpga_0 rise edge)
                                                      0.000     0.000 r  
    PS7_X0Y0             PS7                          0.000     0.000 r  design_1_wrapper_i/design_1_i/processing_system7_0/inst/PS7_i/FCLKCLK[0]
                         net (fo=1, routed)           1.088     1.088    design_1_wrapper_i/design_1_i/processing_system7_0/inst/FCLK_CLK_unbuffered[0]
    BUFGCTRL_X0Y17       BUFG (Prop_bufg_I_O)         0.091     1.179 r  design_1_wrapper_i/design_1_i/processing_system7_0/inst/buffer_fclk_clk_0.FCLK_CLK_0_BUFG_replica/O
                         net (fo=112, routed)         0.133     1.312    design_1_wrapper_i/design_1_i/processing_system7_0/inst/FCLK_CLK0_repN
    BUFGCTRL_X0Y16       BUFG (Prop_bufg_I_O)         0.091     1.403 r  design_1_wrapper_i/design_1_i/processing_system7_0/inst/buffer_fclk_clk_0.FCLK_CLK_0_BUFG/O
                         net (fo=17939, routed)       1.469     2.872    <hidden>
    SLICE_X33Y81         FDCE                                         r  <hidden>





Min Delay Paths
--------------------------------------------------------------------------------------
Slack:                    inf
  Source:                 design_1_wrapper_i/design_1_i/axi_smc/inst/clk_map/psr_aclk/U0/ACTIVE_LOW_BSR_OUT_DFF[0].FDRE_BSR_N/C
                            (rising edge-triggered cell FDRE clocked by clk_fpga_0  {rise@0.000ns fall@5.000ns period=10.000ns})
  Destination:            <hidden>
                            (removal check against rising-edge clock clk_fpga_0  {rise@0.000ns fall@5.000ns period=10.000ns})
  Path Group:             (none)
  Path Type:              Removal (Min at Fast Process Corner)
  Data Path Delay:        0.609ns  (logic 0.186ns (30.567%)  route 0.423ns (69.433%))
  Logic Levels:           1  (LUT1=1)
  Clock Path Skew:        0.302ns (DCD - SCD - CPR)
    Destination Clock Delay (DCD):    1.246ns
    Source Clock Delay      (SCD):    0.944ns
    Clock Pessimism Removal (CPR):    -0.000ns
  Clock Uncertainty:      0.154ns  ((TSJ^2 + TIJ^2)^1/2 + DJ) / 2 + PE
    Total System Jitter     (TSJ):    0.071ns
    Total Input Jitter      (TIJ):    0.300ns
    Discrete Jitter          (DJ):    0.000ns
    Phase Error              (PE):    0.000ns
  Timing Exception:       False Path

    Location             Delay type                Incr(ns)  Path(ns)    Netlist Resource(s)
  -------------------------------------------------------------------    -------------------
                         (clock clk_fpga_0 rise edge)
                                                      0.000     0.000 r  
    PS7_X0Y0             PS7                          0.000     0.000 r  design_1_wrapper_i/design_1_i/processing_system7_0/inst/PS7_i/FCLKCLK[0]
                         net (fo=1, routed)           0.310     0.310    design_1_wrapper_i/design_1_i/processing_system7_0/inst/FCLK_CLK_unbuffered[0]
    BUFGCTRL_X0Y17       BUFG (Prop_bufg_I_O)         0.026     0.336 r  design_1_wrapper_i/design_1_i/processing_system7_0/inst/buffer_fclk_clk_0.FCLK_CLK_0_BUFG_replica/O
                         net (fo=112, routed)         0.030     0.366    design_1_wrapper_i/design_1_i/processing_system7_0/inst/FCLK_CLK0_repN
    BUFGCTRL_X0Y16       BUFG (Prop_bufg_I_O)         0.026     0.392 r  design_1_wrapper_i/design_1_i/processing_system7_0/inst/buffer_fclk_clk_0.FCLK_CLK_0_BUFG/O
                         net (fo=17939, routed)       0.552     0.944    design_1_wrapper_i/design_1_i/axi_smc/inst/clk_map/psr_aclk/U0/aclk
    SLICE_X37Y85         FDRE                                         r  design_1_wrapper_i/design_1_i/axi_smc/inst/clk_map/psr_aclk/U0/ACTIVE_LOW_BSR_OUT_DFF[0].FDRE_BSR_N/C
  -------------------------------------------------------------------    -------------------
    SLICE_X37Y85         FDRE (Prop_fdre_C_Q)         0.141     1.085 r  design_1_wrapper_i/design_1_i/axi_smc/inst/clk_map/psr_aclk/U0/ACTIVE_LOW_BSR_OUT_DFF[0].FDRE_BSR_N/Q
                         net (fo=9, routed)           0.307     1.391    <hidden>
    SLICE_X37Y83         LUT1 (Prop_lut1_I0_O)        0.045     1.436 f  <hidden>
                         net (fo=3, routed)           0.116     1.552    <hidden>
    SLICE_X37Y84         FDCE                                         f  <hidden>
  -------------------------------------------------------------------    -------------------

                         (clock clk_fpga_0 rise edge)
                                                      0.000     0.000 r  
    PS7_X0Y0             PS7                          0.000     0.000 r  design_1_wrapper_i/design_1_i/processing_system7_0/inst/PS7_i/FCLKCLK[0]
                         net (fo=1, routed)           0.337     0.337    design_1_wrapper_i/design_1_i/processing_system7_0/inst/FCLK_CLK_unbuffered[0]
    BUFGCTRL_X0Y17       BUFG (Prop_bufg_I_O)         0.029     0.366 r  design_1_wrapper_i/design_1_i/processing_system7_0/inst/buffer_fclk_clk_0.FCLK_CLK_0_BUFG_replica/O
                         net (fo=112, routed)         0.033     0.399    design_1_wrapper_i/design_1_i/processing_system7_0/inst/FCLK_CLK0_repN
    BUFGCTRL_X0Y16       BUFG (Prop_bufg_I_O)         0.029     0.428 r  design_1_wrapper_i/design_1_i/processing_system7_0/inst/buffer_fclk_clk_0.FCLK_CLK_0_BUFG/O
                         net (fo=17939, routed)       0.818     1.246    <hidden>
    SLICE_X37Y84         FDCE                                         r  <hidden>

Slack:                    inf
  Source:                 design_1_wrapper_i/design_1_i/axi_smc/inst/clk_map/psr_aclk/U0/ACTIVE_LOW_BSR_OUT_DFF[0].FDRE_BSR_N/C
                            (rising edge-triggered cell FDRE clocked by clk_fpga_0  {rise@0.000ns fall@5.000ns period=10.000ns})
  Destination:            <hidden>
                            (removal check against rising-edge clock clk_fpga_0  {rise@0.000ns fall@5.000ns period=10.000ns})
  Path Group:             (none)
  Path Type:              Removal (Min at Fast Process Corner)
  Data Path Delay:        0.609ns  (logic 0.186ns (30.567%)  route 0.423ns (69.433%))
  Logic Levels:           1  (LUT1=1)
  Clock Path Skew:        0.302ns (DCD - SCD - CPR)
    Destination Clock Delay (DCD):    1.246ns
    Source Clock Delay      (SCD):    0.944ns
    Clock Pessimism Removal (CPR):    -0.000ns
  Clock Uncertainty:      0.154ns  ((TSJ^2 + TIJ^2)^1/2 + DJ) / 2 + PE
    Total System Jitter     (TSJ):    0.071ns
    Total Input Jitter      (TIJ):    0.300ns
    Discrete Jitter          (DJ):    0.000ns
    Phase Error              (PE):    0.000ns
  Timing Exception:       False Path

    Location             Delay type                Incr(ns)  Path(ns)    Netlist Resource(s)
  -------------------------------------------------------------------    -------------------
                         (clock clk_fpga_0 rise edge)
                                                      0.000     0.000 r  
    PS7_X0Y0             PS7                          0.000     0.000 r  design_1_wrapper_i/design_1_i/processing_system7_0/inst/PS7_i/FCLKCLK[0]
                         net (fo=1, routed)           0.310     0.310    design_1_wrapper_i/design_1_i/processing_system7_0/inst/FCLK_CLK_unbuffered[0]
    BUFGCTRL_X0Y17       BUFG (Prop_bufg_I_O)         0.026     0.336 r  design_1_wrapper_i/design_1_i/processing_system7_0/inst/buffer_fclk_clk_0.FCLK_CLK_0_BUFG_replica/O
                         net (fo=112, routed)         0.030     0.366    design_1_wrapper_i/design_1_i/processing_system7_0/inst/FCLK_CLK0_repN
    BUFGCTRL_X0Y16       BUFG (Prop_bufg_I_O)         0.026     0.392 r  design_1_wrapper_i/design_1_i/processing_system7_0/inst/buffer_fclk_clk_0.FCLK_CLK_0_BUFG/O
                         net (fo=17939, routed)       0.552     0.944    design_1_wrapper_i/design_1_i/axi_smc/inst/clk_map/psr_aclk/U0/aclk
    SLICE_X37Y85         FDRE                                         r  design_1_wrapper_i/design_1_i/axi_smc/inst/clk_map/psr_aclk/U0/ACTIVE_LOW_BSR_OUT_DFF[0].FDRE_BSR_N/C
  -------------------------------------------------------------------    -------------------
    SLICE_X37Y85         FDRE (Prop_fdre_C_Q)         0.141     1.085 r  design_1_wrapper_i/design_1_i/axi_smc/inst/clk_map/psr_aclk/U0/ACTIVE_LOW_BSR_OUT_DFF[0].FDRE_BSR_N/Q
                         net (fo=9, routed)           0.307     1.391    <hidden>
    SLICE_X37Y83         LUT1 (Prop_lut1_I0_O)        0.045     1.436 f  <hidden>
                         net (fo=3, routed)           0.116     1.552    <hidden>
    SLICE_X37Y84         FDCE                                         f  <hidden>
  -------------------------------------------------------------------    -------------------

                         (clock clk_fpga_0 rise edge)
                                                      0.000     0.000 r  
    PS7_X0Y0             PS7                          0.000     0.000 r  design_1_wrapper_i/design_1_i/processing_system7_0/inst/PS7_i/FCLKCLK[0]
                         net (fo=1, routed)           0.337     0.337    design_1_wrapper_i/design_1_i/processing_system7_0/inst/FCLK_CLK_unbuffered[0]
    BUFGCTRL_X0Y17       BUFG (Prop_bufg_I_O)         0.029     0.366 r  design_1_wrapper_i/design_1_i/processing_system7_0/inst/buffer_fclk_clk_0.FCLK_CLK_0_BUFG_replica/O
                         net (fo=112, routed)         0.033     0.399    design_1_wrapper_i/design_1_i/processing_system7_0/inst/FCLK_CLK0_repN
    BUFGCTRL_X0Y16       BUFG (Prop_bufg_I_O)         0.029     0.428 r  design_1_wrapper_i/design_1_i/processing_system7_0/inst/buffer_fclk_clk_0.FCLK_CLK_0_BUFG/O
                         net (fo=17939, routed)       0.818     1.246    <hidden>
    SLICE_X37Y84         FDCE                                         r  <hidden>

Slack:                    inf
  Source:                 design_1_wrapper_i/design_1_i/axi_smc/inst/clk_map/psr_aclk/U0/ACTIVE_LOW_BSR_OUT_DFF[0].FDRE_BSR_N/C
                            (rising edge-triggered cell FDRE clocked by clk_fpga_0  {rise@0.000ns fall@5.000ns period=10.000ns})
  Destination:            <hidden>
                            (removal check against rising-edge clock clk_fpga_0  {rise@0.000ns fall@5.000ns period=10.000ns})
  Path Group:             (none)
  Path Type:              Removal (Min at Fast Process Corner)
  Data Path Delay:        0.609ns  (logic 0.186ns (30.567%)  route 0.423ns (69.433%))
  Logic Levels:           1  (LUT1=1)
  Clock Path Skew:        0.302ns (DCD - SCD - CPR)
    Destination Clock Delay (DCD):    1.246ns
    Source Clock Delay      (SCD):    0.944ns
    Clock Pessimism Removal (CPR):    -0.000ns
  Clock Uncertainty:      0.154ns  ((TSJ^2 + TIJ^2)^1/2 + DJ) / 2 + PE
    Total System Jitter     (TSJ):    0.071ns
    Total Input Jitter      (TIJ):    0.300ns
    Discrete Jitter          (DJ):    0.000ns
    Phase Error              (PE):    0.000ns
  Timing Exception:       False Path

    Location             Delay type                Incr(ns)  Path(ns)    Netlist Resource(s)
  -------------------------------------------------------------------    -------------------
                         (clock clk_fpga_0 rise edge)
                                                      0.000     0.000 r  
    PS7_X0Y0             PS7                          0.000     0.000 r  design_1_wrapper_i/design_1_i/processing_system7_0/inst/PS7_i/FCLKCLK[0]
                         net (fo=1, routed)           0.310     0.310    design_1_wrapper_i/design_1_i/processing_system7_0/inst/FCLK_CLK_unbuffered[0]
    BUFGCTRL_X0Y17       BUFG (Prop_bufg_I_O)         0.026     0.336 r  design_1_wrapper_i/design_1_i/processing_system7_0/inst/buffer_fclk_clk_0.FCLK_CLK_0_BUFG_replica/O
                         net (fo=112, routed)         0.030     0.366    design_1_wrapper_i/design_1_i/processing_system7_0/inst/FCLK_CLK0_repN
    BUFGCTRL_X0Y16       BUFG (Prop_bufg_I_O)         0.026     0.392 r  design_1_wrapper_i/design_1_i/processing_system7_0/inst/buffer_fclk_clk_0.FCLK_CLK_0_BUFG/O
                         net (fo=17939, routed)       0.552     0.944    design_1_wrapper_i/design_1_i/axi_smc/inst/clk_map/psr_aclk/U0/aclk
    SLICE_X37Y85         FDRE                                         r  design_1_wrapper_i/design_1_i/axi_smc/inst/clk_map/psr_aclk/U0/ACTIVE_LOW_BSR_OUT_DFF[0].FDRE_BSR_N/C
  -------------------------------------------------------------------    -------------------
    SLICE_X37Y85         FDRE (Prop_fdre_C_Q)         0.141     1.085 r  design_1_wrapper_i/design_1_i/axi_smc/inst/clk_map/psr_aclk/U0/ACTIVE_LOW_BSR_OUT_DFF[0].FDRE_BSR_N/Q
                         net (fo=9, routed)           0.307     1.391    <hidden>
    SLICE_X37Y83         LUT1 (Prop_lut1_I0_O)        0.045     1.436 f  <hidden>
                         net (fo=3, routed)           0.116     1.552    <hidden>
    SLICE_X37Y84         FDCE                                         f  <hidden>
  -------------------------------------------------------------------    -------------------

                         (clock clk_fpga_0 rise edge)
                                                      0.000     0.000 r  
    PS7_X0Y0             PS7                          0.000     0.000 r  design_1_wrapper_i/design_1_i/processing_system7_0/inst/PS7_i/FCLKCLK[0]
                         net (fo=1, routed)           0.337     0.337    design_1_wrapper_i/design_1_i/processing_system7_0/inst/FCLK_CLK_unbuffered[0]
    BUFGCTRL_X0Y17       BUFG (Prop_bufg_I_O)         0.029     0.366 r  design_1_wrapper_i/design_1_i/processing_system7_0/inst/buffer_fclk_clk_0.FCLK_CLK_0_BUFG_replica/O
                         net (fo=112, routed)         0.033     0.399    design_1_wrapper_i/design_1_i/processing_system7_0/inst/FCLK_CLK0_repN
    BUFGCTRL_X0Y16       BUFG (Prop_bufg_I_O)         0.029     0.428 r  design_1_wrapper_i/design_1_i/processing_system7_0/inst/buffer_fclk_clk_0.FCLK_CLK_0_BUFG/O
                         net (fo=17939, routed)       0.818     1.246    <hidden>
    SLICE_X37Y84         FDCE                                         r  <hidden>

Slack:                    inf
  Source:                 design_1_wrapper_i/design_1_i/axi_smc/inst/clk_map/psr_aclk/U0/ACTIVE_LOW_BSR_OUT_DFF[0].FDRE_BSR_N/C
                            (rising edge-triggered cell FDRE clocked by clk_fpga_0  {rise@0.000ns fall@5.000ns period=10.000ns})
  Destination:            <hidden>
                            (removal check against rising-edge clock clk_fpga_0  {rise@0.000ns fall@5.000ns period=10.000ns})
  Path Group:             (none)
  Path Type:              Removal (Min at Fast Process Corner)
  Data Path Delay:        0.675ns  (logic 0.186ns (27.541%)  route 0.489ns (72.459%))
  Logic Levels:           1  (LUT1=1)
  Clock Path Skew:        0.299ns (DCD - SCD - CPR)
    Destination Clock Delay (DCD):    1.243ns
    Source Clock Delay      (SCD):    0.944ns
    Clock Pessimism Removal (CPR):    -0.000ns
  Clock Uncertainty:      0.154ns  ((TSJ^2 + TIJ^2)^1/2 + DJ) / 2 + PE
    Total System Jitter     (TSJ):    0.071ns
    Total Input Jitter      (TIJ):    0.300ns
    Discrete Jitter          (DJ):    0.000ns
    Phase Error              (PE):    0.000ns
  Timing Exception:       False Path

    Location             Delay type                Incr(ns)  Path(ns)    Netlist Resource(s)
  -------------------------------------------------------------------    -------------------
                         (clock clk_fpga_0 rise edge)
                                                      0.000     0.000 r  
    PS7_X0Y0             PS7                          0.000     0.000 r  design_1_wrapper_i/design_1_i/processing_system7_0/inst/PS7_i/FCLKCLK[0]
                         net (fo=1, routed)           0.310     0.310    design_1_wrapper_i/design_1_i/processing_system7_0/inst/FCLK_CLK_unbuffered[0]
    BUFGCTRL_X0Y17       BUFG (Prop_bufg_I_O)         0.026     0.336 r  design_1_wrapper_i/design_1_i/processing_system7_0/inst/buffer_fclk_clk_0.FCLK_CLK_0_BUFG_replica/O
                         net (fo=112, routed)         0.030     0.366    design_1_wrapper_i/design_1_i/processing_system7_0/inst/FCLK_CLK0_repN
    BUFGCTRL_X0Y16       BUFG (Prop_bufg_I_O)         0.026     0.392 r  design_1_wrapper_i/design_1_i/processing_system7_0/inst/buffer_fclk_clk_0.FCLK_CLK_0_BUFG/O
                         net (fo=17939, routed)       0.552     0.944    design_1_wrapper_i/design_1_i/axi_smc/inst/clk_map/psr_aclk/U0/aclk
    SLICE_X37Y85         FDRE                                         r  design_1_wrapper_i/design_1_i/axi_smc/inst/clk_map/psr_aclk/U0/ACTIVE_LOW_BSR_OUT_DFF[0].FDRE_BSR_N/C
  -------------------------------------------------------------------    -------------------
    SLICE_X37Y85         FDRE (Prop_fdre_C_Q)         0.141     1.085 r  design_1_wrapper_i/design_1_i/axi_smc/inst/clk_map/psr_aclk/U0/ACTIVE_LOW_BSR_OUT_DFF[0].FDRE_BSR_N/Q
                         net (fo=9, routed)           0.287     1.372    <hidden>
    SLICE_X34Y85         LUT1 (Prop_lut1_I0_O)        0.045     1.417 f  <hidden>
                         net (fo=3, routed)           0.202     1.619    <hidden>
    SLICE_X34Y80         FDCE                                         f  <hidden>
  -------------------------------------------------------------------    -------------------

                         (clock clk_fpga_0 rise edge)
                                                      0.000     0.000 r  
    PS7_X0Y0             PS7                          0.000     0.000 r  design_1_wrapper_i/design_1_i/processing_system7_0/inst/PS7_i/FCLKCLK[0]
                         net (fo=1, routed)           0.337     0.337    design_1_wrapper_i/design_1_i/processing_system7_0/inst/FCLK_CLK_unbuffered[0]
    BUFGCTRL_X0Y17       BUFG (Prop_bufg_I_O)         0.029     0.366 r  design_1_wrapper_i/design_1_i/processing_system7_0/inst/buffer_fclk_clk_0.FCLK_CLK_0_BUFG_replica/O
                         net (fo=112, routed)         0.033     0.399    design_1_wrapper_i/design_1_i/processing_system7_0/inst/FCLK_CLK0_repN
    BUFGCTRL_X0Y16       BUFG (Prop_bufg_I_O)         0.029     0.428 r  design_1_wrapper_i/design_1_i/processing_system7_0/inst/buffer_fclk_clk_0.FCLK_CLK_0_BUFG/O
                         net (fo=17939, routed)       0.815     1.243    <hidden>
    SLICE_X34Y80         FDCE                                         r  <hidden>

Slack:                    inf
  Source:                 design_1_wrapper_i/design_1_i/axi_smc/inst/clk_map/psr_aclk/U0/ACTIVE_LOW_BSR_OUT_DFF[0].FDRE_BSR_N/C
                            (rising edge-triggered cell FDRE clocked by clk_fpga_0  {rise@0.000ns fall@5.000ns period=10.000ns})
  Destination:            <hidden>
                            (removal check against rising-edge clock clk_fpga_0  {rise@0.000ns fall@5.000ns period=10.000ns})
  Path Group:             (none)
  Path Type:              Removal (Min at Fast Process Corner)
  Data Path Delay:        0.675ns  (logic 0.186ns (27.541%)  route 0.489ns (72.459%))
  Logic Levels:           1  (LUT1=1)
  Clock Path Skew:        0.299ns (DCD - SCD - CPR)
    Destination Clock Delay (DCD):    1.243ns
    Source Clock Delay      (SCD):    0.944ns
    Clock Pessimism Removal (CPR):    -0.000ns
  Clock Uncertainty:      0.154ns  ((TSJ^2 + TIJ^2)^1/2 + DJ) / 2 + PE
    Total System Jitter     (TSJ):    0.071ns
    Total Input Jitter      (TIJ):    0.300ns
    Discrete Jitter          (DJ):    0.000ns
    Phase Error              (PE):    0.000ns
  Timing Exception:       False Path

    Location             Delay type                Incr(ns)  Path(ns)    Netlist Resource(s)
  -------------------------------------------------------------------    -------------------
                         (clock clk_fpga_0 rise edge)
                                                      0.000     0.000 r  
    PS7_X0Y0             PS7                          0.000     0.000 r  design_1_wrapper_i/design_1_i/processing_system7_0/inst/PS7_i/FCLKCLK[0]
                         net (fo=1, routed)           0.310     0.310    design_1_wrapper_i/design_1_i/processing_system7_0/inst/FCLK_CLK_unbuffered[0]
    BUFGCTRL_X0Y17       BUFG (Prop_bufg_I_O)         0.026     0.336 r  design_1_wrapper_i/design_1_i/processing_system7_0/inst/buffer_fclk_clk_0.FCLK_CLK_0_BUFG_replica/O
                         net (fo=112, routed)         0.030     0.366    design_1_wrapper_i/design_1_i/processing_system7_0/inst/FCLK_CLK0_repN
    BUFGCTRL_X0Y16       BUFG (Prop_bufg_I_O)         0.026     0.392 r  design_1_wrapper_i/design_1_i/processing_system7_0/inst/buffer_fclk_clk_0.FCLK_CLK_0_BUFG/O
                         net (fo=17939, routed)       0.552     0.944    design_1_wrapper_i/design_1_i/axi_smc/inst/clk_map/psr_aclk/U0/aclk
    SLICE_X37Y85         FDRE                                         r  design_1_wrapper_i/design_1_i/axi_smc/inst/clk_map/psr_aclk/U0/ACTIVE_LOW_BSR_OUT_DFF[0].FDRE_BSR_N/C
  -------------------------------------------------------------------    -------------------
    SLICE_X37Y85         FDRE (Prop_fdre_C_Q)         0.141     1.085 r  design_1_wrapper_i/design_1_i/axi_smc/inst/clk_map/psr_aclk/U0/ACTIVE_LOW_BSR_OUT_DFF[0].FDRE_BSR_N/Q
                         net (fo=9, routed)           0.287     1.372    <hidden>
    SLICE_X34Y85         LUT1 (Prop_lut1_I0_O)        0.045     1.417 f  <hidden>
                         net (fo=3, routed)           0.202     1.619    <hidden>
    SLICE_X34Y80         FDCE                                         f  <hidden>
  -------------------------------------------------------------------    -------------------

                         (clock clk_fpga_0 rise edge)
                                                      0.000     0.000 r  
    PS7_X0Y0             PS7                          0.000     0.000 r  design_1_wrapper_i/design_1_i/processing_system7_0/inst/PS7_i/FCLKCLK[0]
                         net (fo=1, routed)           0.337     0.337    design_1_wrapper_i/design_1_i/processing_system7_0/inst/FCLK_CLK_unbuffered[0]
    BUFGCTRL_X0Y17       BUFG (Prop_bufg_I_O)         0.029     0.366 r  design_1_wrapper_i/design_1_i/processing_system7_0/inst/buffer_fclk_clk_0.FCLK_CLK_0_BUFG_replica/O
                         net (fo=112, routed)         0.033     0.399    design_1_wrapper_i/design_1_i/processing_system7_0/inst/FCLK_CLK0_repN
    BUFGCTRL_X0Y16       BUFG (Prop_bufg_I_O)         0.029     0.428 r  design_1_wrapper_i/design_1_i/processing_system7_0/inst/buffer_fclk_clk_0.FCLK_CLK_0_BUFG/O
                         net (fo=17939, routed)       0.815     1.243    <hidden>
    SLICE_X34Y80         FDCE                                         r  <hidden>

Slack:                    inf
  Source:                 design_1_wrapper_i/design_1_i/axi_smc/inst/clk_map/psr_aclk/U0/ACTIVE_LOW_BSR_OUT_DFF[0].FDRE_BSR_N/C
                            (rising edge-triggered cell FDRE clocked by clk_fpga_0  {rise@0.000ns fall@5.000ns period=10.000ns})
  Destination:            <hidden>
                            (removal check against rising-edge clock clk_fpga_0  {rise@0.000ns fall@5.000ns period=10.000ns})
  Path Group:             (none)
  Path Type:              Removal (Min at Fast Process Corner)
  Data Path Delay:        0.675ns  (logic 0.186ns (27.541%)  route 0.489ns (72.459%))
  Logic Levels:           1  (LUT1=1)
  Clock Path Skew:        0.299ns (DCD - SCD - CPR)
    Destination Clock Delay (DCD):    1.243ns
    Source Clock Delay      (SCD):    0.944ns
    Clock Pessimism Removal (CPR):    -0.000ns
  Clock Uncertainty:      0.154ns  ((TSJ^2 + TIJ^2)^1/2 + DJ) / 2 + PE
    Total System Jitter     (TSJ):    0.071ns
    Total Input Jitter      (TIJ):    0.300ns
    Discrete Jitter          (DJ):    0.000ns
    Phase Error              (PE):    0.000ns
  Timing Exception:       False Path

    Location             Delay type                Incr(ns)  Path(ns)    Netlist Resource(s)
  -------------------------------------------------------------------    -------------------
                         (clock clk_fpga_0 rise edge)
                                                      0.000     0.000 r  
    PS7_X0Y0             PS7                          0.000     0.000 r  design_1_wrapper_i/design_1_i/processing_system7_0/inst/PS7_i/FCLKCLK[0]
                         net (fo=1, routed)           0.310     0.310    design_1_wrapper_i/design_1_i/processing_system7_0/inst/FCLK_CLK_unbuffered[0]
    BUFGCTRL_X0Y17       BUFG (Prop_bufg_I_O)         0.026     0.336 r  design_1_wrapper_i/design_1_i/processing_system7_0/inst/buffer_fclk_clk_0.FCLK_CLK_0_BUFG_replica/O
                         net (fo=112, routed)         0.030     0.366    design_1_wrapper_i/design_1_i/processing_system7_0/inst/FCLK_CLK0_repN
    BUFGCTRL_X0Y16       BUFG (Prop_bufg_I_O)         0.026     0.392 r  design_1_wrapper_i/design_1_i/processing_system7_0/inst/buffer_fclk_clk_0.FCLK_CLK_0_BUFG/O
                         net (fo=17939, routed)       0.552     0.944    design_1_wrapper_i/design_1_i/axi_smc/inst/clk_map/psr_aclk/U0/aclk
    SLICE_X37Y85         FDRE                                         r  design_1_wrapper_i/design_1_i/axi_smc/inst/clk_map/psr_aclk/U0/ACTIVE_LOW_BSR_OUT_DFF[0].FDRE_BSR_N/C
  -------------------------------------------------------------------    -------------------
    SLICE_X37Y85         FDRE (Prop_fdre_C_Q)         0.141     1.085 r  design_1_wrapper_i/design_1_i/axi_smc/inst/clk_map/psr_aclk/U0/ACTIVE_LOW_BSR_OUT_DFF[0].FDRE_BSR_N/Q
                         net (fo=9, routed)           0.287     1.372    <hidden>
    SLICE_X34Y85         LUT1 (Prop_lut1_I0_O)        0.045     1.417 f  <hidden>
                         net (fo=3, routed)           0.202     1.619    <hidden>
    SLICE_X34Y80         FDCE                                         f  <hidden>
  -------------------------------------------------------------------    -------------------

                         (clock clk_fpga_0 rise edge)
                                                      0.000     0.000 r  
    PS7_X0Y0             PS7                          0.000     0.000 r  design_1_wrapper_i/design_1_i/processing_system7_0/inst/PS7_i/FCLKCLK[0]
                         net (fo=1, routed)           0.337     0.337    design_1_wrapper_i/design_1_i/processing_system7_0/inst/FCLK_CLK_unbuffered[0]
    BUFGCTRL_X0Y17       BUFG (Prop_bufg_I_O)         0.029     0.366 r  design_1_wrapper_i/design_1_i/processing_system7_0/inst/buffer_fclk_clk_0.FCLK_CLK_0_BUFG_replica/O
                         net (fo=112, routed)         0.033     0.399    design_1_wrapper_i/design_1_i/processing_system7_0/inst/FCLK_CLK0_repN
    BUFGCTRL_X0Y16       BUFG (Prop_bufg_I_O)         0.029     0.428 r  design_1_wrapper_i/design_1_i/processing_system7_0/inst/buffer_fclk_clk_0.FCLK_CLK_0_BUFG/O
                         net (fo=17939, routed)       0.815     1.243    <hidden>
    SLICE_X34Y80         FDCE                                         r  <hidden>

Slack:                    inf
  Source:                 design_1_wrapper_i/design_1_i/axi_smc/inst/clk_map/psr_aclk/U0/ACTIVE_LOW_BSR_OUT_DFF[0].FDRE_BSR_N/C
                            (rising edge-triggered cell FDRE clocked by clk_fpga_0  {rise@0.000ns fall@5.000ns period=10.000ns})
  Destination:            <hidden>
                            (removal check against rising-edge clock clk_fpga_0  {rise@0.000ns fall@5.000ns period=10.000ns})
  Path Group:             (none)
  Path Type:              Removal (Min at Fast Process Corner)
  Data Path Delay:        0.677ns  (logic 0.186ns (27.473%)  route 0.491ns (72.527%))
  Logic Levels:           1  (LUT1=1)
  Clock Path Skew:        0.304ns (DCD - SCD - CPR)
    Destination Clock Delay (DCD):    1.248ns
    Source Clock Delay      (SCD):    0.944ns
    Clock Pessimism Removal (CPR):    -0.000ns
  Clock Uncertainty:      0.154ns  ((TSJ^2 + TIJ^2)^1/2 + DJ) / 2 + PE
    Total System Jitter     (TSJ):    0.071ns
    Total Input Jitter      (TIJ):    0.300ns
    Discrete Jitter          (DJ):    0.000ns
    Phase Error              (PE):    0.000ns
  Timing Exception:       False Path

    Location             Delay type                Incr(ns)  Path(ns)    Netlist Resource(s)
  -------------------------------------------------------------------    -------------------
                         (clock clk_fpga_0 rise edge)
                                                      0.000     0.000 r  
    PS7_X0Y0             PS7                          0.000     0.000 r  design_1_wrapper_i/design_1_i/processing_system7_0/inst/PS7_i/FCLKCLK[0]
                         net (fo=1, routed)           0.310     0.310    design_1_wrapper_i/design_1_i/processing_system7_0/inst/FCLK_CLK_unbuffered[0]
    BUFGCTRL_X0Y17       BUFG (Prop_bufg_I_O)         0.026     0.336 r  design_1_wrapper_i/design_1_i/processing_system7_0/inst/buffer_fclk_clk_0.FCLK_CLK_0_BUFG_replica/O
                         net (fo=112, routed)         0.030     0.366    design_1_wrapper_i/design_1_i/processing_system7_0/inst/FCLK_CLK0_repN
    BUFGCTRL_X0Y16       BUFG (Prop_bufg_I_O)         0.026     0.392 r  design_1_wrapper_i/design_1_i/processing_system7_0/inst/buffer_fclk_clk_0.FCLK_CLK_0_BUFG/O
                         net (fo=17939, routed)       0.552     0.944    design_1_wrapper_i/design_1_i/axi_smc/inst/clk_map/psr_aclk/U0/aclk
    SLICE_X37Y85         FDRE                                         r  design_1_wrapper_i/design_1_i/axi_smc/inst/clk_map/psr_aclk/U0/ACTIVE_LOW_BSR_OUT_DFF[0].FDRE_BSR_N/C
  -------------------------------------------------------------------    -------------------
    SLICE_X37Y85         FDRE (Prop_fdre_C_Q)         0.141     1.085 r  design_1_wrapper_i/design_1_i/axi_smc/inst/clk_map/psr_aclk/U0/ACTIVE_LOW_BSR_OUT_DFF[0].FDRE_BSR_N/Q
                         net (fo=9, routed)           0.287     1.371    <hidden>
    SLICE_X38Y87         LUT1 (Prop_lut1_I0_O)        0.045     1.416 f  <hidden>
                         net (fo=3, routed)           0.204     1.621    <hidden>
    SLICE_X38Y87         FDCE                                         f  <hidden>
  -------------------------------------------------------------------    -------------------

                         (clock clk_fpga_0 rise edge)
                                                      0.000     0.000 r  
    PS7_X0Y0             PS7                          0.000     0.000 r  design_1_wrapper_i/design_1_i/processing_system7_0/inst/PS7_i/FCLKCLK[0]
                         net (fo=1, routed)           0.337     0.337    design_1_wrapper_i/design_1_i/processing_system7_0/inst/FCLK_CLK_unbuffered[0]
    BUFGCTRL_X0Y17       BUFG (Prop_bufg_I_O)         0.029     0.366 r  design_1_wrapper_i/design_1_i/processing_system7_0/inst/buffer_fclk_clk_0.FCLK_CLK_0_BUFG_replica/O
                         net (fo=112, routed)         0.033     0.399    design_1_wrapper_i/design_1_i/processing_system7_0/inst/FCLK_CLK0_repN
    BUFGCTRL_X0Y16       BUFG (Prop_bufg_I_O)         0.029     0.428 r  design_1_wrapper_i/design_1_i/processing_system7_0/inst/buffer_fclk_clk_0.FCLK_CLK_0_BUFG/O
                         net (fo=17939, routed)       0.820     1.248    <hidden>
    SLICE_X38Y87         FDCE                                         r  <hidden>

Slack:                    inf
  Source:                 design_1_wrapper_i/design_1_i/axi_smc/inst/clk_map/psr_aclk/U0/ACTIVE_LOW_BSR_OUT_DFF[0].FDRE_BSR_N/C
                            (rising edge-triggered cell FDRE clocked by clk_fpga_0  {rise@0.000ns fall@5.000ns period=10.000ns})
  Destination:            <hidden>
                            (removal check against rising-edge clock clk_fpga_0  {rise@0.000ns fall@5.000ns period=10.000ns})
  Path Group:             (none)
  Path Type:              Removal (Min at Fast Process Corner)
  Data Path Delay:        0.677ns  (logic 0.186ns (27.473%)  route 0.491ns (72.527%))
  Logic Levels:           1  (LUT1=1)
  Clock Path Skew:        0.304ns (DCD - SCD - CPR)
    Destination Clock Delay (DCD):    1.248ns
    Source Clock Delay      (SCD):    0.944ns
    Clock Pessimism Removal (CPR):    -0.000ns
  Clock Uncertainty:      0.154ns  ((TSJ^2 + TIJ^2)^1/2 + DJ) / 2 + PE
    Total System Jitter     (TSJ):    0.071ns
    Total Input Jitter      (TIJ):    0.300ns
    Discrete Jitter          (DJ):    0.000ns
    Phase Error              (PE):    0.000ns
  Timing Exception:       False Path

    Location             Delay type                Incr(ns)  Path(ns)    Netlist Resource(s)
  -------------------------------------------------------------------    -------------------
                         (clock clk_fpga_0 rise edge)
                                                      0.000     0.000 r  
    PS7_X0Y0             PS7                          0.000     0.000 r  design_1_wrapper_i/design_1_i/processing_system7_0/inst/PS7_i/FCLKCLK[0]
                         net (fo=1, routed)           0.310     0.310    design_1_wrapper_i/design_1_i/processing_system7_0/inst/FCLK_CLK_unbuffered[0]
    BUFGCTRL_X0Y17       BUFG (Prop_bufg_I_O)         0.026     0.336 r  design_1_wrapper_i/design_1_i/processing_system7_0/inst/buffer_fclk_clk_0.FCLK_CLK_0_BUFG_replica/O
                         net (fo=112, routed)         0.030     0.366    design_1_wrapper_i/design_1_i/processing_system7_0/inst/FCLK_CLK0_repN
    BUFGCTRL_X0Y16       BUFG (Prop_bufg_I_O)         0.026     0.392 r  design_1_wrapper_i/design_1_i/processing_system7_0/inst/buffer_fclk_clk_0.FCLK_CLK_0_BUFG/O
                         net (fo=17939, routed)       0.552     0.944    design_1_wrapper_i/design_1_i/axi_smc/inst/clk_map/psr_aclk/U0/aclk
    SLICE_X37Y85         FDRE                                         r  design_1_wrapper_i/design_1_i/axi_smc/inst/clk_map/psr_aclk/U0/ACTIVE_LOW_BSR_OUT_DFF[0].FDRE_BSR_N/C
  -------------------------------------------------------------------    -------------------
    SLICE_X37Y85         FDRE (Prop_fdre_C_Q)         0.141     1.085 r  design_1_wrapper_i/design_1_i/axi_smc/inst/clk_map/psr_aclk/U0/ACTIVE_LOW_BSR_OUT_DFF[0].FDRE_BSR_N/Q
                         net (fo=9, routed)           0.287     1.371    <hidden>
    SLICE_X38Y87         LUT1 (Prop_lut1_I0_O)        0.045     1.416 f  <hidden>
                         net (fo=3, routed)           0.204     1.621    <hidden>
    SLICE_X38Y87         FDCE                                         f  <hidden>
  -------------------------------------------------------------------    -------------------

                         (clock clk_fpga_0 rise edge)
                                                      0.000     0.000 r  
    PS7_X0Y0             PS7                          0.000     0.000 r  design_1_wrapper_i/design_1_i/processing_system7_0/inst/PS7_i/FCLKCLK[0]
                         net (fo=1, routed)           0.337     0.337    design_1_wrapper_i/design_1_i/processing_system7_0/inst/FCLK_CLK_unbuffered[0]
    BUFGCTRL_X0Y17       BUFG (Prop_bufg_I_O)         0.029     0.366 r  design_1_wrapper_i/design_1_i/processing_system7_0/inst/buffer_fclk_clk_0.FCLK_CLK_0_BUFG_replica/O
                         net (fo=112, routed)         0.033     0.399    design_1_wrapper_i/design_1_i/processing_system7_0/inst/FCLK_CLK0_repN
    BUFGCTRL_X0Y16       BUFG (Prop_bufg_I_O)         0.029     0.428 r  design_1_wrapper_i/design_1_i/processing_system7_0/inst/buffer_fclk_clk_0.FCLK_CLK_0_BUFG/O
                         net (fo=17939, routed)       0.820     1.248    <hidden>
    SLICE_X38Y87         FDCE                                         r  <hidden>

Slack:                    inf
  Source:                 design_1_wrapper_i/design_1_i/axi_smc/inst/clk_map/psr_aclk/U0/ACTIVE_LOW_BSR_OUT_DFF[0].FDRE_BSR_N/C
                            (rising edge-triggered cell FDRE clocked by clk_fpga_0  {rise@0.000ns fall@5.000ns period=10.000ns})
  Destination:            <hidden>
                            (removal check against rising-edge clock clk_fpga_0  {rise@0.000ns fall@5.000ns period=10.000ns})
  Path Group:             (none)
  Path Type:              Removal (Min at Fast Process Corner)
  Data Path Delay:        0.677ns  (logic 0.186ns (27.473%)  route 0.491ns (72.527%))
  Logic Levels:           1  (LUT1=1)
  Clock Path Skew:        0.304ns (DCD - SCD - CPR)
    Destination Clock Delay (DCD):    1.248ns
    Source Clock Delay      (SCD):    0.944ns
    Clock Pessimism Removal (CPR):    -0.000ns
  Clock Uncertainty:      0.154ns  ((TSJ^2 + TIJ^2)^1/2 + DJ) / 2 + PE
    Total System Jitter     (TSJ):    0.071ns
    Total Input Jitter      (TIJ):    0.300ns
    Discrete Jitter          (DJ):    0.000ns
    Phase Error              (PE):    0.000ns
  Timing Exception:       False Path

    Location             Delay type                Incr(ns)  Path(ns)    Netlist Resource(s)
  -------------------------------------------------------------------    -------------------
                         (clock clk_fpga_0 rise edge)
                                                      0.000     0.000 r  
    PS7_X0Y0             PS7                          0.000     0.000 r  design_1_wrapper_i/design_1_i/processing_system7_0/inst/PS7_i/FCLKCLK[0]
                         net (fo=1, routed)           0.310     0.310    design_1_wrapper_i/design_1_i/processing_system7_0/inst/FCLK_CLK_unbuffered[0]
    BUFGCTRL_X0Y17       BUFG (Prop_bufg_I_O)         0.026     0.336 r  design_1_wrapper_i/design_1_i/processing_system7_0/inst/buffer_fclk_clk_0.FCLK_CLK_0_BUFG_replica/O
                         net (fo=112, routed)         0.030     0.366    design_1_wrapper_i/design_1_i/processing_system7_0/inst/FCLK_CLK0_repN
    BUFGCTRL_X0Y16       BUFG (Prop_bufg_I_O)         0.026     0.392 r  design_1_wrapper_i/design_1_i/processing_system7_0/inst/buffer_fclk_clk_0.FCLK_CLK_0_BUFG/O
                         net (fo=17939, routed)       0.552     0.944    design_1_wrapper_i/design_1_i/axi_smc/inst/clk_map/psr_aclk/U0/aclk
    SLICE_X37Y85         FDRE                                         r  design_1_wrapper_i/design_1_i/axi_smc/inst/clk_map/psr_aclk/U0/ACTIVE_LOW_BSR_OUT_DFF[0].FDRE_BSR_N/C
  -------------------------------------------------------------------    -------------------
    SLICE_X37Y85         FDRE (Prop_fdre_C_Q)         0.141     1.085 r  design_1_wrapper_i/design_1_i/axi_smc/inst/clk_map/psr_aclk/U0/ACTIVE_LOW_BSR_OUT_DFF[0].FDRE_BSR_N/Q
                         net (fo=9, routed)           0.287     1.371    <hidden>
    SLICE_X38Y87         LUT1 (Prop_lut1_I0_O)        0.045     1.416 f  <hidden>
                         net (fo=3, routed)           0.204     1.621    <hidden>
    SLICE_X38Y87         FDCE                                         f  <hidden>
  -------------------------------------------------------------------    -------------------

                         (clock clk_fpga_0 rise edge)
                                                      0.000     0.000 r  
    PS7_X0Y0             PS7                          0.000     0.000 r  design_1_wrapper_i/design_1_i/processing_system7_0/inst/PS7_i/FCLKCLK[0]
                         net (fo=1, routed)           0.337     0.337    design_1_wrapper_i/design_1_i/processing_system7_0/inst/FCLK_CLK_unbuffered[0]
    BUFGCTRL_X0Y17       BUFG (Prop_bufg_I_O)         0.029     0.366 r  design_1_wrapper_i/design_1_i/processing_system7_0/inst/buffer_fclk_clk_0.FCLK_CLK_0_BUFG_replica/O
                         net (fo=112, routed)         0.033     0.399    design_1_wrapper_i/design_1_i/processing_system7_0/inst/FCLK_CLK0_repN
    BUFGCTRL_X0Y16       BUFG (Prop_bufg_I_O)         0.029     0.428 r  design_1_wrapper_i/design_1_i/processing_system7_0/inst/buffer_fclk_clk_0.FCLK_CLK_0_BUFG/O
                         net (fo=17939, routed)       0.820     1.248    <hidden>
    SLICE_X38Y87         FDCE                                         r  <hidden>

Slack:                    inf
  Source:                 design_1_wrapper_i/design_1_i/axi_smc/inst/clk_map/psr_aclk/U0/ACTIVE_LOW_BSR_OUT_DFF[0].FDRE_BSR_N/C
                            (rising edge-triggered cell FDRE clocked by clk_fpga_0  {rise@0.000ns fall@5.000ns period=10.000ns})
  Destination:            <hidden>
                            (removal check against rising-edge clock clk_fpga_0  {rise@0.000ns fall@5.000ns period=10.000ns})
  Path Group:             (none)
  Path Type:              Removal (Min at Fast Process Corner)
  Data Path Delay:        0.685ns  (logic 0.185ns (26.995%)  route 0.500ns (73.005%))
  Logic Levels:           1  (LUT1=1)
  Clock Path Skew:        0.301ns (DCD - SCD - CPR)
    Destination Clock Delay (DCD):    1.245ns
    Source Clock Delay      (SCD):    0.944ns
    Clock Pessimism Removal (CPR):    -0.000ns
  Clock Uncertainty:      0.154ns  ((TSJ^2 + TIJ^2)^1/2 + DJ) / 2 + PE
    Total System Jitter     (TSJ):    0.071ns
    Total Input Jitter      (TIJ):    0.300ns
    Discrete Jitter          (DJ):    0.000ns
    Phase Error              (PE):    0.000ns
  Timing Exception:       False Path

    Location             Delay type                Incr(ns)  Path(ns)    Netlist Resource(s)
  -------------------------------------------------------------------    -------------------
                         (clock clk_fpga_0 rise edge)
                                                      0.000     0.000 r  
    PS7_X0Y0             PS7                          0.000     0.000 r  design_1_wrapper_i/design_1_i/processing_system7_0/inst/PS7_i/FCLKCLK[0]
                         net (fo=1, routed)           0.310     0.310    design_1_wrapper_i/design_1_i/processing_system7_0/inst/FCLK_CLK_unbuffered[0]
    BUFGCTRL_X0Y17       BUFG (Prop_bufg_I_O)         0.026     0.336 r  design_1_wrapper_i/design_1_i/processing_system7_0/inst/buffer_fclk_clk_0.FCLK_CLK_0_BUFG_replica/O
                         net (fo=112, routed)         0.030     0.366    design_1_wrapper_i/design_1_i/processing_system7_0/inst/FCLK_CLK0_repN
    BUFGCTRL_X0Y16       BUFG (Prop_bufg_I_O)         0.026     0.392 r  design_1_wrapper_i/design_1_i/processing_system7_0/inst/buffer_fclk_clk_0.FCLK_CLK_0_BUFG/O
                         net (fo=17939, routed)       0.552     0.944    design_1_wrapper_i/design_1_i/axi_smc/inst/clk_map/psr_aclk/U0/aclk
    SLICE_X37Y85         FDRE                                         r  design_1_wrapper_i/design_1_i/axi_smc/inst/clk_map/psr_aclk/U0/ACTIVE_LOW_BSR_OUT_DFF[0].FDRE_BSR_N/C
  -------------------------------------------------------------------    -------------------
    SLICE_X37Y85         FDRE (Prop_fdre_C_Q)         0.141     1.085 r  design_1_wrapper_i/design_1_i/axi_smc/inst/clk_map/psr_aclk/U0/ACTIVE_LOW_BSR_OUT_DFF[0].FDRE_BSR_N/Q
                         net (fo=9, routed)           0.307     1.391    <hidden>
    SLICE_X37Y83         LUT1 (Prop_lut1_I0_O)        0.044     1.435 f  <hidden>
                         net (fo=3, routed)           0.194     1.629    <hidden>
    SLICE_X37Y83         FDCE                                         f  <hidden>
  -------------------------------------------------------------------    -------------------

                         (clock clk_fpga_0 rise edge)
                                                      0.000     0.000 r  
    PS7_X0Y0             PS7                          0.000     0.000 r  design_1_wrapper_i/design_1_i/processing_system7_0/inst/PS7_i/FCLKCLK[0]
                         net (fo=1, routed)           0.337     0.337    design_1_wrapper_i/design_1_i/processing_system7_0/inst/FCLK_CLK_unbuffered[0]
    BUFGCTRL_X0Y17       BUFG (Prop_bufg_I_O)         0.029     0.366 r  design_1_wrapper_i/design_1_i/processing_system7_0/inst/buffer_fclk_clk_0.FCLK_CLK_0_BUFG_replica/O
                         net (fo=112, routed)         0.033     0.399    design_1_wrapper_i/design_1_i/processing_system7_0/inst/FCLK_CLK0_repN
    BUFGCTRL_X0Y16       BUFG (Prop_bufg_I_O)         0.029     0.428 r  design_1_wrapper_i/design_1_i/processing_system7_0/inst/buffer_fclk_clk_0.FCLK_CLK_0_BUFG/O
                         net (fo=17939, routed)       0.817     1.245    <hidden>
    SLICE_X37Y83         FDCE                                         r  <hidden>





